customer_id,customer_name,signup_date,plan_tier,address,contract_type,payment_method,autopay_enabled,account_age_months,monthly_bill,speed_tier_mbps,data_usage_gb_last_month
CUST_00001,Max Schwarz,2020-09-10,Standard_200Mbps,"Fiefhusen 8, 25712 Hochdonn",monthly,bank_transfer,True,66.6,79.99,200,150.1
CUST_00002,Felix Schwarz,2020-09-12,Premium_1Gbps,"Siedlungsstraße 5, 4808 Lossatal",annual,bank_transfer,False,66.5,119.99,1000,192.4
CUST_00003,Lena Becker,2020-09-14,Standard_200Mbps,"Puschkinstraße 38, 15236 Frankfurt (Oder)",2-year,electronic_check,True,66.5,79.99,200,578.4
CUST_00004,David Zimmermann,2020-09-16,Standard_200Mbps,"Beckrather Straße 56, 41189 Mönchengladbach",annual,bank_transfer,True,66.4,71.991,200,124.7
CUST_00005,Paul Müller,2020-09-18,Basic_50Mbps,"Zeisigweg 9, 4808 Lossatal",2-year,bank_transfer,True,66.3,44.991,50,611.3
CUST_00006,Laura Klein,2020-09-20,Basic_50Mbps,"Damaschkeweg 7, 8371 Stadt Glauchau",annual,electronic_check,False,66.3,49.99,50,27.7
CUST_00007,Leon Schulz,2020-09-22,Basic_50Mbps,"Reimerstraße 6, 14776 Brandenburg an der Havel",annual,mailed_check,False,66.2,49.99,50,449.9
CUST_00008,Tim Wagner,2020-09-24,Premium_1Gbps,"Schalmeienweg 7, 15234 Frankfurt (Oder)",2-year,electronic_check,True,66.1,119.99,1000,564.3
CUST_00009,Leon Fischer,2020-09-26,Standard_200Mbps,"Ragoser Talweg 11, 15234 Frankfurt (Oder)",monthly,credit_card,True,66.1,79.99,200,60.2
CUST_00010,Lukas Richter,2020-09-28,Standard_200Mbps,"Schloßstraße 2, 4808 Lossatal",monthly,mailed_check,True,66.0,71.991,200,168.8
CUST_00011,Sophie Bauer,2020-09-30,Basic_50Mbps,"Schloss-Dyck-Straße 137, 41238 Mönchengladbach",monthly,credit_card,True,65.9,44.991,50,54.3
CUST_00012,Hannah Braun,2020-10-02,Premium_1Gbps,"Am Schacht 154, None Stadt Artern",2-year,credit_card,True,65.9,119.99,1000,367.9
CUST_00013,Paul Schmidt,2020-10-04,Premium_1Gbps,"Kraftwerksiedlung 32, 32469 Petershagen",2-year,electronic_check,True,65.8,119.99,1000,229.9
CUST_00014,David Schwarz,2020-10-06,Basic_50Mbps,"Herderstraße 25, 50181 Bedburg",monthly,credit_card,True,65.7,44.991,50,302.6
CUST_00015,Sophie Richter,2020-10-08,Basic_50Mbps,"Im Brok 11, 59269 Beckum",annual,mailed_check,True,65.7,49.99,50,65.6
CUST_00016,Lukas Schwarz,2020-10-10,Basic_50Mbps,"Am Rathaus 8, 50181 Bedburg",2-year,mailed_check,True,65.6,49.99,50,71.4
CUST_00017,Mia Braun,2020-10-12,Basic_50Mbps,"Teichstraße 38, 32423 Minden",monthly,bank_transfer,False,65.5,49.99,50,12.7
CUST_00018,Hannah Zimmermann,2020-10-14,Standard_200Mbps,"Ulmenring 4, 50129 Bergheim",annual,electronic_check,True,65.5,79.99,200,116.6
CUST_00019,Felix Schneider,2020-10-16,Standard_200Mbps,"Fontanestraße 8, 41189 Mönchengladbach",2-year,credit_card,True,65.4,79.99,200,246.1
CUST_00020,Anna Becker,2020-10-18,Basic_50Mbps,"Ahornweg 2, 59348 Lüdinghausen",monthly,electronic_check,False,65.3,49.99,50,585.4
CUST_00021,Mia Schneider,2020-10-20,Standard_200Mbps,"Schrödt 25, 41238 Mönchengladbach",annual,electronic_check,True,65.3,79.99,200,329.8
CUST_00022,Emma Fischer,2020-10-22,Basic_50Mbps,"Külbe 1, 59581 Warstein",monthly,mailed_check,True,65.2,49.99,50,171.5
CUST_00023,Jonas Schulz,2020-10-24,Basic_50Mbps,"Lahder Straße 135, 32423 Minden",2-year,electronic_check,True,65.1,49.99,50,918.0
CUST_00024,David Bauer,2020-10-26,Standard_200Mbps,"Eggstedter Weg 35, 25712 Hochdonn",2-year,credit_card,True,65.1,79.99,200,381.1
CUST_00025,Laura Bauer,2020-10-28,Standard_200Mbps,"Robert-Koch-Siedlung 25, 8371 Stadt Glauchau",2-year,mailed_check,True,65.0,79.99,200,798.5
CUST_00026,Hannah Wagner,2020-10-30,Standard_200Mbps,"Eickholt 12, 59348 Lüdinghausen",monthly,bank_transfer,True,64.9,79.99,200,225.0
CUST_00027,Paul Schneider,2020-11-01,Basic_50Mbps,"Mittelgasse 11, 8371 Stadt Glauchau",2-year,electronic_check,False,64.9,49.99,50,89.9
CUST_00028,Lisa Meyer,2020-11-03,Standard_200Mbps,"Kaspar-Bracht-Straße 6, 59581 Warstein",2-year,electronic_check,True,64.8,71.991,200,16.3
CUST_00029,Julia Becker,2020-11-05,Standard_200Mbps,"Große Trift 42, 32423 Minden",monthly,bank_transfer,True,64.7,79.99,200,388.5
CUST_00030,Laura Wolf,2020-11-07,Basic_50Mbps,"Fährstraße 20, 32469 Petershagen",2-year,electronic_check,True,64.7,49.99,50,38.8
CUST_00031,Jonas Schulz,2020-11-09,Standard_200Mbps,"Paul-Lincke-Straße 2, 46446 Emmerich am Rhein",monthly,credit_card,True,64.6,79.99,200,108.2
CUST_00032,Julia Becker,2020-11-11,Basic_50Mbps,"Gustav-Freytag-Straße 30, 59269 Beckum",annual,mailed_check,True,64.5,49.99,50,228.1
CUST_00033,Leon Schmidt,2020-11-13,Basic_50Mbps,"Mühlenstr. 37, 59348 Lüdinghausen",monthly,mailed_check,False,64.5,44.991,50,249.3
CUST_00034,Emma Schmidt,2020-11-15,Premium_1Gbps,"Nienburger Straße 20, 32469 Petershagen",monthly,electronic_check,True,64.4,119.99,1000,275.3
CUST_00035,Leon Richter,2020-11-17,Premium_1Gbps,"Harffer Schloßallee 86, 50181 Bedburg",monthly,mailed_check,True,64.3,107.991,1000,54.5
CUST_00036,Paul Schneider,2020-11-19,Premium_1Gbps,"Birkenallee 4, 13158 adressen_berlin.69300",annual,bank_transfer,True,64.3,119.99,1000,143.3
CUST_00037,Felix Zimmermann,2020-11-21,Basic_50Mbps,"Ratsweg 38, 14770 Brandenburg an der Havel",monthly,credit_card,True,64.2,49.99,50,288.1
CUST_00038,Leon Wagner,2020-11-23,Basic_50Mbps,"Kortumweg 4, 48165 Münster",annual,credit_card,False,64.1,49.99,50,1050.2
CUST_00039,Sarah Richter,2020-11-25,Standard_200Mbps,"Estern 25, 48703 Stadtlohn",monthly,bank_transfer,True,64.1,79.99,200,390.2
CUST_00040,David Weber,2020-11-27,Standard_200Mbps,"Reinholdshainer Straße 4, 8371 Stadt Glauchau",monthly,bank_transfer,True,64.0,79.99,200,767.6
CUST_00041,Paul Weber,2020-11-29,Basic_50Mbps,"Mützendorpsteed 46, 22179 Hamburg",annual,electronic_check,True,63.9,49.99,50,430.9
CUST_00042,Emma Schwarz,2020-12-01,Standard_200Mbps,"Sonnenweg 2, 51503 Rösrath",annual,mailed_check,False,63.9,79.99,200,268.7
CUST_00043,Julia Schulz,2020-12-03,Basic_50Mbps,"Nachtigallenweg 9, 21077 Hamburg",monthly,mailed_check,True,63.8,49.99,50,64.0
CUST_00044,Noah Klein,2020-12-05,Premium_1Gbps,"Müssenredder 74, 22399 Hamburg",annual,credit_card,True,63.7,119.99,1000,329.6
CUST_00045,Noah Richter,2020-12-07,Basic_50Mbps,"Schlickburg 50, 25436 Neuendeich",2-year,electronic_check,False,63.7,49.99,50,293.0
CUST_00046,Hannah Becker,2020-12-09,Standard_200Mbps,"Auf dem Kamp 45, 51503 Rösrath",annual,electronic_check,False,63.6,79.99,200,276.7
CUST_00047,Tim Neumann,2020-12-11,Basic_50Mbps,"Silbkestraße 3, 59581 Warstein",monthly,credit_card,True,63.5,49.99,50,201.9
CUST_00048,Sarah Schneider,2020-12-13,Standard_200Mbps,"Albert-Schweitzer-Straße 12, 25421 Pinneberg",monthly,electronic_check,True,63.5,79.99,200,225.7
CUST_00049,Anna Fischer,2020-12-15,Standard_200Mbps,"Bergstraße 3, 4808 Lossatal",2-year,mailed_check,True,63.4,79.99,200,122.1
CUST_00050,Tim Meyer,2020-12-17,Basic_50Mbps,"Estern 72, 48703 Stadtlohn",monthly,credit_card,True,63.3,49.99,50,219.8
CUST_00051,Lena Braun,2020-12-19,Premium_1Gbps,"Ratsweg 51, 14770 Brandenburg an der Havel",2-year,mailed_check,True,63.3,119.99,1000,66.0
CUST_00052,Lukas Richter,2020-12-21,Standard_200Mbps,"Streuffstraße 21, 46446 Emmerich am Rhein",annual,mailed_check,True,63.2,79.99,200,490.7
CUST_00053,Jonas Braun,2020-12-23,Premium_1Gbps,"An der Alten Kirche 119, 48165 Münster",2-year,credit_card,True,63.1,119.99,1000,61.7
CUST_00054,David Neumann,2020-12-25,Premium_1Gbps,"Fährstraße 2, 32469 Petershagen",annual,electronic_check,True,63.1,119.99,1000,26.6
CUST_00055,Paul Schwarz,2020-12-27,Standard_200Mbps,"Schadendorf 44, 25436 Neuendeich",2-year,electronic_check,True,63.0,79.99,200,171.9
CUST_00056,Max Fischer,2020-12-29,Premium_1Gbps,"Koeperstraße 17, 48703 Stadtlohn",monthly,electronic_check,False,62.9,107.991,1000,322.2
CUST_00057,Julia Schulz,2020-12-31,Basic_50Mbps,"Kaspar-Bracht-Straße 13, 59581 Warstein",annual,mailed_check,True,62.9,49.99,50,172.7
CUST_00058,Leon Fischer,2021-01-02,Basic_50Mbps,"Büsdorfer Straße 66, 50129 Bergheim",monthly,mailed_check,True,62.8,44.991,50,97.2
CUST_00059,Mia Klein,2021-01-04,Basic_50Mbps,"Heerstraße 12, None Sondershausen",monthly,electronic_check,True,62.7,49.99,50,245.0
CUST_00060,Laura Wolf,2021-01-06,Basic_50Mbps,"Kolonie 131, None Stadt Artern",annual,mailed_check,False,62.7,49.99,50,127.9
CUST_00061,Max Schulz,2021-01-08,Standard_200Mbps,"Raesfeldstr. 29, 59348 Lüdinghausen",2-year,credit_card,True,62.6,79.99,200,810.3
CUST_00062,Ben Meyer,2021-01-10,Basic_50Mbps,"Hoffmann-von-Fallersleben-Weg 31, 48165 Münster",2-year,mailed_check,True,62.5,49.99,50,767.8
CUST_00063,Ben Fischer,2021-01-12,Premium_1Gbps,"Streuffstraße 73, 46446 Emmerich am Rhein",annual,electronic_check,True,62.5,119.99,1000,209.4
CUST_00064,Mia Neumann,2021-01-14,Standard_200Mbps,"Mützendorpsteed 21, 22179 Hamburg",monthly,mailed_check,True,62.4,79.99,200,119.2
CUST_00065,Lisa Wagner,2021-01-16,Basic_50Mbps,"Vesterkoppel 2, 25779 Hennstedt",monthly,credit_card,True,62.3,49.99,50,400.8
CUST_00066,Tim Bauer,2021-01-18,Standard_200Mbps,"Sonnenweg 3, 51503 Rösrath",annual,electronic_check,True,62.3,71.991,200,11.2
CUST_00067,Laura Schwarz,2021-01-20,Basic_50Mbps,"Heerstraße 2, None Sondershausen",monthly,bank_transfer,True,62.2,44.991,50,193.2
CUST_00068,Ben Müller,2021-01-22,Premium_1Gbps,"Friedrich-Wilhelm-Straße 26, 50181 Bedburg",monthly,bank_transfer,False,62.1,119.99,1000,123.0
CUST_00069,Lisa Koch,2021-01-24,Basic_50Mbps,"Wurzener Landstraße 8, 4808 Lossatal",monthly,credit_card,True,62.1,49.99,50,759.7
CUST_00070,Sarah Müller,2021-01-26,Premium_1Gbps,"Emkum 146, 59348 Lüdinghausen",monthly,bank_transfer,True,62.0,119.99,1000,3.6
CUST_00071,Sophie Bauer,2021-01-28,Standard_200Mbps,"Müssenredder 75, 22399 Hamburg",monthly,electronic_check,False,61.9,79.99,200,241.4
CUST_00072,Mia Becker,2021-01-30,Basic_50Mbps,"Dorfstraße 19, 25364 Osterhorn",monthly,mailed_check,True,61.9,49.99,50,404.9
CUST_00073,Anna Becker,2021-02-01,Basic_50Mbps,"Friedrich-Harkort-Straße 17, 59581 Warstein",monthly,bank_transfer,True,61.8,49.99,50,199.1
CUST_00074,Noah Schneider,2021-02-03,Premium_1Gbps,"Im Stemmen 30, 48165 Münster",monthly,electronic_check,True,61.7,119.99,1000,26.8
CUST_00075,Lukas Schröder,2021-02-05,Standard_200Mbps,"Propst-Böckler-Straße 22, 59581 Warstein",2-year,electronic_check,True,61.7,79.99,200,1077.6
CUST_00076,Lukas Schwarz,2021-02-07,Standard_200Mbps,"Schönburgstraße 4, 8371 Stadt Glauchau",monthly,electronic_check,False,61.6,79.99,200,218.9
CUST_00077,Tim Weber,2021-02-09,Standard_200Mbps,"Rückertstraße 24, 48165 Münster",monthly,bank_transfer,False,61.5,79.99,200,285.7
CUST_00078,Sarah Schwarz,2021-02-11,Basic_50Mbps,"Eichenweg 3, 4808 Lossatal",annual,mailed_check,True,61.5,49.99,50,81.0
CUST_00079,Laura Schulz,2021-02-13,Standard_200Mbps,"Lüptitzer Straße 1, 4808 Lossatal",monthly,electronic_check,True,61.4,79.99,200,198.2
CUST_00080,Ben Braun,2021-02-15,Basic_50Mbps,"Büren 3, 48703 Stadtlohn",2-year,electronic_check,False,61.3,49.99,50,168.2
CUST_00081,Lena Wagner,2021-02-17,Premium_1Gbps,"Rostocker Straße 22, 15234 Frankfurt (Oder)",annual,credit_card,False,61.3,119.99,1000,23.4
CUST_00082,Julia Wagner,2021-02-19,Standard_200Mbps,"Schloßstraße 13, 4808 Lossatal",monthly,credit_card,False,61.2,79.99,200,33.7
CUST_00083,Mia Richter,2021-02-21,Basic_50Mbps,"Jahnstraße 17, 59269 Beckum",monthly,mailed_check,True,61.1,49.99,50,545.1
CUST_00084,Hannah Wolf,2021-02-23,Basic_50Mbps,"Rochowstraße 30, 14776 Brandenburg an der Havel",2-year,electronic_check,True,61.1,49.99,50,82.3
CUST_00085,Ben Wolf,2021-02-25,Basic_50Mbps,"Meeraner Straße 164, 8371 Stadt Glauchau",2-year,mailed_check,False,61.0,49.99,50,65.1
CUST_00086,Sophie Becker,2021-02-27,Basic_50Mbps,"Quenzweg 3, 14772 Brandenburg an der Havel",monthly,mailed_check,True,60.9,44.991,50,210.9
CUST_00087,Emma Schneider,2021-03-01,Standard_200Mbps,"Zur Vogelstange 9, 48165 Münster",annual,credit_card,True,60.9,71.991,200,439.3
CUST_00088,Leon Müller,2021-03-03,Standard_200Mbps,"Fährstraße 16, 32469 Petershagen",monthly,electronic_check,True,60.8,79.99,200,19.2
CUST_00089,Noah Schwarz,2021-03-05,Premium_1Gbps,"Westerweide 1, 25779 Hennstedt",2-year,electronic_check,True,60.7,119.99,1000,258.0
CUST_00090,Emma Zimmermann,2021-03-07,Standard_200Mbps,"Alte Dorfstraße 42, 25712 Hochdonn",monthly,bank_transfer,True,60.7,71.991,200,38.1
CUST_00091,Emma Müller,2021-03-09,Basic_50Mbps,"Beeker Straße 19, 46446 Emmerich am Rhein",2-year,electronic_check,True,60.6,49.99,50,11.1
CUST_00092,Lukas Schmidt,2021-03-11,Standard_200Mbps,"Dammsmühler Straße 7, 13158 adressen_berlin.69455",annual,electronic_check,False,60.5,79.99,200,16.3
CUST_00093,Emma Schneider,2021-03-13,Standard_200Mbps,"Bergstraße 6, 46446 Emmerich am Rhein",annual,bank_transfer,True,60.5,79.99,200,539.0
CUST_00094,Anna Koch,2021-03-15,Standard_200Mbps,"Ahornallee 4, 13158 adressen_berlin.69318",annual,mailed_check,False,60.4,79.99,200,37.7
CUST_00095,Lukas Neumann,2021-03-17,Standard_200Mbps,"Amselstieg 14, 25421 Pinneberg",monthly,bank_transfer,True,60.3,79.99,200,13.9
CUST_00096,Emma Schulz,2021-03-19,Standard_200Mbps,"Marderweg 42, 59348 Lüdinghausen",monthly,electronic_check,True,60.3,79.99,200,172.8
CUST_00097,Sarah Wagner,2021-03-21,Standard_200Mbps,"Holzmarkt 12, 51503 Rösrath",monthly,mailed_check,False,60.2,71.991,200,557.4
CUST_00098,Julia Weber,2021-03-23,Standard_200Mbps,"Hainleitestraße 28, None Sondershausen",monthly,mailed_check,True,60.1,71.991,200,91.3
CUST_00099,Noah Zimmermann,2021-03-25,Basic_50Mbps,"Martinistraße 6, 8371 Stadt Glauchau",annual,electronic_check,True,60.1,49.99,50,164.3
CUST_00100,Sarah Becker,2021-03-27,Basic_50Mbps,"Am Brunnen 11, 51503 Rösrath",monthly,bank_transfer,True,60.0,44.991,50,12.2
CUST_00101,Sarah Klein,2021-03-29,Basic_50Mbps,"Estern 64, 48703 Stadtlohn",monthly,electronic_check,True,59.9,49.99,50,178.8
CUST_00102,Felix Fischer,2021-03-31,Standard_200Mbps,"Schubertstraße 18, 15234 Frankfurt (Oder)",2-year,mailed_check,False,59.9,79.99,200,258.6
CUST_00103,Sophie Klein,2021-04-02,Basic_50Mbps,"Ringstraße 38, 59581 Warstein",2-year,credit_card,False,59.8,49.99,50,253.8
CUST_00104,Hannah Klein,2021-04-04,Standard_200Mbps,"Müssenredder 31, 22399 Hamburg",2-year,electronic_check,True,59.7,71.991,200,121.2
CUST_00105,Lena Wolf,2021-04-06,Premium_1Gbps,"Hinterstraße 11, None Sondershausen",2-year,electronic_check,True,59.7,119.99,1000,113.7
CUST_00106,Anna Fischer,2021-04-08,Basic_50Mbps,"In der Reihe 2, 51503 Rösrath",monthly,bank_transfer,True,59.6,49.99,50,33.8
CUST_00107,Anna Richter,2021-04-10,Standard_200Mbps,"Wilhelmstraße 17, 46446 Emmerich am Rhein",monthly,electronic_check,False,59.5,79.99,200,137.1
CUST_00108,Leon Fischer,2021-04-12,Standard_200Mbps,"Johanneslust 9, 50181 Bedburg",annual,electronic_check,True,59.5,71.991,200,31.4
CUST_00109,Emma Wagner,2021-04-14,Basic_50Mbps,"Nagelsweg 24, 20097 Hamburg",annual,bank_transfer,True,59.4,49.99,50,436.5
CUST_00110,Felix Schwarz,2021-04-16,Basic_50Mbps,"Lorenz-Görtz-Straße 144, 41238 Mönchengladbach",monthly,electronic_check,True,59.3,49.99,50,1016.8
CUST_00111,David Weber,2021-04-18,Basic_50Mbps,"Ulmenstraße 5, 8371 Stadt Glauchau",2-year,credit_card,True,59.3,49.99,50,1052.7
CUST_00112,Lena Meyer,2021-04-20,Basic_50Mbps,"Pestalozzistraße 44, 8371 Stadt Glauchau",monthly,bank_transfer,True,59.2,49.99,50,600.9
CUST_00113,Paul Wolf,2021-04-22,Premium_1Gbps,"Rosa-Luxemburg-Allee 34, 14772 Brandenburg an der Havel",monthly,credit_card,False,59.1,107.991,1000,275.5
CUST_00114,Emma Schneider,2021-04-24,Premium_1Gbps,"Heerstraße 28, None Sondershausen",annual,electronic_check,True,59.1,107.991,1000,362.1
CUST_00115,David Schwarz,2021-04-26,Standard_200Mbps,"von-Bodelschwingh-Straße 48, 46446 Emmerich am Rhein",annual,electronic_check,True,59.0,79.99,200,100.7
CUST_00116,Sophie Schmidt,2021-04-28,Premium_1Gbps,"Bahnhofstr. 6, 59348 Lüdinghausen",annual,credit_card,False,58.9,119.99,1000,298.9
CUST_00117,Julia Müller,2021-04-30,Premium_1Gbps,"Gerhard-vom-Brugh-Straße 5, 50181 Bedburg",monthly,mailed_check,False,58.9,119.99,1000,182.4
CUST_00118,Lukas Becker,2021-05-02,Basic_50Mbps,"Waldenburger Straße 37, 8371 Stadt Glauchau",2-year,mailed_check,True,58.8,49.99,50,197.3
CUST_00119,Laura Klein,2021-05-04,Premium_1Gbps,"Geranienweg 24, 4808 Lossatal",monthly,credit_card,True,58.7,107.991,1000,425.4
CUST_00120,Sarah Schröder,2021-05-06,Standard_200Mbps,"Konstantinplatz 12, 41238 Mönchengladbach",monthly,electronic_check,True,58.7,79.99,200,99.4
CUST_00121,Felix Richter,2021-05-08,Premium_1Gbps,"Karl-Marx-Straße 38, 4808 Lossatal",2-year,electronic_check,True,58.6,119.99,1000,114.8
CUST_00122,Anna Meyer,2021-05-10,Premium_1Gbps,"Streuffstraße 12, 46446 Emmerich am Rhein",2-year,mailed_check,True,58.5,119.99,1000,775.7
CUST_00123,Jonas Müller,2021-05-12,Basic_50Mbps,"Prignitzstraße 31, 14770 Brandenburg an der Havel",2-year,electronic_check,True,58.5,49.99,50,17.4
CUST_00124,Jonas Schulz,2021-05-14,Basic_50Mbps,"Brandenburger Straße 78, 50129 Bergheim",2-year,mailed_check,True,58.4,49.99,50,199.4
CUST_00125,David Hoffmann,2021-05-16,Basic_50Mbps,"Überhöfer Feld 34, 51503 Rösrath",annual,electronic_check,False,58.3,49.99,50,731.9
CUST_00126,Lena Schwarz,2021-05-18,Standard_200Mbps,"Beckerhaan 44, 59581 Warstein",annual,electronic_check,True,58.3,79.99,200,282.8
CUST_00127,Sarah Weber,2021-05-20,Premium_1Gbps,"Jechaer Weg 15, None Sondershausen",monthly,mailed_check,True,58.2,119.99,1000,237.2
CUST_00128,Felix Hoffmann,2021-05-22,Premium_1Gbps,"Falkenhainer Straße 10, 4808 Lossatal",monthly,credit_card,True,58.1,119.99,1000,86.2
CUST_00129,Felix Schmidt,2021-05-24,Basic_50Mbps,"Kastanienallee 26, 13158 adressen_berlin.69220",monthly,electronic_check,False,58.1,49.99,50,126.1
CUST_00130,Noah Schwarz,2021-05-26,Standard_200Mbps,"Goethestraße 46, None Sondershausen",monthly,mailed_check,False,58.0,71.991,200,573.3
CUST_00131,Anna Koch,2021-05-28,Standard_200Mbps,"Bensberger Straße 286, 51503 Rösrath",annual,credit_card,False,57.9,79.99,200,245.8
CUST_00132,Anna Schmidt,2021-05-30,Basic_50Mbps,"Nienburger Straße 13, 32469 Petershagen",monthly,credit_card,False,57.9,49.99,50,216.9
CUST_00133,Noah Schröder,2021-06-01,Basic_50Mbps,"Sellerweg 79, 59581 Warstein",monthly,mailed_check,False,57.8,49.99,50,31.5
CUST_00134,Ben Neumann,2021-06-03,Basic_50Mbps,"Sonnenstraße 37, 8371 Stadt Glauchau",monthly,mailed_check,True,57.7,49.99,50,4.8
CUST_00135,Laura Schmidt,2021-06-05,Premium_1Gbps,"Dammsmühler Straße 45, 13158 adressen_berlin.69428",annual,electronic_check,True,57.7,119.99,1000,994.7
CUST_00136,Ben Schneider,2021-06-07,Basic_50Mbps,"Bensberger Straße 308, 51503 Rösrath",monthly,electronic_check,True,57.6,44.991,50,142.0
CUST_00137,Laura Schneider,2021-06-09,Standard_200Mbps,"Saarweg 10, 8371 Stadt Glauchau",2-year,credit_card,False,57.5,79.99,200,277.3
CUST_00138,Lisa Schneider,2021-06-11,Standard_200Mbps,"Lindenweg 8, 4808 Lossatal",monthly,electronic_check,False,57.5,79.99,200,24.9
CUST_00139,Emma Richter,2021-06-13,Standard_200Mbps,"Gescher Dyk 114, 48703 Stadtlohn",monthly,credit_card,True,57.4,79.99,200,344.8
CUST_00140,Sophie Zimmermann,2021-06-15,Premium_1Gbps,"Heerstraße 26, None Sondershausen",annual,electronic_check,True,57.3,119.99,1000,809.0
CUST_00141,Emma Zimmermann,2021-06-17,Premium_1Gbps,"Lehmbacher Weg 3, 51503 Rösrath",2-year,electronic_check,True,57.3,119.99,1000,257.2
CUST_00142,Lisa Schmidt,2021-06-19,Basic_50Mbps,"Südstraße 27, 32469 Petershagen",monthly,mailed_check,False,57.2,44.991,50,40.4
CUST_00143,Lisa Schneider,2021-06-21,Standard_200Mbps,"Westerweide 21, 25779 Hennstedt",annual,electronic_check,True,57.1,71.991,200,261.5
CUST_00144,Lena Zimmermann,2021-06-23,Basic_50Mbps,"Estern 1, 48703 Stadtlohn",annual,bank_transfer,True,57.1,49.99,50,436.2
CUST_00145,Noah Neumann,2021-06-25,Basic_50Mbps,"Günhoverweg 10, 41189 Mönchengladbach",monthly,mailed_check,True,57.0,49.99,50,156.5
CUST_00146,Leon Schulz,2021-06-27,Basic_50Mbps,"Friedensstraße 85, None Stadt Artern",2-year,electronic_check,True,56.9,49.99,50,635.7
CUST_00147,Felix Koch,2021-06-29,Standard_200Mbps,"Nagelshof 15, 22559 Hamburg",annual,mailed_check,False,56.9,71.991,200,313.8
CUST_00148,Emma Schulz,2021-07-01,Standard_200Mbps,"Robinienweg 23, 14776 Brandenburg an der Havel",annual,bank_transfer,True,56.8,79.99,200,688.5
CUST_00149,Jonas Weber,2021-07-03,Basic_50Mbps,"Tulpenweg 3, 48703 Stadtlohn",2-year,mailed_check,False,56.7,49.99,50,293.1
CUST_00150,Mia Wolf,2021-07-05,Basic_50Mbps,"Seelower Kehre 6, 15234 Frankfurt (Oder)",2-year,electronic_check,True,56.7,49.99,50,42.2
CUST_00151,Leon Schneider,2021-07-07,Premium_1Gbps,"Straße der Einheit 38, None Stadt Artern",annual,bank_transfer,True,56.6,107.991,1000,111.2
CUST_00152,Max Wolf,2021-07-09,Basic_50Mbps,"Büren 17, 48703 Stadtlohn",2-year,credit_card,True,56.5,44.991,50,67.6
CUST_00153,Lisa Zimmermann,2021-07-11,Basic_50Mbps,"Wartiner Straße 82, 13057 adressen_berlin.6919",annual,electronic_check,False,56.5,49.99,50,718.5
CUST_00154,Sophie Schneider,2021-07-13,Standard_200Mbps,"Westfalenstraße 194, 48165 Münster",annual,electronic_check,True,56.4,79.99,200,428.6
CUST_00155,Julia Wagner,2021-07-15,Premium_1Gbps,"Külbe 20, 59581 Warstein",annual,credit_card,True,56.3,119.99,1000,338.5
CUST_00156,Ben Schulz,2021-07-17,Basic_50Mbps,"Kastanienallee 10, 13158 adressen_berlin.69192",annual,bank_transfer,True,56.3,44.991,50,107.4
CUST_00157,Tim Bauer,2021-07-19,Standard_200Mbps,"Münsterstr. 54, 59348 Lüdinghausen",monthly,credit_card,False,56.2,79.99,200,61.0
CUST_00158,Lukas Becker,2021-07-21,Standard_200Mbps,"Ritterstraße 69, 14770 Brandenburg an der Havel",2-year,bank_transfer,True,56.1,79.99,200,423.7
CUST_00159,Hannah Hoffmann,2021-07-23,Basic_50Mbps,"Dietrich-Bonhoeffer-Ring 33, 59348 Lüdinghausen",2-year,mailed_check,False,56.1,49.99,50,192.8
CUST_00160,Laura Wolf,2021-07-25,Standard_200Mbps,"Am Schacht 151, None Stadt Artern",monthly,electronic_check,True,56.0,79.99,200,76.8
CUST_00161,Julia Hoffmann,2021-07-27,Standard_200Mbps,"Propst-Böckler-Straße 6, 59581 Warstein",2-year,electronic_check,True,55.9,79.99,200,287.6
CUST_00162,Lisa Neumann,2021-07-29,Standard_200Mbps,"Schillerstraße 29, 15234 Frankfurt (Oder)",monthly,mailed_check,True,55.9,71.991,200,12.4
CUST_00163,Max Schwarz,2021-07-31,Standard_200Mbps,"Ratsweg 11, 14770 Brandenburg an der Havel",monthly,bank_transfer,True,55.8,79.99,200,118.4
CUST_00164,Mia Fischer,2021-08-02,Standard_200Mbps,"Zu den Lossawiesen 10, 4808 Lossatal",annual,electronic_check,True,55.7,79.99,200,189.6
CUST_00165,Tim Schulz,2021-08-04,Basic_50Mbps,"Bodelschwinghweg 11, 59348 Lüdinghausen",monthly,mailed_check,True,55.7,49.99,50,48.0
CUST_00166,Sophie Fischer,2021-08-06,Premium_1Gbps,"Bürgerm.-Horst-Straße 3, 48703 Stadtlohn",2-year,electronic_check,True,55.6,119.99,1000,1253.1
CUST_00167,Julia Weber,2021-08-08,Basic_50Mbps,"Berenbrock 17, 59348 Lüdinghausen",2-year,mailed_check,False,55.5,49.99,50,70.4
CUST_00168,Paul Hoffmann,2021-08-10,Basic_50Mbps,"Overbergstraße 72, 48703 Stadtlohn",annual,credit_card,True,55.5,44.991,50,41.9
CUST_00169,Lisa Wagner,2021-08-12,Basic_50Mbps,"Altstadt 1, 59581 Warstein",monthly,electronic_check,False,55.4,49.99,50,68.3
CUST_00170,Leon Wagner,2021-08-14,Standard_200Mbps,"Bahnhofstraße 15, 32469 Petershagen",monthly,bank_transfer,True,55.3,71.991,200,439.7
CUST_00171,Paul Neumann,2021-08-16,Standard_200Mbps,"Siedlerstraße 20, 25779 Hennstedt",annual,electronic_check,True,55.3,71.991,200,166.3
CUST_00172,Sarah Schulz,2021-08-18,Basic_50Mbps,"Oststraße 12, 32469 Petershagen",2-year,credit_card,True,55.2,49.99,50,250.0
CUST_00173,Anna Schneider,2021-08-20,Standard_200Mbps,"Büren 22, 48703 Stadtlohn",annual,credit_card,True,55.1,79.99,200,6.4
CUST_00174,Lena Schulz,2021-08-22,Basic_50Mbps,"Eichendorffring 42, 59348 Lüdinghausen",monthly,electronic_check,True,55.1,49.99,50,10.5
CUST_00175,Anna Müller,2021-08-24,Standard_200Mbps,"Hoffnungsthaler Straße 20, 51503 Rösrath",annual,bank_transfer,True,55.0,79.99,200,177.1
CUST_00176,Leon Weber,2021-08-26,Basic_50Mbps,"Gustav-Moll-Straße 27, 59269 Beckum",annual,electronic_check,True,54.9,49.99,50,508.9
CUST_00177,Paul Meyer,2021-08-28,Standard_200Mbps,"Friedensstraße 104, None Stadt Artern",annual,bank_transfer,True,54.9,79.99,200,649.5
CUST_00178,David Schwarz,2021-08-30,Standard_200Mbps,"Siedlungsstraße 7, 4808 Lossatal",monthly,mailed_check,False,54.8,79.99,200,27.2
CUST_00179,Lena Schwarz,2021-09-01,Premium_1Gbps,"Pitzer Feld 7, 51503 Rösrath",annual,electronic_check,False,54.7,119.99,1000,231.9
CUST_00180,Max Fischer,2021-09-03,Basic_50Mbps,"Quenzweg 19, 14772 Brandenburg an der Havel",annual,mailed_check,True,54.7,49.99,50,733.3
CUST_00181,Lukas Weber,2021-09-05,Basic_50Mbps,"Sandanger 19, 8371 Stadt Glauchau",2-year,bank_transfer,True,54.6,49.99,50,147.3
CUST_00182,Julia Schmidt,2021-09-07,Basic_50Mbps,"Quenzweg 14, 14772 Brandenburg an der Havel",monthly,bank_transfer,True,54.5,49.99,50,530.8
CUST_00183,Hannah Zimmermann,2021-09-09,Premium_1Gbps,"Hölderlinweg 10, 48165 Münster",annual,credit_card,True,54.5,119.99,1000,43.1
CUST_00184,Julia Weber,2021-09-11,Premium_1Gbps,"Akazienweg 5, 25421 Pinneberg",2-year,bank_transfer,True,54.4,119.99,1000,821.8
CUST_00185,Lena Weber,2021-09-13,Basic_50Mbps,"Lilienweg 29, 41189 Mönchengladbach",monthly,electronic_check,True,54.3,44.991,50,417.6
CUST_00186,Anna Hoffmann,2021-09-15,Standard_200Mbps,"Kaiser-Wilhelm-Straße 81, 59269 Beckum",2-year,electronic_check,True,54.3,79.99,200,850.8
CUST_00187,Hannah Schmidt,2021-09-17,Premium_1Gbps,"Im Winkel 13, 51503 Rösrath",annual,electronic_check,True,54.2,107.991,1000,338.7
CUST_00188,Hannah Wagner,2021-09-19,Standard_200Mbps,"Wittchental 11, None Sondershausen",monthly,electronic_check,True,54.1,79.99,200,135.5
CUST_00189,Emma Fischer,2021-09-21,Standard_200Mbps,"Hintergartenweg 11, 4808 Lossatal",monthly,electronic_check,False,54.1,79.99,200,835.1
CUST_00190,Hannah Schwarz,2021-09-23,Basic_50Mbps,"Westerweide 9, 25779 Hennstedt",annual,electronic_check,False,54.0,49.99,50,96.7
CUST_00191,Lena Braun,2021-09-25,Basic_50Mbps,"Im Dornenhau 45, 50129 Bergheim",monthly,bank_transfer,True,53.9,49.99,50,121.1
CUST_00192,Tim Becker,2021-09-27,Premium_1Gbps,"Kirchstraße 16, 13158 adressen_berlin.69466",annual,electronic_check,False,53.9,119.99,1000,362.0
CUST_00193,Laura Meyer,2021-09-29,Premium_1Gbps,"Ahornstraße 29, 25421 Pinneberg",monthly,electronic_check,False,53.8,119.99,1000,434.9
CUST_00194,Lena Müller,2021-10-01,Standard_200Mbps,"Hermann-Löns-Straße 12, 50181 Bedburg",annual,mailed_check,True,53.7,79.99,200,795.2
CUST_00195,Laura Koch,2021-10-03,Basic_50Mbps,"Vesterkoppel 4, 25779 Hennstedt",monthly,credit_card,True,53.7,49.99,50,68.7
CUST_00196,Lena Becker,2021-10-05,Basic_50Mbps,"Dorfstraße 24, 25364 Osterhorn",2-year,mailed_check,True,53.6,44.991,50,479.8
CUST_00197,Paul Meyer,2021-10-07,Standard_200Mbps,"Rosenweg 25, 14772 Brandenburg an der Havel",2-year,mailed_check,False,53.5,71.991,200,402.4
CUST_00198,Sophie Richter,2021-10-09,Premium_1Gbps,"Langestraße 30, 48165 Münster",2-year,electronic_check,False,53.5,119.99,1000,19.8
CUST_00199,Anna Schröder,2021-10-11,Premium_1Gbps,"Hintergartenweg 22, 4808 Lossatal",annual,mailed_check,True,53.4,119.99,1000,146.9
CUST_00200,Emma Wagner,2021-10-13,Standard_200Mbps,"Hocksteiner Weg 33, 41189 Mönchengladbach",monthly,bank_transfer,True,53.3,79.99,200,99.7
CUST_00201,David Bauer,2021-10-15,Standard_200Mbps,"Kaiser-Wilhelm-Straße 100, 59269 Beckum",annual,electronic_check,True,53.3,79.99,200,108.9
CUST_00202,Mia Becker,2021-10-17,Basic_50Mbps,"Siedlungsstraße 11, 4808 Lossatal",monthly,credit_card,True,53.2,44.991,50,1221.4
CUST_00203,Emma Müller,2021-10-19,Basic_50Mbps,"Rostocker Straße 27, 15234 Frankfurt (Oder)",monthly,mailed_check,True,53.1,44.991,50,308.8
CUST_00204,Felix Richter,2021-10-21,Premium_1Gbps,"Ratsweg 18, 14770 Brandenburg an der Havel",monthly,credit_card,False,53.1,119.99,1000,379.4
CUST_00205,Leon Schulz,2021-10-23,Standard_200Mbps,"Ahren 80, 41238 Mönchengladbach",monthly,electronic_check,True,53.0,71.991,200,1126.7
CUST_00206,Lukas Schulz,2021-10-25,Basic_50Mbps,"Heydaer Siedlung 10, 4808 Lossatal",annual,electronic_check,False,52.9,49.99,50,142.1
CUST_00207,Hannah Neumann,2021-10-27,Basic_50Mbps,"Westerweide 13, 25779 Hennstedt",annual,bank_transfer,False,52.9,49.99,50,485.6
CUST_00208,Jonas Schwarz,2021-10-29,Standard_200Mbps,"Kloster 23, 25364 Osterhorn",monthly,electronic_check,False,52.8,79.99,200,171.0
CUST_00209,Leon Müller,2021-10-31,Basic_50Mbps,"Altstadt 17, 59581 Warstein",monthly,bank_transfer,True,52.7,44.991,50,611.0
CUST_00210,Sophie Schulz,2021-11-02,Basic_50Mbps,"Friedensstraße 103, None Stadt Artern",2-year,electronic_check,True,52.7,44.991,50,59.8
CUST_00211,Laura Zimmermann,2021-11-04,Standard_200Mbps,"Amselstieg 20, 25421 Pinneberg",monthly,electronic_check,True,52.6,71.991,200,885.1
CUST_00212,Paul Schmidt,2021-11-06,Standard_200Mbps,"Götzstraße 13, 59269 Beckum",monthly,electronic_check,True,52.5,79.99,200,74.1
CUST_00213,Sophie Braun,2021-11-08,Standard_200Mbps,"Am Hafen 82, 25421 Pinneberg",monthly,credit_card,True,52.5,79.99,200,118.5
CUST_00214,Lena Bauer,2021-11-10,Basic_50Mbps,"Sonnenweg 4, 51503 Rösrath",annual,electronic_check,True,52.4,49.99,50,423.4
CUST_00215,Leon Klein,2021-11-12,Standard_200Mbps,"Im Weidenthal 15, 51503 Rösrath",annual,electronic_check,True,52.3,79.99,200,150.1
CUST_00216,Lisa Neumann,2021-11-14,Basic_50Mbps,"Straße 113 4, 13158 adressen_berlin.69443",monthly,bank_transfer,True,52.3,49.99,50,281.1
CUST_00217,Sophie Richter,2021-11-16,Basic_50Mbps,"Schubertstraße 54, 15234 Frankfurt (Oder)",monthly,electronic_check,True,52.2,44.991,50,176.4
CUST_00218,Noah Wagner,2021-11-18,Standard_200Mbps,"Lipprandiser Straße 17, 8371 Stadt Glauchau",annual,bank_transfer,True,52.1,79.99,200,406.9
CUST_00219,Paul Schmidt,2021-11-20,Standard_200Mbps,"Goethestraße 18, None Sondershausen",annual,electronic_check,False,52.1,79.99,200,77.8
CUST_00220,Lena Müller,2021-11-22,Premium_1Gbps,"Rathmering 22, 48703 Stadtlohn",monthly,credit_card,False,52.0,119.99,1000,18.1
CUST_00221,Ben Schwarz,2021-11-24,Standard_200Mbps,"Steifensandstraße 72, 50181 Bedburg",2-year,electronic_check,True,51.9,79.99,200,107.0
CUST_00222,Felix Bauer,2021-11-26,Standard_200Mbps,"Zschepaer Hauptstraße 37, 4808 Lossatal",monthly,mailed_check,True,51.9,79.99,200,192.9
CUST_00223,Lena Schneider,2021-11-28,Basic_50Mbps,"Ermen 63, 59348 Lüdinghausen",monthly,credit_card,True,51.8,49.99,50,55.2
CUST_00224,Leon Braun,2021-11-30,Standard_200Mbps,"Am Bahndamm 9, 25712 Hochdonn",2-year,bank_transfer,True,51.7,79.99,200,131.5
CUST_00225,Leon Fischer,2021-12-02,Basic_50Mbps,"Apenrader Straße 3, 25421 Pinneberg",monthly,credit_card,True,51.7,49.99,50,153.2
CUST_00226,Mia Neumann,2021-12-04,Basic_50Mbps,"Böttcherstraße 3, 59581 Warstein",annual,mailed_check,False,51.6,49.99,50,17.7
CUST_00227,Mia Klein,2021-12-06,Premium_1Gbps,"Marie-Curie-Str. 20, 59348 Lüdinghausen",monthly,bank_transfer,True,51.5,119.99,1000,262.6
CUST_00228,Leon Richter,2021-12-08,Standard_200Mbps,"Kapellenweg 3, 50129 Bergheim",monthly,mailed_check,True,51.5,79.99,200,647.1
CUST_00229,Mia Schwarz,2021-12-10,Premium_1Gbps,"Dorfstraße 1, 25364 Osterhorn",2-year,bank_transfer,True,51.4,119.99,1000,49.4
CUST_00230,Tim Wagner,2021-12-12,Standard_200Mbps,"Siedlerstraße 8, 25779 Hennstedt",monthly,bank_transfer,True,51.3,71.991,200,273.2
CUST_00231,Lena Richter,2021-12-14,Standard_200Mbps,"Zschepaer Hauptstraße 16, 4808 Lossatal",2-year,electronic_check,True,51.3,79.99,200,327.9
CUST_00232,Laura Braun,2021-12-16,Standard_200Mbps,"Sonnenweg 20, 51503 Rösrath",monthly,credit_card,True,51.2,79.99,200,163.1
CUST_00233,Noah Hoffmann,2021-12-18,Standard_200Mbps,"Tellingstedter Straße 7, 25779 Hennstedt",monthly,electronic_check,True,51.1,79.99,200,362.3
CUST_00234,Jonas Schwarz,2021-12-20,Standard_200Mbps,"Puschkinstraße 28, 15236 Frankfurt (Oder)",monthly,electronic_check,True,51.1,79.99,200,158.7
CUST_00235,Max Hoffmann,2021-12-22,Basic_50Mbps,"Gescher Dyk 23, 48703 Stadtlohn",annual,electronic_check,True,51.0,44.991,50,210.7
CUST_00236,Mia Wagner,2021-12-24,Standard_200Mbps,"Schildauer Straße 18, 4808 Lossatal",monthly,mailed_check,True,50.9,79.99,200,2.2
CUST_00237,Lena Zimmermann,2021-12-26,Basic_50Mbps,"Schlickburg 58, 25436 Neuendeich",2-year,electronic_check,True,50.9,44.991,50,353.0
CUST_00238,Lisa Koch,2021-12-28,Basic_50Mbps,"Prendener Straße 24, 13059 adressen_berlin.6941",monthly,credit_card,False,50.8,49.99,50,324.8
CUST_00239,David Wolf,2021-12-30,Standard_200Mbps,"Dorfblick 30, 4808 Lossatal",2-year,credit_card,True,50.7,79.99,200,11.7
CUST_00240,David Wagner,2022-01-01,Basic_50Mbps,"Vor der Reihe 10, 32469 Petershagen",monthly,bank_transfer,True,50.7,49.99,50,137.8
CUST_00241,Ben Schröder,2022-01-03,Premium_1Gbps,"Goethestraße 10, None Sondershausen",2-year,electronic_check,True,50.6,119.99,1000,1159.4
CUST_00242,Laura Schneider,2022-01-05,Premium_1Gbps,"Geranienweg 19, 4808 Lossatal",annual,credit_card,True,50.5,119.99,1000,163.8
CUST_00243,Mia Neumann,2022-01-07,Premium_1Gbps,"Butterstraße 25, 50181 Bedburg",annual,mailed_check,True,50.5,119.99,1000,209.1
CUST_00244,Lisa Koch,2022-01-09,Standard_200Mbps,"von-Bodelschwingh-Straße 56, 46446 Emmerich am Rhein",2-year,electronic_check,True,50.4,79.99,200,722.2
CUST_00245,Lukas Becker,2022-01-11,Basic_50Mbps,"Dorfstraße 60, 25364 Osterhorn",annual,electronic_check,False,50.3,49.99,50,379.0
CUST_00246,Mia Becker,2022-01-13,Premium_1Gbps,"Nordendstraße 21, 13156 adressen_berlin.69481",annual,mailed_check,True,50.3,119.99,1000,261.7
CUST_00247,Felix Weber,2022-01-15,Standard_200Mbps,"Am Stadtforst 34, 25421 Pinneberg",monthly,credit_card,True,50.2,79.99,200,479.6
CUST_00248,Max Schmidt,2022-01-17,Premium_1Gbps,"Olfener Str. 29, 59348 Lüdinghausen",monthly,electronic_check,True,50.1,107.991,1000,599.3
CUST_00249,Emma Schröder,2022-01-19,Premium_1Gbps,"Rosa-Luxemburg-Allee 1, 14772 Brandenburg an der Havel",2-year,mailed_check,False,50.1,119.99,1000,183.1
CUST_00250,Lisa Schneider,2022-01-21,Premium_1Gbps,"Friedensstraße 64, None Stadt Artern",annual,credit_card,True,50.0,119.99,1000,193.4
CUST_00251,David Klein,2022-01-23,Basic_50Mbps,"Fliednerstraße 1, 48703 Stadtlohn",annual,credit_card,True,49.9,49.99,50,146.4
CUST_00252,Noah Wagner,2022-01-25,Standard_200Mbps,"Wiesengrund 13, 25779 Hennstedt",monthly,electronic_check,True,49.9,71.991,200,1020.7
CUST_00253,Jonas Schröder,2022-01-27,Premium_1Gbps,"Amselstieg 48, 25421 Pinneberg",monthly,electronic_check,True,49.8,119.99,1000,358.4
CUST_00254,Jonas Becker,2022-01-29,Basic_50Mbps,"Nabweg 4, 22393 Hamburg",monthly,electronic_check,True,49.7,49.99,50,26.1
CUST_00255,Tim Müller,2022-01-31,Basic_50Mbps,"Schmidtstraße 1, 46446 Emmerich am Rhein",annual,electronic_check,True,49.7,44.991,50,596.2
CUST_00256,Sophie Klein,2022-02-02,Standard_200Mbps,"Eschenallee 6, 13158 adressen_berlin.69256",monthly,mailed_check,True,49.6,79.99,200,196.5
CUST_00257,Emma Meyer,2022-02-04,Premium_1Gbps,"Prager Straße 8, 15234 Frankfurt (Oder)",monthly,mailed_check,True,49.5,119.99,1000,21.4
CUST_00258,Ben Wolf,2022-02-06,Standard_200Mbps,"Prötzelweg 5, 14776 Brandenburg an der Havel",monthly,mailed_check,True,49.5,79.99,200,239.4
CUST_00259,Anna Schwarz,2022-02-08,Standard_200Mbps,"Liedberger Straße 16, 41238 Mönchengladbach",monthly,bank_transfer,True,49.4,79.99,200,162.0
CUST_00260,Emma Fischer,2022-02-10,Basic_50Mbps,"Friedrich-Wilhelm-Straße 13, 50181 Bedburg",annual,mailed_check,False,49.3,49.99,50,630.5
CUST_00261,David Weber,2022-02-12,Standard_200Mbps,"An de Siepe 6, 48703 Stadtlohn",monthly,electronic_check,True,49.3,71.991,200,68.4
CUST_00262,David Neumann,2022-02-14,Premium_1Gbps,"Max-Eyth-Straße 3, 59581 Warstein",annual,mailed_check,True,49.2,119.99,1000,525.4
CUST_00263,Julia Braun,2022-02-16,Basic_50Mbps,"Wiesengrund 32, 25779 Hennstedt",monthly,electronic_check,True,49.1,49.99,50,244.7
CUST_00264,Leon Wolf,2022-02-18,Standard_200Mbps,"Elvert 45, 59348 Lüdinghausen",monthly,mailed_check,True,49.1,79.99,200,16.8
CUST_00265,Lisa Neumann,2022-02-20,Premium_1Gbps,"Kraftwerksiedlung 24, 32469 Petershagen",monthly,mailed_check,False,49.0,119.99,1000,1071.0
CUST_00266,Lena Schwarz,2022-02-22,Standard_200Mbps,"Westfalenstraße 200, 48165 Münster",monthly,mailed_check,True,48.9,79.99,200,215.6
CUST_00267,David Meyer,2022-02-24,Standard_200Mbps,"Riebestraße 34, 15234 Frankfurt (Oder)",monthly,mailed_check,True,48.9,79.99,200,103.1
CUST_00268,Sarah Wolf,2022-02-26,Standard_200Mbps,"Am Rathaus 8, 25421 Pinneberg",monthly,electronic_check,True,48.8,71.991,200,190.1
CUST_00269,Paul Becker,2022-02-28,Standard_200Mbps,"Nagelshof 13, 22559 Hamburg",annual,bank_transfer,True,48.7,79.99,200,585.3
CUST_00270,Paul Neumann,2022-03-02,Basic_50Mbps,"Almsick 37, 48703 Stadtlohn",monthly,mailed_check,True,48.7,49.99,50,109.1
CUST_00271,Sarah Becker,2022-03-04,Premium_1Gbps,"Kastanienallee 27, 13158 adressen_berlin.69221",annual,credit_card,True,48.6,119.99,1000,64.2
CUST_00272,Paul Wolf,2022-03-06,Premium_1Gbps,"Weiler Hohenholz 3, 50181 Bedburg",2-year,bank_transfer,True,48.5,119.99,1000,41.5
CUST_00273,Lukas Hoffmann,2022-03-08,Premium_1Gbps,"Bürgerm.-Horst-Straße 16, 48703 Stadtlohn",annual,mailed_check,False,48.5,107.991,1000,106.1
CUST_00274,Emma Schulz,2022-03-10,Premium_1Gbps,"Am Hünengrab 10, 25421 Pinneberg",monthly,electronic_check,True,48.4,119.99,1000,454.3
CUST_00275,Leon Koch,2022-03-12,Standard_200Mbps,"Pietrapaola-Platz 9, 59581 Warstein",monthly,electronic_check,False,48.3,79.99,200,191.4
CUST_00276,Julia Schneider,2022-03-14,Standard_200Mbps,"Wagenfeldstraße 2, 46414 Rhede",monthly,mailed_check,False,48.3,79.99,200,77.4
CUST_00277,Tim Weber,2022-03-16,Standard_200Mbps,"Ludwig-Uhland-Str. 10, 59348 Lüdinghausen",monthly,electronic_check,False,48.2,79.99,200,54.5
CUST_00278,Emma Richter,2022-03-18,Standard_200Mbps,"Rosa-Luxemburg-Allee 16, 14772 Brandenburg an der Havel",2-year,mailed_check,True,48.1,79.99,200,121.4
CUST_00279,Tim Wagner,2022-03-20,Standard_200Mbps,"Fliederstr. 28, 59348 Lüdinghausen",monthly,mailed_check,True,48.1,71.991,200,843.6
CUST_00280,Lukas Klein,2022-03-22,Standard_200Mbps,"Löösenweg 6, 32469 Petershagen",monthly,credit_card,False,48.0,79.99,200,126.0
CUST_00281,Lena Koch,2022-03-24,Premium_1Gbps,"Sonnenblumenring 30, 25779 Hennstedt",annual,bank_transfer,True,47.9,107.991,1000,1330.0
CUST_00282,Julia Wolf,2022-03-26,Basic_50Mbps,"Röcknitzer Straße 2, 4808 Lossatal",annual,bank_transfer,True,47.9,49.99,50,199.2
CUST_00283,Lena Schmidt,2022-03-28,Standard_200Mbps,"Schlickburg 6, 25436 Neuendeich",annual,mailed_check,False,47.8,79.99,200,59.2
CUST_00284,Felix Klein,2022-03-30,Basic_50Mbps,"Lüptitzer Straße 4, 4808 Lossatal",monthly,credit_card,False,47.7,44.991,50,665.3
CUST_00285,Jonas Zimmermann,2022-04-01,Standard_200Mbps,"Gustav-Freytag-Straße 18, 59269 Beckum",monthly,credit_card,True,47.7,79.99,200,185.1
CUST_00286,Max Zimmermann,2022-04-03,Basic_50Mbps,"Muusbarg 13, 22397 Hamburg",annual,bank_transfer,True,47.6,49.99,50,371.0
CUST_00287,Jonas Schröder,2022-04-05,Standard_200Mbps,"Maarweg 1, 50181 Bedburg",monthly,electronic_check,True,47.5,79.99,200,1235.2
CUST_00288,Max Bauer,2022-04-07,Standard_200Mbps,"Friedensstraße 66, None Stadt Artern",monthly,bank_transfer,False,47.5,79.99,200,15.4
CUST_00289,Mia Richter,2022-04-09,Basic_50Mbps,"Bergstraße 31, 46446 Emmerich am Rhein",monthly,mailed_check,False,47.4,49.99,50,30.5
CUST_00290,Lena Schwarz,2022-04-11,Standard_200Mbps,"Klosterstraße 31, 46446 Emmerich am Rhein",monthly,credit_card,True,47.3,79.99,200,382.4
CUST_00291,Julia Braun,2022-04-13,Basic_50Mbps,"Sandstraße 64, 41189 Mönchengladbach",monthly,mailed_check,True,47.3,49.99,50,99.3
CUST_00292,Emma Schröder,2022-04-15,Basic_50Mbps,"Friedensstraße 70, None Stadt Artern",monthly,bank_transfer,False,47.2,44.991,50,61.1
CUST_00293,Emma Schulz,2022-04-17,Premium_1Gbps,"Seiferitzer Weg 8, 8371 Stadt Glauchau",annual,bank_transfer,True,47.1,119.99,1000,12.0
CUST_00294,Lena Schröder,2022-04-19,Standard_200Mbps,"Blaffert 59, 41238 Mönchengladbach",annual,mailed_check,True,47.1,79.99,200,6.6
CUST_00295,Max Richter,2022-04-21,Basic_50Mbps,"Am Hafen 56, 25421 Pinneberg",2-year,credit_card,False,47.0,49.99,50,446.8
CUST_00296,Leon Richter,2022-04-23,Standard_200Mbps,"Heinrich-Zille-Straße 52, 59269 Beckum",monthly,credit_card,True,46.9,79.99,200,43.3
CUST_00297,Laura Wolf,2022-04-25,Standard_200Mbps,"Kirchstraße 61, 13158 adressen_berlin.69163",monthly,bank_transfer,True,46.9,71.991,200,189.2
CUST_00298,Tim Braun,2022-04-27,Basic_50Mbps,"Alte Dorfstraße 30, 25712 Hochdonn",monthly,credit_card,True,46.8,44.991,50,279.3
CUST_00299,Julia Müller,2022-04-29,Standard_200Mbps,"Chemnitzer Straße 24, 8371 Stadt Glauchau",annual,credit_card,True,46.7,79.99,200,167.8
CUST_00300,Jonas Zimmermann,2022-05-01,Basic_50Mbps,"Jahnstraße 37, 59269 Beckum",annual,bank_transfer,False,46.7,49.99,50,8.2
CUST_00301,Noah Müller,2022-05-03,Basic_50Mbps,"Emkum 142, 59348 Lüdinghausen",monthly,electronic_check,True,46.6,44.991,50,459.1
CUST_00302,Lukas Klein,2022-05-05,Standard_200Mbps,"Estern 27, 48703 Stadtlohn",2-year,mailed_check,False,46.5,79.99,200,3.2
CUST_00303,Tim Wolf,2022-05-07,Standard_200Mbps,"Drewerweg 15, 59581 Warstein",monthly,mailed_check,True,46.5,79.99,200,430.5
CUST_00304,Laura Schmidt,2022-05-09,Standard_200Mbps,"Marderweg 13, 51503 Rösrath",annual,bank_transfer,True,46.4,79.99,200,671.3
CUST_00305,Paul Richter,2022-05-11,Standard_200Mbps,"Am Sternenfeld 25, 41238 Mönchengladbach",annual,electronic_check,True,46.3,79.99,200,170.1
CUST_00306,Leon Wagner,2022-05-13,Premium_1Gbps,"Klosterstraße 17, 46446 Emmerich am Rhein",2-year,bank_transfer,True,46.3,107.991,1000,230.1
CUST_00307,David Koch,2022-05-15,Standard_200Mbps,"Lehmbach 14, 51503 Rösrath",annual,credit_card,True,46.2,79.99,200,194.4
CUST_00308,Leon Richter,2022-05-17,Basic_50Mbps,"Finkenschlag 2, 4808 Lossatal",2-year,mailed_check,True,46.1,49.99,50,147.9
CUST_00309,Paul Klein,2022-05-19,Standard_200Mbps,"Eschenweg 16, 8371 Stadt Glauchau",monthly,credit_card,True,46.1,79.99,200,655.2
CUST_00310,Paul Schneider,2022-05-21,Basic_50Mbps,"Robert-Koch-Siedlung 23, 8371 Stadt Glauchau",2-year,bank_transfer,True,46.0,49.99,50,673.1
CUST_00311,Sarah Müller,2022-05-23,Standard_200Mbps,"Kartoffelsteig 48, 13159 adressen_berlin.69132",monthly,mailed_check,False,45.9,79.99,200,122.8
CUST_00312,Julia Schmidt,2022-05-25,Basic_50Mbps,"Neije Weg 6, 32423 Minden",2-year,electronic_check,True,45.9,49.99,50,286.4
CUST_00313,Hannah Becker,2022-05-27,Basic_50Mbps,"Im Südfelde 32, 59269 Beckum",annual,mailed_check,False,45.8,44.991,50,784.8
CUST_00314,Lukas Schmidt,2022-05-29,Premium_1Gbps,"Westerweide 2, 25779 Hennstedt",2-year,electronic_check,True,45.7,119.99,1000,981.5
CUST_00315,Max Becker,2022-05-31,Premium_1Gbps,"Müssenredder 27, 22399 Hamburg",monthly,electronic_check,True,45.7,119.99,1000,213.4
CUST_00316,Felix Müller,2022-06-02,Standard_200Mbps,"Nagelshof 18, 22559 Hamburg",annual,credit_card,True,45.6,71.991,200,180.9
CUST_00317,Lisa Weber,2022-06-04,Standard_200Mbps,"Süderstraße 16, 25779 Hennstedt",annual,bank_transfer,True,45.5,79.99,200,98.0
CUST_00318,Emma Weber,2022-06-06,Basic_50Mbps,"Am Seedeich 4, 25764 Hillgroven",annual,bank_transfer,True,45.5,44.991,50,957.3
CUST_00319,Sarah Fischer,2022-06-08,Basic_50Mbps,"Nordendstraße 56, 13156 adressen_berlin.69530",monthly,mailed_check,False,45.4,49.99,50,46.2
CUST_00320,Noah Wagner,2022-06-10,Basic_50Mbps,"Schubertstraße 35, 15234 Frankfurt (Oder)",monthly,mailed_check,False,45.3,49.99,50,260.1
CUST_00321,David Schulz,2022-06-12,Standard_200Mbps,"Am Volkspark 36, 59269 Beckum",monthly,electronic_check,True,45.3,79.99,200,99.6
CUST_00322,Hannah Meyer,2022-06-14,Standard_200Mbps,"Heydaer Siedlung 5, 4808 Lossatal",monthly,electronic_check,True,45.2,79.99,200,98.1
CUST_00323,Lisa Braun,2022-06-16,Standard_200Mbps,"Am Schäferkamp 4, 25421 Pinneberg",2-year,mailed_check,False,45.1,79.99,200,155.7
CUST_00324,Sophie Meyer,2022-06-18,Basic_50Mbps,"Kampstraße 38, 59269 Beckum",monthly,bank_transfer,True,45.1,49.99,50,2015.9
CUST_00325,Mia Fischer,2022-06-20,Premium_1Gbps,"Überhöfer Feld 21, 51503 Rösrath",2-year,electronic_check,False,45.0,119.99,1000,17.0
CUST_00326,Noah Müller,2022-06-22,Standard_200Mbps,"Zschepaer Hauptstraße 31, 4808 Lossatal",monthly,electronic_check,False,44.9,79.99,200,259.2
CUST_00327,Mia Zimmermann,2022-06-24,Standard_200Mbps,"Dammsmühler Straße 39, 13158 adressen_berlin.69431",monthly,electronic_check,False,44.9,71.991,200,25.9
CUST_00328,Jonas Richter,2022-06-26,Standard_200Mbps,"Karl-Marx-Straße 46, 4808 Lossatal",annual,credit_card,True,44.8,79.99,200,50.4
CUST_00329,Felix Schneider,2022-06-28,Standard_200Mbps,"Werner-Lüderitz-Weg 10, 41189 Mönchengladbach",annual,mailed_check,True,44.7,71.991,200,173.7
CUST_00330,Noah Becker,2022-06-30,Basic_50Mbps,"Schloßplatz 9, 8371 Stadt Glauchau",monthly,credit_card,True,44.7,49.99,50,214.3
CUST_00331,Sophie Hoffmann,2022-07-02,Standard_200Mbps,"Laurentiusstraße 100, 41189 Mönchengladbach",annual,bank_transfer,True,44.6,79.99,200,89.8
CUST_00332,Lisa Fischer,2022-07-04,Standard_200Mbps,"Dr.-Robbers-Straße 20, 46446 Emmerich am Rhein",annual,credit_card,False,44.5,71.991,200,114.1
CUST_00333,Noah Schmidt,2022-07-06,Basic_50Mbps,"Neubrandenburger Straße 80, 13059 adressen_berlin.6923",monthly,mailed_check,True,44.5,49.99,50,27.3
CUST_00334,Hannah Schwarz,2022-07-08,Basic_50Mbps,"Bahnhofstraße 15, 59581 Warstein",2-year,electronic_check,True,44.4,49.99,50,108.4
CUST_00335,Lena Bauer,2022-07-10,Basic_50Mbps,"Am Feldbrand 52, 59348 Lüdinghausen",2-year,credit_card,False,44.3,49.99,50,1019.4
CUST_00336,Lukas Neumann,2022-07-12,Basic_50Mbps,"Seidenweberstraße 27, 41189 Mönchengladbach",annual,bank_transfer,False,44.3,44.991,50,868.5
CUST_00337,Leon Müller,2022-07-14,Premium_1Gbps,"Uhlandstraße 83, 41238 Mönchengladbach",monthly,mailed_check,False,44.2,119.99,1000,122.3
CUST_00338,Lena Schröder,2022-07-16,Standard_200Mbps,"Mützendorpsteed 45, 22179 Hamburg",annual,bank_transfer,False,44.1,79.99,200,253.8
CUST_00339,Sophie Klein,2022-07-18,Standard_200Mbps,"Schlickburg 52, 25436 Neuendeich",monthly,credit_card,True,44.1,79.99,200,721.0
CUST_00340,Hannah Wolf,2022-07-20,Basic_50Mbps,"Müglenzer Straße 6, 4808 Lossatal",monthly,mailed_check,True,44.0,49.99,50,1.9
CUST_00341,Tim Klein,2022-07-22,Standard_200Mbps,"Kraftwerksiedlung 26, 32469 Petershagen",monthly,electronic_check,False,43.9,79.99,200,499.3
CUST_00342,Laura Neumann,2022-07-24,Standard_200Mbps,"Mützendorpsteed 40, 22179 Hamburg",monthly,credit_card,True,43.9,71.991,200,889.1
CUST_00343,Paul Braun,2022-07-26,Basic_50Mbps,"Tackhütte 53, 41238 Mönchengladbach",2-year,credit_card,True,43.8,49.99,50,28.7
CUST_00344,Julia Schröder,2022-07-28,Standard_200Mbps,"Wiebusch 24, 59581 Warstein",annual,bank_transfer,True,43.7,79.99,200,52.8
CUST_00345,David Klein,2022-07-30,Standard_200Mbps,"Markt 11, 8371 Stadt Glauchau",annual,electronic_check,True,43.7,79.99,200,971.3
CUST_00346,Noah Schulz,2022-08-01,Standard_200Mbps,"Streuffstraße 79, 46446 Emmerich am Rhein",monthly,electronic_check,False,43.6,79.99,200,231.4
CUST_00347,Leon Becker,2022-08-03,Standard_200Mbps,"An der Mühlenau 15, 25421 Pinneberg",monthly,electronic_check,True,43.5,79.99,200,4.3
CUST_00348,Lukas Schulz,2022-08-05,Basic_50Mbps,"Birnbaumring 85, 13159 adressen_berlin.69152",monthly,bank_transfer,True,43.5,49.99,50,89.4
CUST_00349,David Becker,2022-08-07,Standard_200Mbps,"Adolf-Kolping-Straße 14, 59269 Beckum",2-year,mailed_check,True,43.4,79.99,200,179.3
CUST_00350,David Zimmermann,2022-08-09,Standard_200Mbps,"Am Piwitt 5, 32423 Minden",monthly,credit_card,True,43.3,79.99,200,354.2
CUST_00351,Lisa Richter,2022-08-11,Standard_200Mbps,"Kaspar-Bracht-Straße 1, 59581 Warstein",2-year,mailed_check,True,43.3,79.99,200,396.3
CUST_00352,Leon Müller,2022-08-13,Premium_1Gbps,"Tulpenweg 8, 48703 Stadtlohn",annual,electronic_check,True,43.2,119.99,1000,1615.9
CUST_00353,Sarah Koch,2022-08-15,Standard_200Mbps,"Streuffstraße 43, 46446 Emmerich am Rhein",monthly,mailed_check,False,43.1,79.99,200,101.7
CUST_00354,Laura Schröder,2022-08-17,Basic_50Mbps,"Verschönerung 2, 25779 Hennstedt",annual,electronic_check,True,43.1,49.99,50,231.8
CUST_00355,Felix Bauer,2022-08-19,Basic_50Mbps,"Kirchweg 15, 51503 Rösrath",monthly,electronic_check,True,43.0,49.99,50,228.6
CUST_00356,Paul Koch,2022-08-21,Standard_200Mbps,"Unterm Berge 2, 32469 Petershagen",2-year,credit_card,True,42.9,79.99,200,156.1
CUST_00357,Paul Braun,2022-08-23,Basic_50Mbps,"Weiherweg 10, 46446 Emmerich am Rhein",2-year,electronic_check,True,42.9,49.99,50,55.6
CUST_00358,Paul Schwarz,2022-08-25,Standard_200Mbps,"Richard-Wagner-Straße 3, 15234 Frankfurt (Oder)",monthly,credit_card,True,42.8,79.99,200,1137.7
CUST_00359,Max Neumann,2022-08-27,Premium_1Gbps,"Heideweg 83, 51503 Rösrath",monthly,mailed_check,False,42.7,119.99,1000,575.8
CUST_00360,Felix Schneider,2022-08-29,Standard_200Mbps,"Rübenkamp 48, 59348 Lüdinghausen",annual,credit_card,True,42.7,71.991,200,206.9
CUST_00361,Emma Klein,2022-08-31,Standard_200Mbps,"Muusbarg 123, 22397 Hamburg",2-year,credit_card,False,42.6,71.991,200,277.3
CUST_00362,Sarah Schwarz,2022-09-02,Standard_200Mbps,"Alte Dorfstraße 61, 25712 Hochdonn",monthly,mailed_check,True,42.5,79.99,200,77.3
CUST_00363,Emma Schröder,2022-09-04,Standard_200Mbps,"St.-Viti-Straße 4, None Sondershausen",annual,bank_transfer,True,42.5,79.99,200,235.4
CUST_00364,Sarah Wolf,2022-09-06,Standard_200Mbps,"Zum Roten Berge 6, 48165 Münster",annual,mailed_check,True,42.4,79.99,200,356.2
CUST_00365,Max Schneider,2022-09-08,Premium_1Gbps,"Muusbarg 18, 22397 Hamburg",annual,mailed_check,False,42.3,119.99,1000,217.2
CUST_00366,Mia Becker,2022-09-10,Standard_200Mbps,"Straße der Einheit 27, None Stadt Artern",monthly,credit_card,True,42.3,79.99,200,1390.2
CUST_00367,Jonas Becker,2022-09-12,Premium_1Gbps,"Scheffelstraße 16, 8371 Stadt Glauchau",annual,credit_card,True,42.2,107.991,1000,283.5
CUST_00368,Mia Zimmermann,2022-09-14,Premium_1Gbps,"Ragoser Talweg 50, 15234 Frankfurt (Oder)",2-year,mailed_check,True,42.1,119.99,1000,139.1
CUST_00369,Hannah Schröder,2022-09-16,Basic_50Mbps,"Almsick 65, 48703 Stadtlohn",monthly,bank_transfer,True,42.1,44.991,50,443.7
CUST_00370,Julia Neumann,2022-09-18,Basic_50Mbps,"Rochowstraße 8, 14776 Brandenburg an der Havel",monthly,electronic_check,True,42.0,44.991,50,56.1
CUST_00371,Hannah Klein,2022-09-20,Basic_50Mbps,"Nordendstraße 58, 13156 adressen_berlin.69531",2-year,electronic_check,True,41.9,49.99,50,145.6
CUST_00372,Julia Koch,2022-09-22,Basic_50Mbps,"Auf dem Driesch 35, 50129 Bergheim",monthly,electronic_check,True,41.9,49.99,50,127.8
CUST_00373,Hannah Wolf,2022-09-24,Basic_50Mbps,"Ahornstraße 2, 25421 Pinneberg",2-year,electronic_check,True,41.8,44.991,50,169.6
CUST_00374,Paul Hoffmann,2022-09-26,Standard_200Mbps,"Feldstraße 9, 25712 Hochdonn",monthly,mailed_check,True,41.7,79.99,200,456.7
CUST_00375,Paul Becker,2022-09-28,Basic_50Mbps,"Dreeßenweg 15, 25712 Hochdonn",monthly,electronic_check,False,41.7,49.99,50,198.6
CUST_00376,Sophie Wagner,2022-09-30,Basic_50Mbps,"Am Sportplatz 9, 50181 Bedburg",2-year,bank_transfer,False,41.6,49.99,50,474.0
CUST_00377,Leon Fischer,2022-10-02,Premium_1Gbps,"Almsick 32, 48703 Stadtlohn",monthly,bank_transfer,False,41.5,119.99,1000,257.8
CUST_00378,Julia Meyer,2022-10-04,Basic_50Mbps,"Sonnenweg 12, 51503 Rösrath",annual,electronic_check,True,41.5,49.99,50,125.6
CUST_00379,Felix Wagner,2022-10-06,Premium_1Gbps,"Wilkestraße 5, 59581 Warstein",monthly,mailed_check,True,41.4,107.991,1000,498.2
CUST_00380,Sarah Schulz,2022-10-08,Basic_50Mbps,"Langestraße 85, 48165 Münster",annual,electronic_check,True,41.3,49.99,50,81.7
CUST_00381,Noah Neumann,2022-10-10,Basic_50Mbps,"Lahder Straße 49, 32423 Minden",monthly,electronic_check,True,41.3,44.991,50,76.2
CUST_00382,Lisa Hoffmann,2022-10-12,Standard_200Mbps,"von-Bodelschwingh-Straße 37, 46446 Emmerich am Rhein",monthly,electronic_check,True,41.2,71.991,200,210.7
CUST_00383,Sophie Wagner,2022-10-14,Standard_200Mbps,"Schubertstraße 55, 15234 Frankfurt (Oder)",2-year,electronic_check,True,41.1,79.99,200,90.7
CUST_00384,Mia Becker,2022-10-16,Premium_1Gbps,"Esterner Landweg 20, 48703 Stadtlohn",monthly,mailed_check,True,41.1,119.99,1000,2.7
CUST_00385,Hannah Meyer,2022-10-18,Standard_200Mbps,"Martinsweg 15, 8371 Stadt Glauchau",annual,bank_transfer,True,41.0,79.99,200,313.5
CUST_00386,Mia Müller,2022-10-20,Premium_1Gbps,"Lotsenstraße 4, 32423 Minden",monthly,mailed_check,False,40.9,119.99,1000,214.7
CUST_00387,Julia Weber,2022-10-22,Basic_50Mbps,"Richard-Wagner-Straße 26, 15234 Frankfurt (Oder)",annual,bank_transfer,True,40.9,49.99,50,176.9
CUST_00388,Paul Schmidt,2022-10-24,Basic_50Mbps,"Riebestraße 21, 15234 Frankfurt (Oder)",monthly,mailed_check,True,40.8,44.991,50,1023.1
CUST_00389,Anna Schwarz,2022-10-26,Standard_200Mbps,"Hoffmann-von-Fallersleben-Weg 85, 48165 Münster",2-year,electronic_check,True,40.7,71.991,200,254.0
CUST_00390,Mia Weber,2022-10-28,Premium_1Gbps,"Kaiser-Wilhelm-Straße 102, 59269 Beckum",monthly,electronic_check,True,40.7,107.991,1000,597.3
CUST_00391,Sarah Fischer,2022-10-30,Premium_1Gbps,"Prendener Straße 26, 13059 adressen_berlin.6942",monthly,bank_transfer,True,40.6,107.991,1000,45.1
CUST_00392,Max Zimmermann,2022-11-01,Standard_200Mbps,"Abajstraße 2, 13158 adressen_berlin.69243",monthly,credit_card,False,40.5,79.99,200,252.6
CUST_00393,Mia Schröder,2022-11-03,Standard_200Mbps,"Dorfstraße 4, 25764 Hillgroven",monthly,mailed_check,False,40.5,79.99,200,607.4
CUST_00394,Sarah Wolf,2022-11-05,Standard_200Mbps,"Ahornstraße 4, 25421 Pinneberg",annual,credit_card,True,40.4,71.991,200,262.5
CUST_00395,Leon Meyer,2022-11-07,Basic_50Mbps,"Friedensstraße 76, None Stadt Artern",monthly,electronic_check,False,40.3,49.99,50,379.8
CUST_00396,Anna Schulz,2022-11-09,Premium_1Gbps,"Plagweg 1, 46446 Emmerich am Rhein",2-year,bank_transfer,False,40.3,119.99,1000,139.6
CUST_00397,Sarah Fischer,2022-11-11,Premium_1Gbps,"Im Südfelde 2, 59269 Beckum",monthly,credit_card,False,40.2,119.99,1000,29.1
CUST_00398,Lukas Richter,2022-11-13,Standard_200Mbps,"Nellessenweg 19, 41238 Mönchengladbach",monthly,credit_card,False,40.1,71.991,200,183.7
CUST_00399,Sarah Schneider,2022-11-15,Standard_200Mbps,"Ratsweg 54, 14770 Brandenburg an der Havel",annual,mailed_check,True,40.1,71.991,200,150.5
CUST_00400,Noah Schmidt,2022-11-17,Standard_200Mbps,"Am Sportplatz 22, 4808 Lossatal",annual,mailed_check,True,40.0,71.991,200,605.4
CUST_00401,Tim Weber,2022-11-19,Basic_50Mbps,"Körschgenstraße 29, 41238 Mönchengladbach",monthly,bank_transfer,True,39.9,44.991,50,83.9
CUST_00402,Noah Hoffmann,2022-11-21,Premium_1Gbps,"Färberstraße 7, 8371 Stadt Glauchau",monthly,credit_card,True,39.9,119.99,1000,1021.0
CUST_00403,Lukas Becker,2022-11-23,Standard_200Mbps,"Tulpenweg 10, 51503 Rösrath",monthly,mailed_check,False,39.8,79.99,200,952.0
CUST_00404,Sophie Schwarz,2022-11-25,Premium_1Gbps,"Wettiner Straße 7, 8371 Stadt Glauchau",annual,bank_transfer,True,39.7,119.99,1000,85.4
CUST_00405,Lena Braun,2022-11-27,Basic_50Mbps,"Heinrich-Zille-Straße 50, 59269 Beckum",annual,electronic_check,False,39.7,49.99,50,128.3
CUST_00406,Lisa Braun,2022-11-29,Premium_1Gbps,"Fiefhusen 14, 25712 Hochdonn",monthly,mailed_check,False,39.6,119.99,1000,677.7
CUST_00407,Emma Neumann,2022-12-01,Standard_200Mbps,"Faule Breede 20, 32423 Minden",2-year,bank_transfer,False,39.5,79.99,200,1020.0
CUST_00408,Jonas Wolf,2022-12-03,Basic_50Mbps,"Gottfried-Polysius-Straße 54, 59269 Beckum",2-year,bank_transfer,False,39.5,44.991,50,175.8
CUST_00409,David Hoffmann,2022-12-05,Premium_1Gbps,"Müglenzer Straße 4, 4808 Lossatal",annual,electronic_check,True,39.4,119.99,1000,116.1
CUST_00410,Noah Klein,2022-12-07,Basic_50Mbps,"Heinrich-Zille-Straße 119, 59269 Beckum",2-year,mailed_check,True,39.3,49.99,50,224.0
CUST_00411,Mia Zimmermann,2022-12-09,Basic_50Mbps,"Deichstraße 7, 25764 Hillgroven",monthly,electronic_check,True,39.3,44.991,50,349.2
CUST_00412,Lisa Schmidt,2022-12-11,Premium_1Gbps,"Puschkinstraße 23, 15236 Frankfurt (Oder)",monthly,credit_card,True,39.2,107.991,1000,95.8
CUST_00413,Lisa Fischer,2022-12-13,Premium_1Gbps,"Johannesstraße 6, 50181 Bedburg",monthly,mailed_check,True,39.1,119.99,1000,400.1
CUST_00414,Felix Wagner,2022-12-15,Standard_200Mbps,"Helmestraße 18, None Stadt Artern",monthly,credit_card,True,39.1,79.99,200,15.9
CUST_00415,Paul Schneider,2022-12-17,Standard_200Mbps,"Zschepaer Hauptstraße 1, 4808 Lossatal",annual,mailed_check,False,39.0,79.99,200,15.2
CUST_00416,Laura Becker,2022-12-19,Standard_200Mbps,"Bornkamp 4, 25364 Osterhorn",2-year,electronic_check,True,38.9,79.99,200,146.5
CUST_00417,Laura Schwarz,2022-12-21,Basic_50Mbps,"Zum Garten 9, 32469 Petershagen",monthly,bank_transfer,True,38.9,49.99,50,130.8
CUST_00418,Lukas Meyer,2022-12-23,Basic_50Mbps,"Rübenkamp 57, 59348 Lüdinghausen",monthly,credit_card,True,38.8,44.991,50,113.8
CUST_00419,Max Klein,2022-12-25,Standard_200Mbps,"Rosenweg 14, 14772 Brandenburg an der Havel",monthly,credit_card,True,38.7,79.99,200,202.6
CUST_00420,David Braun,2022-12-27,Standard_200Mbps,"Karl-Immermann-Straße 10, 48165 Münster",2-year,bank_transfer,True,38.7,71.991,200,116.0
CUST_00421,Sarah Hoffmann,2022-12-29,Standard_200Mbps,"Almsick 39, 48703 Stadtlohn",monthly,credit_card,False,38.6,71.991,200,64.1
CUST_00422,Anna Becker,2022-12-31,Standard_200Mbps,"Turmstraße 22, 59269 Beckum",annual,credit_card,True,38.5,79.99,200,111.1
CUST_00423,Mia Hoffmann,2023-01-02,Basic_50Mbps,"Kastanienallee 21, 13158 adressen_berlin.69214",monthly,electronic_check,False,38.5,49.99,50,1105.5
CUST_00424,David Schneider,2023-01-04,Standard_200Mbps,"Adolf-Kempken-Weg 99, 41189 Mönchengladbach",monthly,mailed_check,True,38.4,79.99,200,158.9
CUST_00425,Emma Schulz,2023-01-06,Basic_50Mbps,"Nordendstraße 62, 13156 adressen_berlin.69542",2-year,bank_transfer,False,38.3,49.99,50,176.5
CUST_00426,Noah Wagner,2023-01-08,Standard_200Mbps,"Konstantinstraße 103, 41238 Mönchengladbach",2-year,electronic_check,True,38.3,79.99,200,257.8
CUST_00427,Lena Fischer,2023-01-10,Standard_200Mbps,"Alte Dorfstraße 28, 25712 Hochdonn",monthly,credit_card,True,38.2,79.99,200,1228.4
CUST_00428,Julia Becker,2023-01-12,Premium_1Gbps,"Streuffstraße 40, 46446 Emmerich am Rhein",2-year,electronic_check,True,38.1,107.991,1000,83.0
CUST_00429,Tim Schulz,2023-01-14,Standard_200Mbps,"Lobither Straße 1, 46446 Emmerich am Rhein",annual,bank_transfer,False,38.1,71.991,200,343.0
CUST_00430,Tim Schneider,2023-01-16,Basic_50Mbps,"Nibelungenplatz 12, 41238 Mönchengladbach",2-year,electronic_check,True,38.0,49.99,50,377.6
CUST_00431,Anna Meyer,2023-01-18,Basic_50Mbps,"Eggstedter Weg 21, 25712 Hochdonn",monthly,mailed_check,True,37.9,49.99,50,280.4
CUST_00432,Mia Braun,2023-01-20,Standard_200Mbps,"Zum Roten Berge 16, 48165 Münster",annual,electronic_check,False,37.9,79.99,200,27.8
CUST_00433,Noah Hoffmann,2023-01-22,Standard_200Mbps,"Eggstedter Weg 19, 25712 Hochdonn",monthly,electronic_check,False,37.8,79.99,200,338.9
CUST_00434,David Fischer,2023-01-24,Basic_50Mbps,"Neustadt 14, 46446 Emmerich am Rhein",annual,bank_transfer,True,37.7,49.99,50,19.9
CUST_00435,David Hoffmann,2023-01-26,Basic_50Mbps,"Levinhof 7, 32423 Minden",monthly,electronic_check,False,37.7,44.991,50,272.0
CUST_00436,Jonas Schulz,2023-01-28,Standard_200Mbps,"Im Brok 7, 59269 Beckum",monthly,bank_transfer,True,37.6,79.99,200,403.6
CUST_00437,Ben Schwarz,2023-01-30,Basic_50Mbps,"Schrödt 10, 41238 Mönchengladbach",monthly,bank_transfer,True,37.5,49.99,50,71.1
CUST_00438,Sarah Wolf,2023-02-01,Premium_1Gbps,"Kolonie 140, None Stadt Artern",annual,bank_transfer,True,37.5,119.99,1000,552.8
CUST_00439,Lukas Braun,2023-02-03,Standard_200Mbps,"Straße der Einheit 11, None Stadt Artern",monthly,mailed_check,False,37.4,79.99,200,9.2
CUST_00440,Anna Klein,2023-02-05,Basic_50Mbps,"Damaschkeweg 52, 8371 Stadt Glauchau",annual,credit_card,False,37.3,49.99,50,557.0
CUST_00441,Leon Braun,2023-02-07,Basic_50Mbps,"Schloss-Dyck-Straße 94, 41238 Mönchengladbach",2-year,mailed_check,True,37.3,49.99,50,185.0
CUST_00442,Paul Müller,2023-02-09,Premium_1Gbps,"Brandenburger Straße 48, 50129 Bergheim",monthly,mailed_check,True,37.2,119.99,1000,73.6
CUST_00443,Lukas Becker,2023-02-11,Standard_200Mbps,"Unterm Haane 22, 59581 Warstein",annual,electronic_check,True,37.1,79.99,200,43.1
CUST_00444,Noah Zimmermann,2023-02-13,Standard_200Mbps,"Adolf-Kolping-Straße 2, 50129 Bergheim",monthly,electronic_check,False,37.1,79.99,200,919.2
CUST_00445,Max Schulz,2023-02-15,Premium_1Gbps,"Vor der Reihe 16, 32469 Petershagen",2-year,mailed_check,False,37.0,119.99,1000,22.6
CUST_00446,Noah Schmidt,2023-02-17,Premium_1Gbps,"Hauptstraße 90, 50181 Bedburg",monthly,bank_transfer,True,36.9,119.99,1000,66.6
CUST_00447,Laura Schröder,2023-02-19,Premium_1Gbps,"Brunnenstraße 67, 50181 Bedburg",annual,bank_transfer,False,36.9,107.991,1000,128.2
CUST_00448,Ben Wolf,2023-02-21,Standard_200Mbps,"Almsick 57, 48703 Stadtlohn",2-year,credit_card,False,36.8,79.99,200,290.5
CUST_00449,Paul Meyer,2023-02-23,Standard_200Mbps,"Muusbarg 131, 22397 Hamburg",2-year,credit_card,True,36.7,79.99,200,236.1
CUST_00450,Noah Klein,2023-02-25,Basic_50Mbps,"Hontzlarstraße 30, 41238 Mönchengladbach",annual,bank_transfer,True,36.7,49.99,50,40.3
CUST_00451,Sarah Schneider,2023-02-27,Standard_200Mbps,"Letelner Straße 93, 32423 Minden",monthly,bank_transfer,True,36.6,79.99,200,102.6
CUST_00452,Sarah Bauer,2023-03-01,Standard_200Mbps,"Eggstedter Weg 20, 25712 Hochdonn",annual,electronic_check,True,36.5,79.99,200,81.8
CUST_00453,Lena Koch,2023-03-03,Standard_200Mbps,"Naugarder Ring 9, 22147 Hamburg",2-year,mailed_check,True,36.5,79.99,200,72.1
CUST_00454,Leon Fischer,2023-03-05,Premium_1Gbps,"Sonnenweg 17, 51503 Rösrath",annual,bank_transfer,True,36.4,119.99,1000,158.9
CUST_00455,Laura Koch,2023-03-07,Basic_50Mbps,"Gustav-Moll-Straße 11, 59269 Beckum",monthly,mailed_check,False,36.3,49.99,50,365.3
CUST_00456,Lena Schröder,2023-03-09,Standard_200Mbps,"Am Hafen 7, 25421 Pinneberg",2-year,credit_card,True,36.3,71.991,200,73.6
CUST_00457,Mia Richter,2023-03-11,Basic_50Mbps,"Klosterstraße 12, 46446 Emmerich am Rhein",annual,mailed_check,True,36.2,49.99,50,137.0
CUST_00458,Julia Schmidt,2023-03-13,Standard_200Mbps,"Unterm Haane 16, 59581 Warstein",annual,mailed_check,True,36.1,71.991,200,148.7
CUST_00459,David Schneider,2023-03-15,Basic_50Mbps,"Hesenberg 1, 59581 Warstein",monthly,mailed_check,True,36.1,49.99,50,1124.7
CUST_00460,Leon Schulz,2023-03-17,Basic_50Mbps,"Kloster 14, 25364 Osterhorn",annual,mailed_check,True,36.0,49.99,50,928.1
CUST_00461,Leon Fischer,2023-03-19,Basic_50Mbps,"Helmestraße 24, None Stadt Artern",monthly,electronic_check,True,35.9,49.99,50,483.0
CUST_00462,Jonas Neumann,2023-03-21,Standard_200Mbps,"Kloster 21, 25364 Osterhorn",annual,electronic_check,True,35.9,79.99,200,83.0
CUST_00463,Max Schwarz,2023-03-23,Standard_200Mbps,"Karl-Immermann-Straße 11, 48165 Münster",monthly,mailed_check,True,35.8,79.99,200,21.1
CUST_00464,David Klein,2023-03-25,Standard_200Mbps,"Siedlerstraße 1, 25779 Hennstedt",annual,mailed_check,True,35.7,71.991,200,114.3
CUST_00465,Anna Wagner,2023-03-27,Premium_1Gbps,"Eichendorffstraße 19, 59269 Beckum",2-year,mailed_check,True,35.7,119.99,1000,93.1
CUST_00466,Ben Bauer,2023-03-29,Standard_200Mbps,"Am Haselbusch 8, 50129 Bergheim",monthly,bank_transfer,False,35.6,79.99,200,211.5
CUST_00467,Lisa Schröder,2023-03-31,Basic_50Mbps,"Heinrich-Zille-Straße 70, 59269 Beckum",2-year,bank_transfer,True,35.5,44.991,50,451.2
CUST_00468,David Schmidt,2023-04-02,Premium_1Gbps,"Vereinsstraße 25, 41189 Mönchengladbach",monthly,credit_card,True,35.5,107.991,1000,586.3
CUST_00469,Felix Schulz,2023-04-04,Basic_50Mbps,"Dorfstraße 26, 25364 Osterhorn",2-year,mailed_check,False,35.4,49.99,50,559.0
CUST_00470,Julia Weber,2023-04-06,Premium_1Gbps,"Süderstraße 22, 25779 Hennstedt",annual,mailed_check,True,35.3,119.99,1000,133.7
CUST_00471,Mia Wolf,2023-04-08,Basic_50Mbps,"Geranienweg 7, 4808 Lossatal",annual,bank_transfer,True,35.3,49.99,50,348.7
CUST_00472,Sarah Fischer,2023-04-10,Premium_1Gbps,"Fritz-Jöde-Straße 8, 48703 Stadtlohn",annual,electronic_check,False,35.2,119.99,1000,112.6
CUST_00473,Max Braun,2023-04-12,Basic_50Mbps,"Kortumweg 13, 48165 Münster",2-year,electronic_check,True,35.1,49.99,50,18.9
CUST_00474,Emma Meyer,2023-04-14,Premium_1Gbps,"Karl-Immermann-Straße 13, 48165 Münster",monthly,electronic_check,True,35.1,119.99,1000,362.8
CUST_00475,Mia Schwarz,2023-04-16,Standard_200Mbps,"Am Ehrenmal 5, 25712 Hochdonn",monthly,mailed_check,False,35.0,79.99,200,3.0
CUST_00476,Max Schwarz,2023-04-18,Premium_1Gbps,"Auf dem Knippen 20, 51503 Rösrath",annual,electronic_check,False,34.9,119.99,1000,157.9
CUST_00477,Lena Schneider,2023-04-20,Basic_50Mbps,"Roggenkamp 3, 25779 Hennstedt",2-year,credit_card,False,34.9,49.99,50,119.9
CUST_00478,Emma Fischer,2023-04-22,Standard_200Mbps,"Ratsweg 25, 14770 Brandenburg an der Havel",annual,electronic_check,True,34.8,79.99,200,354.6
CUST_00479,David Fischer,2023-04-24,Premium_1Gbps,"Friedensstraße 98, None Stadt Artern",annual,credit_card,True,34.7,119.99,1000,436.0
CUST_00480,Tim Schröder,2023-04-26,Standard_200Mbps,"Sauerstraße 1, 15234 Frankfurt (Oder)",monthly,electronic_check,True,34.7,79.99,200,108.8
CUST_00481,Mia Neumann,2023-04-28,Standard_200Mbps,"Seestraße 21, 8371 Stadt Glauchau",2-year,bank_transfer,True,34.6,71.991,200,500.8
CUST_00482,Paul Klein,2023-04-30,Standard_200Mbps,"Rietzer Weg 16, 14776 Brandenburg an der Havel",monthly,electronic_check,True,34.5,79.99,200,104.4
CUST_00483,Sarah Schröder,2023-05-02,Standard_200Mbps,"Am Klingelsberg 85, 41189 Mönchengladbach",annual,electronic_check,True,34.5,79.99,200,177.4
CUST_00484,Emma Wolf,2023-05-04,Standard_200Mbps,"Bensberger Straße 298, 51503 Rösrath",monthly,credit_card,False,34.4,79.99,200,389.5
CUST_00485,Julia Weber,2023-05-06,Standard_200Mbps,"Dammsmühler Straße 47, 13158 adressen_berlin.69423",monthly,mailed_check,True,34.3,79.99,200,354.2
CUST_00486,Jonas Wagner,2023-05-08,Premium_1Gbps,"Hundsloh 1, 25364 Osterhorn",monthly,electronic_check,True,34.3,119.99,1000,1311.5
CUST_00487,Lisa Neumann,2023-05-10,Basic_50Mbps,"Rochusstraße 13, 50129 Bergheim",monthly,mailed_check,True,34.2,44.991,50,76.5
CUST_00488,Tim Schneider,2023-05-12,Basic_50Mbps,"Nordendstraße 81, 13156 adressen_berlin.69345",annual,electronic_check,True,34.1,49.99,50,325.7
CUST_00489,Paul Klein,2023-05-14,Premium_1Gbps,"Ahornweg 6, 59348 Lüdinghausen",monthly,mailed_check,True,34.1,119.99,1000,282.2
CUST_00490,Leon Neumann,2023-05-16,Premium_1Gbps,"Rübenkamp 23, 59348 Lüdinghausen",monthly,bank_transfer,True,34.0,119.99,1000,739.9
CUST_00491,Paul Müller,2023-05-18,Standard_200Mbps,"An der Windmühle 24, 50129 Bergheim",monthly,bank_transfer,True,33.9,79.99,200,51.0
CUST_00492,Mia Hoffmann,2023-05-20,Standard_200Mbps,"Jöllenbecker Straße 3, 8371 Stadt Glauchau",monthly,bank_transfer,True,33.9,79.99,200,418.1
CUST_00493,Noah Zimmermann,2023-05-22,Basic_50Mbps,"Im Stemmen 28, 48165 Münster",monthly,electronic_check,False,33.8,49.99,50,252.0
CUST_00494,Sarah Weber,2023-05-24,Basic_50Mbps,"Kaiser-Wilhelm-Straße 81, 59269 Beckum",monthly,bank_transfer,False,33.7,49.99,50,96.3
CUST_00495,David Schwarz,2023-05-26,Standard_200Mbps,"Estern 1, 48703 Stadtlohn",annual,mailed_check,True,33.7,79.99,200,193.0
CUST_00496,Sarah Bauer,2023-05-28,Standard_200Mbps,"Rosenweg 38, 14772 Brandenburg an der Havel",annual,mailed_check,True,33.6,79.99,200,121.8
CUST_00497,Leon Schwarz,2023-05-30,Standard_200Mbps,"Rolevinckweg 9, 48165 Münster",annual,mailed_check,False,33.5,79.99,200,259.8
CUST_00498,Julia Richter,2023-06-01,Basic_50Mbps,"Büren 1, 48703 Stadtlohn",monthly,electronic_check,False,33.5,44.991,50,659.5
CUST_00499,David Koch,2023-06-03,Premium_1Gbps,"Bensberger Straße 328, 51503 Rösrath",monthly,electronic_check,True,33.4,119.99,1000,252.7
CUST_00500,Felix Becker,2023-06-05,Premium_1Gbps,"Erlenweg 4, 4808 Lossatal",2-year,mailed_check,False,33.3,119.99,1000,299.7
CUST_00501,Noah Richter,2023-06-07,Standard_200Mbps,"Hansestraße 41, 48165 Münster",annual,electronic_check,True,33.3,79.99,200,219.4
CUST_00502,Emma Klein,2023-06-09,Standard_200Mbps,"von-Bodelschwingh-Straße 46, 46446 Emmerich am Rhein",monthly,electronic_check,False,33.2,79.99,200,15.8
CUST_00503,Anna Koch,2023-06-11,Basic_50Mbps,"Fischerweg 2, 25764 Hillgroven",monthly,mailed_check,False,33.1,49.99,50,79.5
CUST_00504,Sarah Richter,2023-06-13,Premium_1Gbps,"Unterm Haane 38, 59581 Warstein",monthly,electronic_check,True,33.1,107.991,1000,203.2
CUST_00505,Jonas Weber,2023-06-15,Standard_200Mbps,"Martinsplatz 4, 8371 Stadt Glauchau",monthly,bank_transfer,False,33.0,79.99,200,111.4
CUST_00506,Sarah Schmidt,2023-06-17,Basic_50Mbps,"Helmestraße 5, None Stadt Artern",monthly,credit_card,True,32.9,49.99,50,60.2
CUST_00507,Tim Neumann,2023-06-19,Premium_1Gbps,"Sonderwykstraße 6, 46446 Emmerich am Rhein",annual,electronic_check,False,32.9,119.99,1000,210.4
CUST_00508,Noah Koch,2023-06-21,Premium_1Gbps,"Jechaer Weg 19, None Sondershausen",annual,mailed_check,True,32.8,107.991,1000,116.9
CUST_00509,Sophie Wolf,2023-06-23,Premium_1Gbps,"Nordweg 2, 4808 Lossatal",annual,electronic_check,False,32.7,119.99,1000,89.6
CUST_00510,Sophie Neumann,2023-06-25,Standard_200Mbps,"Dingbreite 14, 32469 Petershagen",annual,electronic_check,True,32.7,79.99,200,187.1
CUST_00511,David Müller,2023-06-27,Standard_200Mbps,"Lodenweg 15, 59581 Warstein",2-year,credit_card,True,32.6,71.991,200,42.9
CUST_00512,Tim Klein,2023-06-29,Standard_200Mbps,"Schildhof 11, 32423 Minden",annual,electronic_check,True,32.5,79.99,200,788.3
CUST_00513,Tim Schneider,2023-07-01,Premium_1Gbps,"Siedlerstraße 42, 25779 Hennstedt",2-year,mailed_check,False,32.5,107.991,1000,606.8
CUST_00514,Sarah Schulz,2023-07-03,Premium_1Gbps,"Stiegelstraße 9, None Sondershausen",monthly,mailed_check,False,32.4,119.99,1000,368.9
CUST_00515,Leon Braun,2023-07-05,Basic_50Mbps,"Fährstraße 36, 32469 Petershagen",monthly,mailed_check,False,32.3,49.99,50,33.7
CUST_00516,Jonas Schneider,2023-07-07,Basic_50Mbps,"Schillerstraße 31, 15234 Frankfurt (Oder)",monthly,electronic_check,False,32.3,49.99,50,448.7
CUST_00517,Leon Schwarz,2023-07-09,Standard_200Mbps,"Prignitzstraße 33, 14770 Brandenburg an der Havel",annual,credit_card,True,32.2,79.99,200,495.0
CUST_00518,Jonas Koch,2023-07-11,Premium_1Gbps,"Kastanienallee 122, 13158 adressen_berlin.69361",2-year,mailed_check,True,32.1,119.99,1000,438.0
CUST_00519,Sarah Schwarz,2023-07-13,Premium_1Gbps,"Rosa-Luxemburg-Allee 1, 14772 Brandenburg an der Havel",monthly,electronic_check,True,32.1,107.991,1000,36.3
CUST_00520,Anna Braun,2023-07-15,Basic_50Mbps,"Unterm Haane 30, 59581 Warstein",2-year,electronic_check,True,32.0,44.991,50,309.8
CUST_00521,Lukas Becker,2023-07-17,Standard_200Mbps,"Eichendorffstraße 18, 59269 Beckum",monthly,electronic_check,True,31.9,79.99,200,539.3
CUST_00522,Mia Becker,2023-07-19,Standard_200Mbps,"Schalmeienweg 31, 15234 Frankfurt (Oder)",2-year,credit_card,True,31.9,79.99,200,258.4
CUST_00523,Lukas Klein,2023-07-21,Premium_1Gbps,"Heinrich-Zille-Straße 125, 59269 Beckum",monthly,bank_transfer,True,31.8,119.99,1000,311.9
CUST_00524,Sophie Fischer,2023-07-23,Premium_1Gbps,"Rotdornweg 9, 14772 Brandenburg an der Havel",monthly,bank_transfer,True,31.7,119.99,1000,183.9
CUST_00525,David Meyer,2023-07-25,Premium_1Gbps,"Lodenweg 19, 59581 Warstein",monthly,electronic_check,True,31.7,119.99,1000,225.7
CUST_00526,Mia Müller,2023-07-27,Standard_200Mbps,"Auf dem Kamp 20, 51503 Rösrath",monthly,bank_transfer,True,31.6,79.99,200,10.5
CUST_00527,Anna Koch,2023-07-29,Standard_200Mbps,"Godefriedstraße 8, 50181 Bedburg",monthly,bank_transfer,False,31.5,79.99,200,305.6
CUST_00528,Anna Hoffmann,2023-07-31,Basic_50Mbps,"Wilhelmstraße 15, 46446 Emmerich am Rhein",monthly,electronic_check,False,31.5,49.99,50,25.5
CUST_00529,Hannah Bauer,2023-08-02,Basic_50Mbps,"Heideweg 5, 51503 Rösrath",2-year,credit_card,False,31.4,49.99,50,171.3
CUST_00530,Lena Weber,2023-08-04,Premium_1Gbps,"Stiegelstraße 6, None Sondershausen",annual,electronic_check,True,31.3,107.991,1000,103.9
CUST_00531,Emma Neumann,2023-08-06,Premium_1Gbps,"Lodenweg 26, 59581 Warstein",monthly,electronic_check,True,31.3,119.99,1000,236.5
CUST_00532,Lena Zimmermann,2023-08-08,Premium_1Gbps,"Dieselstraße 6, 8371 Stadt Glauchau",annual,electronic_check,False,31.2,107.991,1000,43.0
CUST_00533,Laura Meyer,2023-08-10,Premium_1Gbps,"Agnes-Miegel-Straße 10, 59269 Beckum",annual,bank_transfer,True,31.1,119.99,1000,352.9
CUST_00534,Laura Schneider,2023-08-12,Standard_200Mbps,"Nabweg 2, 22393 Hamburg",monthly,credit_card,True,31.1,79.99,200,475.4
CUST_00535,Lisa Richter,2023-08-14,Standard_200Mbps,"Kastanienallee 118, 13158 adressen_berlin.69356",monthly,electronic_check,True,31.0,79.99,200,53.5
CUST_00536,Lisa Becker,2023-08-16,Premium_1Gbps,"Drosselweg 6, 59348 Lüdinghausen",monthly,electronic_check,True,30.9,119.99,1000,33.0
CUST_00537,Sarah Zimmermann,2023-08-18,Premium_1Gbps,"Rosenweg 28, 14772 Brandenburg an der Havel",monthly,electronic_check,True,30.9,119.99,1000,47.2
CUST_00538,Tim Becker,2023-08-20,Basic_50Mbps,"Klosterstraße 16, 46446 Emmerich am Rhein",annual,credit_card,True,30.8,49.99,50,629.0
CUST_00539,David Schulz,2023-08-22,Standard_200Mbps,"An der Mühlenau 4, 25421 Pinneberg",monthly,electronic_check,True,30.7,71.991,200,225.4
CUST_00540,David Schulz,2023-08-24,Basic_50Mbps,"Jakob-Kaiser-Str. 3, 59348 Lüdinghausen",annual,electronic_check,True,30.7,44.991,50,188.9
CUST_00541,Max Wolf,2023-08-26,Premium_1Gbps,"Eschenallee 7, 13158 adressen_berlin.69257",annual,electronic_check,True,30.6,107.991,1000,33.9
CUST_00542,Mia Schwarz,2023-08-28,Standard_200Mbps,"Taufsteinweg 16, 13158 adressen_berlin.69478",monthly,electronic_check,False,30.5,79.99,200,314.6
CUST_00543,Laura Schneider,2023-08-30,Basic_50Mbps,"Almsick 20, 48703 Stadtlohn",annual,electronic_check,True,30.5,49.99,50,607.5
CUST_00544,David Bauer,2023-09-01,Standard_200Mbps,"Waldstraße 3, None Sondershausen",monthly,mailed_check,True,30.4,79.99,200,528.4
CUST_00545,Noah Hoffmann,2023-09-03,Standard_200Mbps,"Eibenweg 4, 50129 Bergheim",2-year,credit_card,False,30.3,79.99,200,295.1
CUST_00546,Lena Schulz,2023-09-05,Standard_200Mbps,"Trimpelshütter Straße 8, 41238 Mönchengladbach",monthly,mailed_check,True,30.3,79.99,200,23.5
CUST_00547,David Hoffmann,2023-09-07,Basic_50Mbps,"Große Busch 34, 59348 Lüdinghausen",2-year,credit_card,True,30.2,44.991,50,35.8
CUST_00548,Felix Richter,2023-09-09,Standard_200Mbps,"Weberstr. 2, 59348 Lüdinghausen",annual,mailed_check,True,30.1,79.99,200,15.2
CUST_00549,Sarah Fischer,2023-09-11,Standard_200Mbps,"Schlickburg 90, 25436 Neuendeich",monthly,mailed_check,True,30.1,79.99,200,89.3
CUST_00550,Emma Richter,2023-09-13,Standard_200Mbps,"Sellerweg 56, 59581 Warstein",annual,credit_card,True,30.0,79.99,200,43.7
CUST_00551,Noah Bauer,2023-09-15,Standard_200Mbps,"Am Brunnen 5, 51503 Rösrath",2-year,bank_transfer,False,29.9,79.99,200,90.4
CUST_00552,Noah Hoffmann,2023-09-17,Premium_1Gbps,"Tackhütte 43, 41238 Mönchengladbach",annual,credit_card,True,29.9,107.991,1000,145.9
CUST_00553,Mia Müller,2023-09-19,Standard_200Mbps,"Meeraner Straße 161, 8371 Stadt Glauchau",2-year,electronic_check,True,29.8,71.991,200,859.3
CUST_00554,Jonas Schulz,2023-09-21,Standard_200Mbps,"Richard-Wagner-Straße 9, 15234 Frankfurt (Oder)",2-year,electronic_check,True,29.7,79.99,200,282.8
CUST_00555,Max Zimmermann,2023-09-23,Premium_1Gbps,"Kolonie 140, None Stadt Artern",monthly,credit_card,True,29.7,119.99,1000,540.5
CUST_00556,Anna Braun,2023-09-25,Standard_200Mbps,"Beeker Straße 15, 46446 Emmerich am Rhein",monthly,electronic_check,True,29.6,79.99,200,371.7
CUST_00557,Sarah Hoffmann,2023-09-27,Basic_50Mbps,"Stolpener Straße 14, 4808 Lossatal",annual,mailed_check,True,29.5,49.99,50,35.8
CUST_00558,Emma Braun,2023-09-29,Basic_50Mbps,"Karl-Immermann-Straße 17, 48165 Münster",monthly,bank_transfer,True,29.5,49.99,50,399.5
CUST_00559,Hannah Becker,2023-10-01,Standard_200Mbps,"Rosengasse 5, 15230 Frankfurt (Oder)",2-year,credit_card,True,29.4,79.99,200,96.5
CUST_00560,Felix Braun,2023-10-03,Standard_200Mbps,"Sellerweg 2, 59581 Warstein",2-year,mailed_check,True,29.3,79.99,200,305.8
CUST_00561,Paul Weber,2023-10-05,Standard_200Mbps,"Amelsbürener Straße 42, 48165 Münster",monthly,electronic_check,True,29.3,79.99,200,125.1
CUST_00562,Sophie Schmidt,2023-10-07,Basic_50Mbps,"Taufsteinweg 5, 13158 adressen_berlin.69229",monthly,electronic_check,False,29.2,49.99,50,1818.9
CUST_00563,Mia Wolf,2023-10-09,Basic_50Mbps,"Kurze Straße 6, 59269 Beckum",annual,credit_card,True,29.1,49.99,50,91.8
CUST_00564,Anna Zimmermann,2023-10-11,Basic_50Mbps,"Hölderlinweg 51, 48165 Münster",monthly,credit_card,True,29.1,44.991,50,98.2
CUST_00565,Hannah Weber,2023-10-13,Standard_200Mbps,"Rolevinckweg 10, 48165 Münster",2-year,mailed_check,True,29.0,79.99,200,800.7
CUST_00566,Lukas Hoffmann,2023-10-15,Standard_200Mbps,"Meeraner Straße 115, 8371 Stadt Glauchau",monthly,bank_transfer,False,28.9,79.99,200,7.5
CUST_00567,Leon Klein,2023-10-17,Standard_200Mbps,"Dr.-Robbers-Straße 4, 46446 Emmerich am Rhein",annual,bank_transfer,True,28.9,79.99,200,357.9
CUST_00568,Laura Wagner,2023-10-19,Standard_200Mbps,"Rathenaustraße 55, 15234 Frankfurt (Oder)",monthly,bank_transfer,True,28.8,79.99,200,387.7
CUST_00569,Tim Schwarz,2023-10-21,Premium_1Gbps,"Nordweg 7, 4808 Lossatal",annual,electronic_check,False,28.7,107.991,1000,543.1
CUST_00570,Hannah Neumann,2023-10-23,Basic_50Mbps,"Reckelsum 15, 59348 Lüdinghausen",monthly,electronic_check,False,28.7,49.99,50,1100.0
CUST_00571,Ben Schulz,2023-10-25,Standard_200Mbps,"Rostocker Straße 17, 15234 Frankfurt (Oder)",annual,mailed_check,True,28.6,79.99,200,1114.0
CUST_00572,Laura Schulz,2023-10-27,Standard_200Mbps,"Alte Dorfstraße 61, 25712 Hochdonn",monthly,electronic_check,True,28.5,79.99,200,20.3
CUST_00573,Sarah Hoffmann,2023-10-29,Standard_200Mbps,"Heustiege 7, 59348 Lüdinghausen",annual,bank_transfer,False,28.5,79.99,200,517.5
CUST_00574,Leon Fischer,2023-10-31,Standard_200Mbps,"Straße der Einheit 40, None Stadt Artern",2-year,mailed_check,False,28.4,79.99,200,311.8
CUST_00575,David Schneider,2023-11-02,Premium_1Gbps,"Wendfeld 47, 48703 Stadtlohn",monthly,bank_transfer,False,28.3,119.99,1000,312.7
CUST_00576,Tim Becker,2023-11-04,Premium_1Gbps,"Nachtigallenweg 14, 59581 Warstein",monthly,mailed_check,True,28.3,119.99,1000,41.2
CUST_00577,Jonas Schwarz,2023-11-06,Basic_50Mbps,"Azaleenweg 70, 41189 Mönchengladbach",monthly,electronic_check,True,28.2,49.99,50,315.1
CUST_00578,Hannah Schneider,2023-11-08,Premium_1Gbps,"Müssenredder 77, 22399 Hamburg",annual,mailed_check,True,28.1,119.99,1000,1213.4
CUST_00579,Jonas Müller,2023-11-10,Standard_200Mbps,"Rolevinckweg 16, 48165 Münster",annual,bank_transfer,False,28.1,79.99,200,728.5
CUST_00580,Paul Schwarz,2023-11-12,Basic_50Mbps,"Christopherusweg 12, 59348 Lüdinghausen",annual,mailed_check,True,28.0,49.99,50,173.5
CUST_00581,Sophie Wolf,2023-11-14,Standard_200Mbps,"Zevenaarer Straße 50, 46446 Emmerich am Rhein",monthly,credit_card,True,27.9,79.99,200,12.2
CUST_00582,Hannah Schulz,2023-11-16,Premium_1Gbps,"Letelner Straße 92, 32423 Minden",monthly,electronic_check,False,27.9,119.99,1000,135.0
CUST_00583,Noah Richter,2023-11-18,Standard_200Mbps,"Hoffmann-von-Fallersleben-Weg 15, 48165 Münster",annual,mailed_check,True,27.8,79.99,200,525.3
CUST_00584,Hannah Fischer,2023-11-20,Basic_50Mbps,"Meeraner Straße 163, 8371 Stadt Glauchau",monthly,mailed_check,False,27.7,49.99,50,362.7
CUST_00585,Emma Schröder,2023-11-22,Standard_200Mbps,"Erftstraße 9, 50181 Bedburg",2-year,mailed_check,True,27.7,79.99,200,184.5
CUST_00586,Max Braun,2023-11-24,Basic_50Mbps,"Gottfried-Polysius-Straße 51, 59269 Beckum",monthly,mailed_check,True,27.6,49.99,50,17.0
CUST_00587,Julia Koch,2023-11-26,Basic_50Mbps,"Siedlungsstraße 34, 4808 Lossatal",annual,credit_card,True,27.5,49.99,50,167.0
CUST_00588,Lisa Becker,2023-11-28,Basic_50Mbps,"Schönhauser Straße 38, 13158 adressen_berlin.69348",monthly,electronic_check,False,27.5,44.991,50,189.9
CUST_00589,Lukas Wolf,2023-11-30,Basic_50Mbps,"Fischerweg 3, 25764 Hillgroven",monthly,bank_transfer,True,27.4,49.99,50,791.7
CUST_00590,Mia Klein,2023-12-02,Basic_50Mbps,"Friedrich-Engels-Straße 100, 13156 adressen_berlin.69527",annual,electronic_check,True,27.3,49.99,50,307.4
CUST_00591,Sophie Weber,2023-12-04,Basic_50Mbps,"Lindenallee 8, 4808 Lossatal",annual,electronic_check,False,27.3,49.99,50,112.0
CUST_00592,Anna Schmidt,2023-12-06,Standard_200Mbps,"Sonnenblumenring 7, 25779 Hennstedt",2-year,electronic_check,True,27.2,79.99,200,223.5
CUST_00593,Mia Schröder,2023-12-08,Basic_50Mbps,"Muttkuhle 11, 32423 Minden",monthly,mailed_check,True,27.1,49.99,50,20.5
CUST_00594,Sophie Fischer,2023-12-10,Basic_50Mbps,"Wilhelmstraße 4, 46446 Emmerich am Rhein",monthly,mailed_check,True,27.1,49.99,50,1078.8
CUST_00595,Emma Schwarz,2023-12-12,Premium_1Gbps,"Esterner Landweg 34, 48703 Stadtlohn",annual,credit_card,True,27.0,119.99,1000,133.9
CUST_00596,Tim Richter,2023-12-14,Standard_200Mbps,"Faule Breede 2, 32423 Minden",annual,electronic_check,True,26.9,79.99,200,195.0
CUST_00597,David Bauer,2023-12-16,Standard_200Mbps,"Rudolf-Breitscheid-Straße 3, 15230 Frankfurt (Oder)",monthly,bank_transfer,True,26.9,79.99,200,131.7
CUST_00598,Julia Klein,2023-12-18,Basic_50Mbps,"Heideweg 91, 51503 Rösrath",monthly,mailed_check,True,26.8,49.99,50,344.2
CUST_00599,Noah Weber,2023-12-20,Basic_50Mbps,"Lahder Straße 128, 32423 Minden",monthly,bank_transfer,True,26.7,49.99,50,325.6
CUST_00600,Lena Fischer,2023-12-22,Basic_50Mbps,"Max-Eyth-Straße 7, 59581 Warstein",2-year,credit_card,True,26.7,49.99,50,376.9
CUST_00601,Sarah Braun,2023-12-24,Basic_50Mbps,"Faule Breede 18, 32423 Minden",monthly,mailed_check,True,26.6,44.991,50,93.7
CUST_00602,Lena Schulz,2023-12-26,Basic_50Mbps,"Schildhof 7, 32423 Minden",monthly,credit_card,True,26.5,49.99,50,113.8
CUST_00603,Anna Bauer,2023-12-28,Basic_50Mbps,"Am Steverufer 4, 59348 Lüdinghausen",monthly,electronic_check,True,26.5,49.99,50,40.1
CUST_00604,Felix Wolf,2023-12-30,Basic_50Mbps,"Schillerstraße 10, 59269 Beckum",monthly,bank_transfer,True,26.4,49.99,50,319.7
CUST_00605,David Becker,2024-01-01,Basic_50Mbps,"August-Bebel-Straße 2, 4808 Lossatal",monthly,credit_card,True,26.3,49.99,50,12.2
CUST_00606,Hannah Fischer,2024-01-03,Standard_200Mbps,"Dr.-Robbers-Straße 20, 46446 Emmerich am Rhein",annual,mailed_check,True,26.3,79.99,200,273.2
CUST_00607,Hannah Schwarz,2024-01-05,Basic_50Mbps,"Kraftwerksiedlung 15, 32469 Petershagen",monthly,credit_card,False,26.2,49.99,50,611.4
CUST_00608,Hannah Schmidt,2024-01-07,Standard_200Mbps,"Süderstraße 35, 25779 Hennstedt",2-year,bank_transfer,True,26.1,71.991,200,664.5
CUST_00609,Jonas Schulz,2024-01-09,Standard_200Mbps,"Straße der Einheit 29, None Stadt Artern",monthly,electronic_check,False,26.1,79.99,200,178.8
CUST_00610,Felix Fischer,2024-01-11,Standard_200Mbps,"Gustav-Moll-Straße 59, 59269 Beckum",annual,credit_card,False,26.0,79.99,200,184.5
CUST_00611,David Schneider,2024-01-13,Basic_50Mbps,"Jahnstraße 15, 59269 Beckum",2-year,electronic_check,True,25.9,49.99,50,24.0
CUST_00612,Felix Braun,2024-01-15,Standard_200Mbps,"Heerstraße 18, None Sondershausen",annual,credit_card,True,25.9,71.991,200,333.3
CUST_00613,Max Schmidt,2024-01-17,Standard_200Mbps,"Westfalenstraße 206, 48165 Münster",annual,bank_transfer,True,25.8,79.99,200,516.5
CUST_00614,Leon Becker,2024-01-19,Basic_50Mbps,"Eichendorffstraße 56, 59269 Beckum",monthly,electronic_check,False,25.7,44.991,50,84.2
CUST_00615,Tim Zimmermann,2024-01-21,Premium_1Gbps,"Dorfstraße 2, 13059 adressen_berlin.6947",monthly,bank_transfer,True,25.7,119.99,1000,164.1
CUST_00616,Felix Schneider,2024-01-23,Premium_1Gbps,"Malteserstraße 14, 48165 Münster",annual,credit_card,True,25.6,119.99,1000,547.6
CUST_00617,Julia Wagner,2024-01-25,Basic_50Mbps,"Gescher Dyk 25, 48703 Stadtlohn",2-year,bank_transfer,True,25.5,49.99,50,629.0
CUST_00618,Noah Wagner,2024-01-27,Basic_50Mbps,"Drewerweg 24, 59581 Warstein",annual,bank_transfer,False,25.5,49.99,50,83.6
CUST_00619,Emma Koch,2024-01-29,Premium_1Gbps,"Erbschänkenstraße 25, 8371 Stadt Glauchau",annual,electronic_check,False,25.4,119.99,1000,239.9
CUST_00620,Tim Braun,2024-01-31,Standard_200Mbps,"Alfred-Delp-Str. 5, 59348 Lüdinghausen",annual,bank_transfer,True,25.3,79.99,200,64.1
CUST_00621,Max Schulz,2024-02-02,Basic_50Mbps,"Dingbreite 15, 32469 Petershagen",monthly,electronic_check,True,25.3,49.99,50,32.2
CUST_00622,Tim Weber,2024-02-04,Basic_50Mbps,"Überhöfer Feld 33, 51503 Rösrath",monthly,electronic_check,True,25.2,49.99,50,726.1
CUST_00623,Julia Schulz,2024-02-06,Standard_200Mbps,"Horster Straße 68, 41238 Mönchengladbach",annual,mailed_check,True,25.1,71.991,200,515.3
CUST_00624,Laura Fischer,2024-02-08,Standard_200Mbps,"Ratsweg 41, 14770 Brandenburg an der Havel",2-year,electronic_check,False,25.1,79.99,200,428.2
CUST_00625,Max Weber,2024-02-10,Standard_200Mbps,"Zum Güsgensgraben 21, 50129 Bergheim",monthly,bank_transfer,True,25.0,79.99,200,15.0
CUST_00626,Max Bauer,2024-02-12,Standard_200Mbps,"Naugarder Ring 22, 22147 Hamburg",annual,electronic_check,True,24.9,79.99,200,556.8
CUST_00627,Emma Zimmermann,2024-02-14,Standard_200Mbps,"Lipper Berg 33, 50181 Bedburg",monthly,credit_card,True,24.9,79.99,200,172.9
CUST_00628,Leon Müller,2024-02-16,Standard_200Mbps,"Wendfeld 21, 48703 Stadtlohn",annual,electronic_check,False,24.8,79.99,200,125.7
CUST_00629,Laura Schulz,2024-02-18,Basic_50Mbps,"Hoffmann-von-Fallersleben-Weg 27, 48165 Münster",monthly,mailed_check,False,24.7,49.99,50,237.2
CUST_00630,Anna Weber,2024-02-20,Basic_50Mbps,"Levinhof 12, 32423 Minden",monthly,bank_transfer,True,24.7,49.99,50,28.7
CUST_00631,Lena Neumann,2024-02-22,Standard_200Mbps,"August-Bebel-Straße 15, 8371 Stadt Glauchau",annual,mailed_check,False,24.6,71.991,200,424.0
CUST_00632,Sophie Schneider,2024-02-24,Premium_1Gbps,"Quenzweg 20, 14772 Brandenburg an der Havel",monthly,electronic_check,True,24.5,119.99,1000,262.0
CUST_00633,Sarah Wolf,2024-02-26,Standard_200Mbps,"Schildauer Straße 14, 4808 Lossatal",annual,credit_card,True,24.5,79.99,200,62.0
CUST_00634,Hannah Neumann,2024-02-28,Standard_200Mbps,"Mützendorpsteed 15, 22179 Hamburg",annual,credit_card,True,24.4,79.99,200,62.6
CUST_00635,Noah Fischer,2024-03-01,Basic_50Mbps,"Hainleitestraße 4, None Sondershausen",2-year,electronic_check,True,24.3,44.991,50,61.1
CUST_00636,David Neumann,2024-03-03,Standard_200Mbps,"Hufelandstraße 9, 8371 Stadt Glauchau",monthly,electronic_check,True,24.3,79.99,200,17.6
CUST_00637,Emma Braun,2024-03-05,Standard_200Mbps,"Mützendorpsteed 19, 22179 Hamburg",monthly,electronic_check,False,24.2,79.99,200,265.9
CUST_00638,Anna Neumann,2024-03-07,Basic_50Mbps,"Holtroper Straße 11, 50181 Bedburg",monthly,electronic_check,True,24.1,49.99,50,550.4
CUST_00639,Mia Wolf,2024-03-09,Basic_50Mbps,"Nagelsweg 41, 20097 Hamburg",2-year,electronic_check,True,24.1,49.99,50,5.3
CUST_00640,Max Schmidt,2024-03-11,Standard_200Mbps,"Güldene Tröge 45, 59581 Warstein",2-year,electronic_check,True,24.0,79.99,200,15.1
CUST_00641,Sarah Richter,2024-03-13,Basic_50Mbps,"Adenauerstraße 6, 50181 Bedburg",annual,bank_transfer,True,23.9,49.99,50,255.1
CUST_00642,Lena Fischer,2024-03-15,Basic_50Mbps,"Rückertstraße 19, 48165 Münster",2-year,credit_card,False,23.9,49.99,50,513.6
CUST_00643,Sarah Wolf,2024-03-17,Basic_50Mbps,"Frankenhäuser Straße 234, None Sondershausen",annual,electronic_check,True,23.8,49.99,50,118.7
CUST_00644,Lukas Schneider,2024-03-19,Basic_50Mbps,"Seestraße 20, 8371 Stadt Glauchau",annual,mailed_check,True,23.7,44.991,50,129.1
CUST_00645,Leon Braun,2024-03-21,Basic_50Mbps,"Im Stemmen 13, 48165 Münster",monthly,credit_card,False,23.7,49.99,50,272.2
CUST_00646,Tim Schneider,2024-03-23,Premium_1Gbps,"Fliednerstraße 6, 48703 Stadtlohn",annual,bank_transfer,True,23.6,119.99,1000,96.1
CUST_00647,Tim Schulz,2024-03-25,Standard_200Mbps,"Straße der Einheit 133, None Stadt Artern",monthly,electronic_check,True,23.5,79.99,200,8.1
CUST_00648,Lisa Zimmermann,2024-03-27,Standard_200Mbps,"Bensberger Straße 330, 51503 Rösrath",2-year,mailed_check,True,23.5,79.99,200,398.7
CUST_00649,Julia Koch,2024-03-29,Standard_200Mbps,"An der Alten Kirche 73, 48165 Münster",annual,mailed_check,True,23.4,79.99,200,294.8
CUST_00650,Jonas Braun,2024-03-31,Standard_200Mbps,"Ziegeleistraße 31, 50181 Bedburg",annual,mailed_check,False,23.3,71.991,200,260.8
CUST_00651,Ben Hoffmann,2024-04-02,Basic_50Mbps,"Rietzer Weg 1, 14776 Brandenburg an der Havel",monthly,bank_transfer,False,23.3,44.991,50,406.1
CUST_00652,David Neumann,2024-04-04,Standard_200Mbps,"Rilkeweg 11, 48165 Münster",monthly,bank_transfer,True,23.2,79.99,200,337.4
CUST_00653,Lisa Klein,2024-04-06,Standard_200Mbps,"Rüthener Landstraße 4, 59581 Warstein",monthly,bank_transfer,False,23.1,79.99,200,69.2
CUST_00654,Sophie Fischer,2024-04-08,Standard_200Mbps,"Wiebusch 22, 59581 Warstein",monthly,credit_card,True,23.1,79.99,200,130.4
CUST_00655,Julia Wagner,2024-04-10,Standard_200Mbps,"Heerstraße 40, None Sondershausen",monthly,electronic_check,True,23.0,79.99,200,40.4
CUST_00656,Lena Wolf,2024-04-12,Basic_50Mbps,"An der Alten Kirche 5, 48165 Münster",2-year,mailed_check,True,22.9,44.991,50,41.7
CUST_00657,Emma Klein,2024-04-14,Basic_50Mbps,"Tüllinghofer Str. 30, 59348 Lüdinghausen",annual,electronic_check,True,22.9,49.99,50,338.3
CUST_00658,Leon Wolf,2024-04-16,Standard_200Mbps,"Lahder Straße 130, 32423 Minden",monthly,electronic_check,True,22.8,79.99,200,586.8
CUST_00659,Jonas Klein,2024-04-18,Standard_200Mbps,"Kastanienallee 28, 13158 adressen_berlin.69222",monthly,bank_transfer,True,22.7,71.991,200,986.9
CUST_00660,Sophie Koch,2024-04-20,Standard_200Mbps,"Beckrather Dorfstraße 102, 41189 Mönchengladbach",monthly,electronic_check,False,22.7,79.99,200,296.9
CUST_00661,Lena Koch,2024-04-22,Standard_200Mbps,"Schillerstraße 25, 59269 Beckum",annual,mailed_check,True,22.6,79.99,200,61.0
CUST_00662,Paul Bauer,2024-04-24,Premium_1Gbps,"Finkenschlag 18, 4808 Lossatal",annual,electronic_check,True,22.5,119.99,1000,33.5
CUST_00663,Tim Schröder,2024-04-26,Standard_200Mbps,"Horster Straße 12, 41238 Mönchengladbach",2-year,bank_transfer,True,22.5,79.99,200,502.8
CUST_00664,Lukas Schneider,2024-04-28,Basic_50Mbps,"Straße der Einheit 130, None Stadt Artern",monthly,electronic_check,True,22.4,49.99,50,259.4
CUST_00665,Lukas Schneider,2024-04-30,Basic_50Mbps,"Zum Horkamp 4, 59581 Warstein",2-year,mailed_check,True,22.3,49.99,50,288.9
CUST_00666,Lena Fischer,2024-05-02,Basic_50Mbps,"Ginsterweg 29, 48703 Stadtlohn",2-year,bank_transfer,True,22.3,49.99,50,456.2
CUST_00667,Hannah Weber,2024-05-04,Basic_50Mbps,"Altstadt 4, 59581 Warstein",monthly,credit_card,False,22.2,44.991,50,364.5
CUST_00668,Julia Schmidt,2024-05-06,Basic_50Mbps,"Im Funkenkamp 4, 50129 Bergheim",2-year,electronic_check,True,22.1,49.99,50,539.6
CUST_00669,Noah Schwarz,2024-05-08,Basic_50Mbps,"Ahornweg 10, 59581 Warstein",monthly,electronic_check,True,22.1,49.99,50,17.4
CUST_00670,Julia Koch,2024-05-10,Basic_50Mbps,"Kornburger Weg 29, 13587 adressen_berlin.694",2-year,bank_transfer,True,22.0,49.99,50,412.9
CUST_00671,Sophie Klein,2024-05-12,Basic_50Mbps,"Lindenweg 17, 4808 Lossatal",monthly,mailed_check,True,21.9,49.99,50,570.8
CUST_00672,Hannah Klein,2024-05-14,Premium_1Gbps,"Schloßstraße 1, 4808 Lossatal",2-year,bank_transfer,True,21.9,119.99,1000,101.1
CUST_00673,Anna Hoffmann,2024-05-16,Basic_50Mbps,"Storchenweg 3, 25779 Hennstedt",2-year,electronic_check,False,21.8,49.99,50,306.9
CUST_00674,Lisa Hoffmann,2024-05-18,Standard_200Mbps,"Wasserstraße 23, 46446 Emmerich am Rhein",2-year,credit_card,True,21.7,71.991,200,113.1
CUST_00675,Hannah Fischer,2024-05-20,Standard_200Mbps,"Richard-Wagner-Straße 10, 15234 Frankfurt (Oder)",annual,electronic_check,True,21.7,79.99,200,950.8
CUST_00676,Noah Neumann,2024-05-22,Premium_1Gbps,"Im Tal 2, 41189 Mönchengladbach",monthly,bank_transfer,True,21.6,119.99,1000,10.2
CUST_00677,Felix Weber,2024-05-24,Basic_50Mbps,"Schalmeienweg 17, 15234 Frankfurt (Oder)",monthly,bank_transfer,True,21.5,44.991,50,260.1
CUST_00678,Sarah Becker,2024-05-26,Standard_200Mbps,"Finkenschlag 14, 4808 Lossatal",monthly,credit_card,True,21.5,79.99,200,54.6
CUST_00679,Sophie Bauer,2024-05-28,Premium_1Gbps,"Gerhart-Hauptmann-Straße 5, 59269 Beckum",monthly,credit_card,False,21.4,119.99,1000,373.7
CUST_00680,Julia Bauer,2024-05-30,Premium_1Gbps,"Sonnenblumenring 31, 25779 Hennstedt",annual,mailed_check,True,21.3,119.99,1000,58.0
CUST_00681,Sophie Schulz,2024-06-01,Premium_1Gbps,"Weiherweg 6, 46446 Emmerich am Rhein",monthly,bank_transfer,False,21.3,119.99,1000,80.5
CUST_00682,Noah Becker,2024-06-03,Basic_50Mbps,"Wickingstraße 58, 59269 Beckum",2-year,electronic_check,True,21.2,49.99,50,204.6
CUST_00683,Lena Schwarz,2024-06-05,Basic_50Mbps,"Bürgerm.-Horst-Straße 14, 48703 Stadtlohn",annual,credit_card,False,21.1,49.99,50,738.9
CUST_00684,Lisa Braun,2024-06-07,Standard_200Mbps,"Haxthausenweg 48, 48165 Münster",2-year,bank_transfer,True,21.1,79.99,200,71.4
CUST_00685,Julia Müller,2024-06-09,Premium_1Gbps,"Kaiser-Wilhelm-Straße 86, 59269 Beckum",monthly,bank_transfer,True,21.0,119.99,1000,46.7
CUST_00686,Lisa Schulz,2024-06-11,Standard_200Mbps,"Karl-Marx-Straße 51, 4808 Lossatal",2-year,credit_card,True,20.9,79.99,200,426.9
CUST_00687,Max Meyer,2024-06-13,Standard_200Mbps,"Im Stemmen 38, 48165 Münster",2-year,credit_card,False,20.9,71.991,200,208.3
CUST_00688,Paul Hoffmann,2024-06-15,Basic_50Mbps,"Rosa-Luxemburg-Allee 6, 14772 Brandenburg an der Havel",monthly,mailed_check,True,20.8,44.991,50,728.4
CUST_00689,Leon Bauer,2024-06-17,Standard_200Mbps,"Jahnstraße 36, 59269 Beckum",annual,mailed_check,True,20.7,79.99,200,47.6
CUST_00690,Max Meyer,2024-06-19,Basic_50Mbps,"Schulstraße 5, 15230 Frankfurt (Oder)",annual,mailed_check,True,20.7,49.99,50,311.5
CUST_00691,Tim Zimmermann,2024-06-21,Basic_50Mbps,"Rathenaustraße 63, 15234 Frankfurt (Oder)",monthly,mailed_check,False,20.6,49.99,50,79.5
CUST_00692,Jonas Schneider,2024-06-23,Standard_200Mbps,"Große Busch 44, 59348 Lüdinghausen",annual,mailed_check,True,20.5,79.99,200,51.2
CUST_00693,Tim Müller,2024-06-25,Standard_200Mbps,"Zur Aue 12, None Sondershausen",monthly,credit_card,False,20.5,79.99,200,345.1
CUST_00694,Lukas Neumann,2024-06-27,Basic_50Mbps,"Lichtensteiner Straße 30, 8371 Stadt Glauchau",monthly,mailed_check,True,20.4,49.99,50,270.2
CUST_00695,Felix Richter,2024-06-29,Basic_50Mbps,"Im Schilfgürtel 1, 59348 Lüdinghausen",monthly,electronic_check,True,20.3,49.99,50,421.7
CUST_00696,Lena Wolf,2024-07-01,Standard_200Mbps,"Gründelparkweg 3, 8371 Stadt Glauchau",monthly,mailed_check,True,20.3,79.99,200,111.1
CUST_00697,Leon Meyer,2024-07-03,Basic_50Mbps,"Am Stadtwald 26, 59348 Lüdinghausen",monthly,electronic_check,False,20.2,49.99,50,178.2
CUST_00698,Hannah Hoffmann,2024-07-05,Standard_200Mbps,"Johannisstraße 3, 8371 Stadt Glauchau",monthly,bank_transfer,True,20.1,79.99,200,156.0
CUST_00699,Leon Zimmermann,2024-07-07,Basic_50Mbps,"Meeraner Straße 151, 8371 Stadt Glauchau",2-year,electronic_check,False,20.1,44.991,50,1242.2
CUST_00700,Lisa Schneider,2024-07-09,Standard_200Mbps,"Fliednerstraße 4, 48703 Stadtlohn",annual,electronic_check,True,20.0,79.99,200,103.7
CUST_00701,Anna Weber,2024-07-11,Standard_200Mbps,"Hegelstraße 18, 48703 Stadtlohn",2-year,mailed_check,True,19.9,79.99,200,104.8
CUST_00702,Laura Braun,2024-07-13,Basic_50Mbps,"Kortumweg 39, 48165 Münster",monthly,electronic_check,True,19.9,44.991,50,131.3
CUST_00703,Anna Schneider,2024-07-15,Basic_50Mbps,"Esterner Landweg 12, 48703 Stadtlohn",monthly,credit_card,True,19.8,49.99,50,249.4
CUST_00704,Paul Wolf,2024-07-17,Basic_50Mbps,"Haferkamp 4, 25779 Hennstedt",annual,credit_card,False,19.7,49.99,50,87.2
CUST_00705,Lena Schröder,2024-07-19,Basic_50Mbps,"Müssenredder 87, 22399 Hamburg",monthly,electronic_check,False,19.7,49.99,50,740.6
CUST_00706,Lisa Wolf,2024-07-21,Premium_1Gbps,"Estern 58, 48703 Stadtlohn",monthly,electronic_check,False,19.6,119.99,1000,92.6
CUST_00707,Lena Schulz,2024-07-23,Basic_50Mbps,"Martinusstraße 7, 46446 Emmerich am Rhein",annual,credit_card,False,19.5,49.99,50,678.5
CUST_00708,Felix Neumann,2024-07-25,Premium_1Gbps,"Kloster 21, 25364 Osterhorn",monthly,bank_transfer,True,19.5,107.991,1000,32.8
CUST_00709,Sophie Bauer,2024-07-27,Basic_50Mbps,"Eltener Markt 2, 46446 Emmerich am Rhein",annual,credit_card,True,19.4,49.99,50,320.6
CUST_00710,Lena Fischer,2024-07-29,Standard_200Mbps,"Schillerstraße 22, 15234 Frankfurt (Oder)",annual,bank_transfer,False,19.3,79.99,200,712.5
CUST_00711,Mia Zimmermann,2024-07-31,Standard_200Mbps,"Kopernikusstraße 3, 59269 Beckum",monthly,electronic_check,True,19.3,79.99,200,55.4
CUST_00712,Sarah Neumann,2024-08-02,Standard_200Mbps,"Aschhooptwiete 11, 25421 Pinneberg",monthly,mailed_check,False,19.2,79.99,200,1035.7
CUST_00713,Mia Schmidt,2024-08-04,Standard_200Mbps,"Pommergasse 1, 32469 Petershagen",annual,bank_transfer,False,19.1,79.99,200,180.9
CUST_00714,Emma Richter,2024-08-06,Standard_200Mbps,"Pitzer Feld 14, 51503 Rösrath",monthly,bank_transfer,True,19.1,79.99,200,874.1
CUST_00715,Lisa Schmidt,2024-08-08,Basic_50Mbps,"Bensberger Straße 280, 51503 Rösrath",monthly,credit_card,False,19.0,49.99,50,338.9
CUST_00716,Max Wagner,2024-08-10,Premium_1Gbps,"Güldene Tröge 63, 59581 Warstein",2-year,bank_transfer,True,18.9,119.99,1000,107.7
CUST_00717,Mia Wagner,2024-08-12,Premium_1Gbps,"Lindenweg 15, 4808 Lossatal",monthly,mailed_check,True,18.9,119.99,1000,62.6
CUST_00718,Tim Schulz,2024-08-14,Premium_1Gbps,"Schmalzgasse 2, 15230 Frankfurt (Oder)",annual,electronic_check,True,18.8,119.99,1000,108.6
CUST_00719,Mia Koch,2024-08-16,Basic_50Mbps,"Friedensstraße 89, None Stadt Artern",2-year,electronic_check,True,18.7,49.99,50,29.3
CUST_00720,Sophie Müller,2024-08-18,Standard_200Mbps,"Heerstraße 19, None Sondershausen",monthly,credit_card,True,18.7,79.99,200,46.6
CUST_00721,Sarah Klein,2024-08-20,Premium_1Gbps,"Kolonie 138, None Stadt Artern",monthly,electronic_check,True,18.6,119.99,1000,33.2
CUST_00722,Laura Weber,2024-08-22,Basic_50Mbps,"Antonstraße 3, 8371 Stadt Glauchau",monthly,electronic_check,False,18.5,44.991,50,164.9
CUST_00723,Jonas Schwarz,2024-08-24,Basic_50Mbps,"Müssenredder 102, 22399 Hamburg",monthly,electronic_check,False,18.5,49.99,50,476.3
CUST_00724,Emma Neumann,2024-08-26,Standard_200Mbps,"Gescher Dyk 35, 48703 Stadtlohn",monthly,mailed_check,True,18.4,79.99,200,45.7
CUST_00725,Julia Bauer,2024-08-28,Standard_200Mbps,"Rotdornweg 11, 14772 Brandenburg an der Havel",annual,bank_transfer,True,18.3,79.99,200,41.9
CUST_00726,Lukas Richter,2024-08-30,Premium_1Gbps,"Gustav-Moll-Straße 58, 59269 Beckum",monthly,bank_transfer,False,18.3,107.991,1000,309.4
CUST_00727,Anna Klein,2024-09-01,Basic_50Mbps,"Amselstieg 52, 25421 Pinneberg",annual,credit_card,True,18.2,49.99,50,65.9
CUST_00728,Max Wolf,2024-09-03,Standard_200Mbps,"Kraftwerksiedlung 7, 32469 Petershagen",2-year,bank_transfer,True,18.1,79.99,200,30.8
CUST_00729,Lukas Koch,2024-09-05,Basic_50Mbps,"An der Eider 6, 25779 Hennstedt",2-year,bank_transfer,True,18.1,49.99,50,54.8
CUST_00730,Noah Klein,2024-09-07,Basic_50Mbps,"Helmestraße 19, None Stadt Artern",annual,mailed_check,True,18.0,44.991,50,772.0
CUST_00731,Noah Richter,2024-09-09,Basic_50Mbps,"Talstraße 43, 8371 Stadt Glauchau",monthly,electronic_check,True,17.9,44.991,50,516.9
CUST_00732,Lena Hoffmann,2024-09-11,Premium_1Gbps,"Wickingstraße 31, 59269 Beckum",annual,mailed_check,False,17.9,107.991,1000,131.1
CUST_00733,Sophie Richter,2024-09-13,Standard_200Mbps,"Heideweg 8, 51503 Rösrath",annual,credit_card,True,17.8,79.99,200,320.0
CUST_00734,Max Koch,2024-09-15,Standard_200Mbps,"Zollweg 5, 50181 Bedburg",monthly,electronic_check,True,17.7,79.99,200,231.2
CUST_00735,Laura Braun,2024-09-17,Standard_200Mbps,"Heideweg 23, 51503 Rösrath",monthly,electronic_check,True,17.7,79.99,200,339.1
CUST_00736,David Bauer,2024-09-19,Premium_1Gbps,"Seelower Kehre 3, 15234 Frankfurt (Oder)",2-year,electronic_check,True,17.6,107.991,1000,344.3
CUST_00737,Lukas Klein,2024-09-21,Standard_200Mbps,"Rhinweg 8, 14770 Brandenburg an der Havel",monthly,electronic_check,True,17.5,79.99,200,297.3
CUST_00738,Sophie Becker,2024-09-23,Premium_1Gbps,"Quenzweg 30, 14772 Brandenburg an der Havel",monthly,mailed_check,False,17.5,119.99,1000,92.8
CUST_00739,Lena Zimmermann,2024-09-25,Standard_200Mbps,"Sandgrund 15, 15236 Frankfurt (Oder)",monthly,electronic_check,False,17.4,79.99,200,11.9
CUST_00740,Jonas Neumann,2024-09-27,Standard_200Mbps,"Lossaer Straße 16, 4808 Lossatal",monthly,credit_card,True,17.3,79.99,200,182.4
CUST_00741,Lukas Richter,2024-09-29,Standard_200Mbps,"Borrengasse 39, 41238 Mönchengladbach",2-year,bank_transfer,False,17.3,79.99,200,664.9
CUST_00742,Mia Koch,2024-10-01,Basic_50Mbps,"Sonnenweg 10, 51503 Rösrath",annual,bank_transfer,False,17.2,44.991,50,252.8
CUST_00743,Emma Koch,2024-10-03,Standard_200Mbps,"Rosenweg 5, 50129 Bergheim",annual,credit_card,False,17.1,71.991,200,535.8
CUST_00744,Laura Schneider,2024-10-05,Standard_200Mbps,"Margeritenring 57, 59348 Lüdinghausen",monthly,credit_card,True,17.1,79.99,200,1434.7
CUST_00745,Ben Fischer,2024-10-07,Basic_50Mbps,"Selmer Str. 25, 59348 Lüdinghausen",monthly,mailed_check,True,17.0,49.99,50,53.6
CUST_00746,Ben Neumann,2024-10-09,Premium_1Gbps,"Am Kreuzkamp 6, 32423 Minden",monthly,electronic_check,True,16.9,107.991,1000,353.1
CUST_00747,Felix Bauer,2024-10-11,Standard_200Mbps,"Lindenallee 10, 4808 Lossatal",monthly,mailed_check,True,16.9,71.991,200,336.5
CUST_00748,Hannah Weber,2024-10-13,Standard_200Mbps,"Kastanienallee 13, 13158 adressen_berlin.69195",monthly,credit_card,True,16.8,71.991,200,1172.9
CUST_00749,Emma Fischer,2024-10-15,Premium_1Gbps,"Wiethagen 20, 59269 Beckum",annual,electronic_check,True,16.7,119.99,1000,1272.2
CUST_00750,Tim Schulz,2024-10-17,Standard_200Mbps,"Süderstraße 6, 25779 Hennstedt",monthly,mailed_check,False,16.7,79.99,200,348.2
CUST_00751,Felix Meyer,2024-10-19,Basic_50Mbps,"An der Mühlenau 11, 25421 Pinneberg",annual,bank_transfer,False,16.6,49.99,50,83.8
CUST_00752,Lisa Weber,2024-10-21,Premium_1Gbps,"Streuffstraße 18, 46446 Emmerich am Rhein",monthly,electronic_check,False,16.5,119.99,1000,480.7
CUST_00753,Lukas Meyer,2024-10-23,Standard_200Mbps,"Kopernikusstraße 4, 59269 Beckum",monthly,bank_transfer,True,16.5,79.99,200,34.0
CUST_00754,Sarah Wolf,2024-10-25,Basic_50Mbps,"Rochowstraße 15, 14776 Brandenburg an der Havel",monthly,bank_transfer,True,16.4,49.99,50,455.2
CUST_00755,Noah Zimmermann,2024-10-27,Basic_50Mbps,"Rathmering 14, 48703 Stadtlohn",2-year,electronic_check,True,16.3,49.99,50,723.0
CUST_00756,David Zimmermann,2024-10-29,Standard_200Mbps,"Schillerstraße 23, 59269 Beckum",2-year,bank_transfer,True,16.3,79.99,200,144.8
CUST_00757,Lisa Koch,2024-10-31,Standard_200Mbps,"An der Alten Kirche 79, 48165 Münster",2-year,mailed_check,True,16.2,71.991,200,298.8
CUST_00758,Leon Weber,2024-11-02,Standard_200Mbps,"Löösenweg 24, 32469 Petershagen",monthly,electronic_check,True,16.1,79.99,200,168.7
CUST_00759,David Schneider,2024-11-04,Premium_1Gbps,"Eggstedter Weg 18, 25712 Hochdonn",monthly,electronic_check,True,16.1,119.99,1000,172.8
CUST_00760,Sarah Wolf,2024-11-06,Standard_200Mbps,"Rilkeweg 15, 48165 Münster",annual,credit_card,False,16.0,79.99,200,111.5
CUST_00761,Mia Schulz,2024-11-08,Basic_50Mbps,"Kortumweg 23, 48165 Münster",monthly,credit_card,True,15.9,49.99,50,430.8
CUST_00762,Noah Schmidt,2024-11-10,Basic_50Mbps,"Meeraner Straße 153, 8371 Stadt Glauchau",2-year,credit_card,False,15.9,49.99,50,825.5
CUST_00763,Hannah Neumann,2024-11-12,Basic_50Mbps,"Kolonie 131, None Stadt Artern",monthly,mailed_check,True,15.8,49.99,50,847.8
CUST_00764,Lukas Hoffmann,2024-11-14,Standard_200Mbps,"Am Mühlenkreuz 46, 50181 Bedburg",monthly,mailed_check,True,15.7,79.99,200,57.6
CUST_00765,David Wolf,2024-11-16,Basic_50Mbps,"Mertensheide 7, 48165 Münster",monthly,credit_card,True,15.7,49.99,50,623.2
CUST_00766,Anna Schmidt,2024-11-18,Standard_200Mbps,"Gründelparkweg 5, 8371 Stadt Glauchau",monthly,electronic_check,True,15.6,79.99,200,401.2
CUST_00767,Hannah Hoffmann,2024-11-20,Standard_200Mbps,"Müssenredder 27, 22399 Hamburg",annual,mailed_check,True,15.5,79.99,200,87.4
CUST_00768,Lukas Schneider,2024-11-22,Premium_1Gbps,"Kurze Straße 25, 59269 Beckum",monthly,bank_transfer,True,15.5,107.991,1000,20.9
CUST_00769,Lisa Braun,2024-11-24,Basic_50Mbps,"An der Alten Kirche 11, 48165 Münster",monthly,mailed_check,True,15.4,49.99,50,93.6
CUST_00770,Ben Richter,2024-11-26,Premium_1Gbps,"Schmidtstraße 11, 46446 Emmerich am Rhein",monthly,electronic_check,True,15.3,119.99,1000,729.8
CUST_00771,David Zimmermann,2024-11-28,Basic_50Mbps,"Windmühlenberg 26, 59348 Lüdinghausen",monthly,credit_card,True,15.3,44.991,50,300.9
CUST_00772,Julia Schmidt,2024-11-30,Premium_1Gbps,"Am Brunnen 2, 51503 Rösrath",annual,bank_transfer,False,15.2,119.99,1000,383.0
CUST_00773,David Zimmermann,2024-12-02,Basic_50Mbps,"Wilkeplatz 3, 59581 Warstein",2-year,electronic_check,True,15.1,49.99,50,89.2
CUST_00774,Felix Koch,2024-12-04,Standard_200Mbps,"Am Bahndamm 4, 25712 Hochdonn",2-year,mailed_check,False,15.1,79.99,200,381.2
CUST_00775,Lisa Schröder,2024-12-06,Standard_200Mbps,"In der Steverau 5, 59348 Lüdinghausen",annual,mailed_check,True,15.0,79.99,200,8.6
CUST_00776,Ben Weber,2024-12-08,Basic_50Mbps,"Puschkinstraße 28, 15236 Frankfurt (Oder)",monthly,mailed_check,False,14.9,49.99,50,141.2
CUST_00777,Anna Wolf,2024-12-10,Basic_50Mbps,"Holzmarkt 27, 51503 Rösrath",annual,credit_card,False,14.9,44.991,50,295.7
CUST_00778,Sophie Koch,2024-12-12,Standard_200Mbps,"Schildhof 17, 32423 Minden",monthly,credit_card,True,14.8,79.99,200,47.4
CUST_00779,Lukas Neumann,2024-12-14,Standard_200Mbps,"Halterner Str. 20, 59348 Lüdinghausen",monthly,mailed_check,True,14.7,79.99,200,519.5
CUST_00780,Laura Schmidt,2024-12-16,Standard_200Mbps,"Rochowstraße 22, 14776 Brandenburg an der Havel",2-year,bank_transfer,False,14.7,79.99,200,80.4
CUST_00781,Emma Wolf,2024-12-18,Standard_200Mbps,"Robert-Bosch-Straße 5, 50181 Bedburg",monthly,credit_card,True,14.6,71.991,200,316.9
CUST_00782,David Neumann,2024-12-20,Standard_200Mbps,"Sonderwykstraße 39, 46446 Emmerich am Rhein",2-year,electronic_check,True,14.5,71.991,200,155.9
CUST_00783,Ben Braun,2024-12-22,Basic_50Mbps,"Unterm Haane 63, 59581 Warstein",monthly,electronic_check,True,14.5,49.99,50,271.9
CUST_00784,Laura Bauer,2024-12-24,Basic_50Mbps,"Westerberg 51, 59581 Warstein",annual,electronic_check,False,14.4,49.99,50,34.1
CUST_00785,Hannah Hoffmann,2024-12-26,Basic_50Mbps,"Neustadt 59, 46446 Emmerich am Rhein",annual,electronic_check,False,14.3,49.99,50,5.1
CUST_00786,Jonas Klein,2024-12-28,Premium_1Gbps,"Ratsweg 5, 14770 Brandenburg an der Havel",2-year,bank_transfer,True,14.3,119.99,1000,720.9
CUST_00787,Leon Braun,2024-12-30,Standard_200Mbps,"Ragoser Talweg 47, 15234 Frankfurt (Oder)",annual,electronic_check,True,14.2,79.99,200,94.3
CUST_00788,Anna Koch,2025-01-01,Standard_200Mbps,"Kirchweg 11, 51503 Rösrath",annual,credit_card,True,14.1,79.99,200,513.9
CUST_00789,Lukas Koch,2025-01-03,Standard_200Mbps,"Paul-Lincke-Straße 4, 46446 Emmerich am Rhein",monthly,electronic_check,True,14.1,79.99,200,2201.7
CUST_00790,Sophie Schwarz,2025-01-05,Premium_1Gbps,"Amelsbürener Straße 3, 48165 Münster",annual,electronic_check,False,14.0,119.99,1000,71.3
CUST_00791,Jonas Hoffmann,2025-01-07,Basic_50Mbps,"Kartoffelsteig 87, 13159 adressen_berlin.69115",monthly,electronic_check,True,13.9,44.991,50,92.4
CUST_00792,Paul Braun,2025-01-09,Standard_200Mbps,"Wettiner Straße 40, 8371 Stadt Glauchau",annual,electronic_check,True,13.9,79.99,200,326.2
CUST_00793,Tim Koch,2025-01-11,Standard_200Mbps,"Hainleitestraße 20, None Sondershausen",annual,mailed_check,True,13.8,71.991,200,1009.6
CUST_00794,Lukas Zimmermann,2025-01-13,Standard_200Mbps,"Am Pastorat 38, 41189 Mönchengladbach",annual,bank_transfer,False,13.7,79.99,200,742.4
CUST_00795,Tim Bauer,2025-01-15,Basic_50Mbps,"Ringstraße 40, 59581 Warstein",monthly,mailed_check,True,13.7,49.99,50,209.7
CUST_00796,Mia Richter,2025-01-17,Premium_1Gbps,"Letelner Straße 96, 32423 Minden",monthly,mailed_check,True,13.6,119.99,1000,475.6
CUST_00797,Tim Braun,2025-01-19,Premium_1Gbps,"Heideweg 35, 51503 Rösrath",annual,credit_card,True,13.5,107.991,1000,43.8
CUST_00798,Lukas Hoffmann,2025-01-21,Standard_200Mbps,"Rosenweg 8, 14772 Brandenburg an der Havel",monthly,mailed_check,True,13.5,79.99,200,1137.4
CUST_00799,Julia Richter,2025-01-23,Standard_200Mbps,"Kloster 24, 25364 Osterhorn",monthly,electronic_check,True,13.4,71.991,200,1000.2
CUST_00800,Leon Weber,2025-01-25,Premium_1Gbps,"Sonnenweg 22, 51503 Rösrath",monthly,credit_card,True,13.3,119.99,1000,53.6
CUST_00801,Ben Schneider,2025-01-27,Standard_200Mbps,"von-Bodelschwingh-Straße 54, 46446 Emmerich am Rhein",2-year,electronic_check,True,13.3,71.991,200,106.8
CUST_00802,Lena Neumann,2025-01-29,Basic_50Mbps,"Rosa-Luxemburg-Straße 43, 15230 Frankfurt (Oder)",annual,electronic_check,False,13.2,44.991,50,31.7
CUST_00803,Hannah Müller,2025-01-31,Standard_200Mbps,"Siedlungsstraße 12, 4808 Lossatal",monthly,electronic_check,False,13.1,79.99,200,95.1
CUST_00804,Hannah Hoffmann,2025-02-02,Standard_200Mbps,"Entgesbüchel 9, 51503 Rösrath",monthly,electronic_check,False,13.1,71.991,200,507.8
CUST_00805,Laura Wagner,2025-02-04,Standard_200Mbps,"Schubertstraße 66, 15234 Frankfurt (Oder)",monthly,mailed_check,True,13.0,79.99,200,142.6
CUST_00806,Leon Schröder,2025-02-06,Standard_200Mbps,"Estern 22, 48703 Stadtlohn",annual,electronic_check,False,12.9,79.99,200,27.8
CUST_00807,Felix Becker,2025-02-08,Premium_1Gbps,"Sonnenblumenring 24, 25779 Hennstedt",annual,electronic_check,True,12.9,107.991,1000,125.7
CUST_00808,Tim Weber,2025-02-10,Premium_1Gbps,"Ostwall 30, 59348 Lüdinghausen",monthly,credit_card,True,12.8,119.99,1000,1195.1
CUST_00809,Lukas Hoffmann,2025-02-12,Standard_200Mbps,"Schlossacker 83, 41189 Mönchengladbach",monthly,mailed_check,True,12.7,79.99,200,298.0
CUST_00810,Sophie Neumann,2025-02-14,Basic_50Mbps,"Auf dem Kamp 39, 51503 Rösrath",monthly,electronic_check,True,12.7,49.99,50,161.4
CUST_00811,Julia Neumann,2025-02-16,Premium_1Gbps,"Waldenburger Straße 115, 8371 Stadt Glauchau",annual,bank_transfer,True,12.6,107.991,1000,54.7
CUST_00812,Anna Koch,2025-02-18,Premium_1Gbps,"Stellmacherstr. 12, 59348 Lüdinghausen",annual,mailed_check,True,12.5,119.99,1000,1284.4
CUST_00813,Lisa Weber,2025-02-20,Basic_50Mbps,"Morkener Straße 33, 50181 Bedburg",monthly,electronic_check,True,12.5,44.991,50,515.9
CUST_00814,Lisa Richter,2025-02-22,Premium_1Gbps,"Waldeck 3, 4808 Lossatal",monthly,credit_card,True,12.4,119.99,1000,99.2
CUST_00815,Tim Meyer,2025-02-24,Premium_1Gbps,"Am Drosteipark 5, 25421 Pinneberg",monthly,mailed_check,True,12.3,119.99,1000,21.8
CUST_00816,Laura Braun,2025-02-26,Standard_200Mbps,"Müssenredder 80, 22399 Hamburg",2-year,electronic_check,True,12.3,79.99,200,17.5
CUST_00817,Laura Wolf,2025-02-28,Standard_200Mbps,"Straße der Einheit 51, None Stadt Artern",monthly,mailed_check,True,12.2,79.99,200,38.5
CUST_00818,Anna Klein,2025-03-02,Standard_200Mbps,"Rietzer Weg 10, 14776 Brandenburg an der Havel",annual,credit_card,False,12.1,79.99,200,260.8
CUST_00819,Hannah Becker,2025-03-04,Basic_50Mbps,"Mohnweg 3, 41238 Mönchengladbach",annual,credit_card,False,12.1,49.99,50,792.5
CUST_00820,David Braun,2025-03-06,Basic_50Mbps,"Dietzgenstraße 119, 13158 adressen_berlin.69417",monthly,bank_transfer,True,12.0,44.991,50,206.0
CUST_00821,Mia Wolf,2025-03-08,Premium_1Gbps,"Ratsweg 4, 14770 Brandenburg an der Havel",monthly,electronic_check,True,11.9,119.99,1000,555.3
CUST_00822,Emma Schwarz,2025-03-10,Basic_50Mbps,"Wittchental 1, None Sondershausen",monthly,bank_transfer,True,11.9,49.99,50,177.1
CUST_00823,Emma Hoffmann,2025-03-12,Basic_50Mbps,"Walter-Rathenau-Ring 50, 59581 Warstein",annual,mailed_check,False,11.8,49.99,50,369.9
CUST_00824,Sarah Wagner,2025-03-14,Standard_200Mbps,"Bachhovenweg 42, 41189 Mönchengladbach",annual,bank_transfer,True,11.7,79.99,200,394.9
CUST_00825,Hannah Zimmermann,2025-03-16,Standard_200Mbps,"Hohe Straße 116, 50129 Bergheim",annual,bank_transfer,True,11.7,79.99,200,57.3
CUST_00826,David Wolf,2025-03-18,Premium_1Gbps,"Hauptstraße 62, 59269 Beckum",annual,electronic_check,True,11.6,107.991,1000,134.5
CUST_00827,Mia Richter,2025-03-20,Basic_50Mbps,"Karl-Immermann-Straße 6, 48165 Münster",monthly,electronic_check,True,11.5,49.99,50,304.3
CUST_00828,Ben Neumann,2025-03-22,Basic_50Mbps,"Eltener Markt 8, 46446 Emmerich am Rhein",2-year,credit_card,True,11.5,44.991,50,22.0
CUST_00829,Lena Meyer,2025-03-24,Standard_200Mbps,"Estern 28, 48703 Stadtlohn",annual,mailed_check,False,11.4,79.99,200,134.6
CUST_00830,Felix Braun,2025-03-26,Standard_200Mbps,"Külbe 5, 59581 Warstein",monthly,credit_card,True,11.3,79.99,200,229.6
CUST_00831,Tim Schulz,2025-03-28,Basic_50Mbps,"Jechaer Weg 11, None Sondershausen",2-year,mailed_check,True,11.3,49.99,50,1673.8
CUST_00832,Anna Schröder,2025-03-30,Standard_200Mbps,"Robinienweg 23, 14776 Brandenburg an der Havel",annual,electronic_check,False,11.2,79.99,200,193.0
CUST_00833,Hannah Schwarz,2025-04-01,Basic_50Mbps,"Reinholdshainer Straße 2, 8371 Stadt Glauchau",annual,credit_card,False,11.1,49.99,50,507.9
CUST_00834,Sophie Neumann,2025-04-03,Basic_50Mbps,"Heerstraße 17, None Sondershausen",annual,bank_transfer,True,11.1,44.991,50,169.7
CUST_00835,Sophie Hoffmann,2025-04-05,Standard_200Mbps,"Fährstraße 30, 32469 Petershagen",2-year,bank_transfer,True,11.0,79.99,200,477.5
CUST_00836,Lukas Meyer,2025-04-07,Standard_200Mbps,"Erlenweg 5, 4808 Lossatal",annual,electronic_check,True,10.9,71.991,200,271.5
CUST_00837,Paul Wolf,2025-04-09,Premium_1Gbps,"Sonnenweg 1, 51503 Rösrath",monthly,electronic_check,False,10.9,119.99,1000,653.0
CUST_00838,Ben Weber,2025-04-11,Standard_200Mbps,"Bahnstraße 3, 50181 Bedburg",monthly,credit_card,True,10.8,79.99,200,158.8
CUST_00839,Lena Schneider,2025-04-13,Standard_200Mbps,"Neusiedlerstraße 7, None Sondershausen",2-year,electronic_check,False,10.7,71.991,200,278.1
CUST_00840,Emma Wolf,2025-04-15,Standard_200Mbps,"Goethestraße 40, None Sondershausen",monthly,bank_transfer,True,10.7,79.99,200,298.3
CUST_00841,Hannah Müller,2025-04-17,Basic_50Mbps,"Narzissenweg 13, 22047 Hamburg",monthly,bank_transfer,True,10.6,49.99,50,162.1
CUST_00842,Lena Schmidt,2025-04-19,Standard_200Mbps,"Pastor-Jansen-Straße 16, 46446 Emmerich am Rhein",monthly,electronic_check,True,10.5,79.99,200,46.8
CUST_00843,Jonas Neumann,2025-04-21,Basic_50Mbps,"An der Alten Kirche 115, 48165 Münster",monthly,electronic_check,True,10.5,49.99,50,29.5
CUST_00844,Hannah Becker,2025-04-23,Premium_1Gbps,"Hinter der Neustadt 5, 46446 Emmerich am Rhein",annual,electronic_check,True,10.4,107.991,1000,5.0
CUST_00845,Jonas Schneider,2025-04-25,Basic_50Mbps,"Martinusstraße 8, 46446 Emmerich am Rhein",2-year,mailed_check,True,10.3,44.991,50,620.3
CUST_00846,Hannah Becker,2025-04-27,Standard_200Mbps,"Richard-Wagner-Straße 22, 15234 Frankfurt (Oder)",monthly,bank_transfer,True,10.3,79.99,200,80.9
CUST_00847,Max Koch,2025-04-29,Basic_50Mbps,"Friedensstraße 81, None Stadt Artern",monthly,electronic_check,False,10.2,49.99,50,71.3
CUST_00848,Sophie Koch,2025-05-01,Premium_1Gbps,"Rostocker Straße 12, 15234 Frankfurt (Oder)",monthly,bank_transfer,True,10.1,107.991,1000,399.6
CUST_00849,Tim Weber,2025-05-03,Standard_200Mbps,"Zur Aue 6, None Sondershausen",2-year,mailed_check,False,10.1,79.99,200,115.7
CUST_00850,Anna Hoffmann,2025-05-05,Standard_200Mbps,"Händelstraße 10, 41189 Mönchengladbach",annual,bank_transfer,True,10.0,71.991,200,211.6
CUST_00851,Sarah Weber,2025-05-07,Basic_50Mbps,"Unterm Haane 37, 59581 Warstein",monthly,electronic_check,True,9.9,49.99,50,53.2
CUST_00852,Sarah Wolf,2025-05-09,Standard_200Mbps,"Amelsbürener Straße 2, 48165 Münster",2-year,bank_transfer,True,9.9,79.99,200,963.8
CUST_00853,Lisa Müller,2025-05-11,Basic_50Mbps,"Ernst-Thälmann-Straße 121, None Stadt Artern",2-year,credit_card,True,9.8,49.99,50,572.3
CUST_00854,Lukas Müller,2025-05-13,Premium_1Gbps,"Robert-Koch-Straße 8, 14770 Brandenburg an der Havel",2-year,electronic_check,False,9.7,119.99,1000,598.1
CUST_00855,Paul Wagner,2025-05-15,Basic_50Mbps,"Süderstraße 16, 25779 Hennstedt",2-year,credit_card,True,9.7,49.99,50,156.7
CUST_00856,Tim Schwarz,2025-05-17,Basic_50Mbps,"Hainleitestraße 2, None Sondershausen",monthly,mailed_check,True,9.6,44.991,50,431.1
CUST_00857,Lisa Neumann,2025-05-19,Basic_50Mbps,"Nansenstraße 49, 22525 Hamburg",annual,bank_transfer,True,9.5,44.991,50,46.6
CUST_00858,Lena Fischer,2025-05-21,Standard_200Mbps,"Wilkestraße 62, 59581 Warstein",monthly,credit_card,True,9.5,79.99,200,2.6
CUST_00859,Mia Becker,2025-05-23,Standard_200Mbps,"Schubertstraße 28, 15234 Frankfurt (Oder)",2-year,credit_card,True,9.4,79.99,200,6.1
CUST_00860,Mia Fischer,2025-05-25,Basic_50Mbps,"Wurzener Landstraße 4, 4808 Lossatal",annual,credit_card,False,9.3,49.99,50,265.0
CUST_00861,Anna Becker,2025-05-27,Standard_200Mbps,"An der Alten Kirche 53, 48165 Münster",annual,electronic_check,False,9.3,79.99,200,182.3
CUST_00862,Lena Braun,2025-05-29,Standard_200Mbps,"Am Ulmenhof 23, 50181 Bedburg",annual,bank_transfer,True,9.2,79.99,200,219.0
CUST_00863,David Schneider,2025-05-31,Standard_200Mbps,"Lahder Straße 114, 32423 Minden",monthly,electronic_check,True,9.1,71.991,200,2.2
CUST_00864,Sophie Schröder,2025-06-02,Standard_200Mbps,"Rolevinckweg 15, 48165 Münster",annual,mailed_check,True,9.1,79.99,200,164.8
CUST_00865,Lisa Schwarz,2025-06-04,Standard_200Mbps,"Tulpenweg 13, 48703 Stadtlohn",2-year,mailed_check,True,9.0,79.99,200,379.8
CUST_00866,Max Neumann,2025-06-06,Standard_200Mbps,"Johannes-Bours-Straße 12, 46446 Emmerich am Rhein",2-year,mailed_check,True,8.9,79.99,200,175.4
CUST_00867,Noah Becker,2025-06-08,Basic_50Mbps,"Pfarrsiedlung 8, 8371 Stadt Glauchau",monthly,mailed_check,True,8.9,49.99,50,395.3
CUST_00868,Tim Hoffmann,2025-06-10,Basic_50Mbps,"von-Bodelschwingh-Straße 52, 46446 Emmerich am Rhein",monthly,electronic_check,True,8.8,44.991,50,79.6
CUST_00869,Lena Müller,2025-06-12,Premium_1Gbps,"Am Drosteipark 5, 25421 Pinneberg",monthly,bank_transfer,True,8.7,119.99,1000,503.2
CUST_00870,Lisa Bauer,2025-06-14,Premium_1Gbps,"Mutter-Ey-Straße 32, 41189 Mönchengladbach",annual,bank_transfer,True,8.7,119.99,1000,266.3
CUST_00871,Emma Zimmermann,2025-06-16,Standard_200Mbps,"Am Teich 1, 32469 Petershagen",2-year,electronic_check,True,8.6,79.99,200,71.0
CUST_00872,Lena Meyer,2025-06-18,Basic_50Mbps,"Goethestraße 46, None Sondershausen",monthly,electronic_check,True,8.5,44.991,50,81.0
CUST_00873,Lukas Neumann,2025-06-20,Standard_200Mbps,"Puschkinstraße 53, 15236 Frankfurt (Oder)",annual,electronic_check,True,8.5,71.991,200,296.7
CUST_00874,Hannah Schneider,2025-06-22,Standard_200Mbps,"Schönhauser Straße 36, 13158 adressen_berlin.69355",2-year,mailed_check,False,8.4,79.99,200,531.5
CUST_00875,Ben Schwarz,2025-06-24,Basic_50Mbps,"Riebestraße 23, 15234 Frankfurt (Oder)",annual,electronic_check,True,8.3,49.99,50,161.2
CUST_00876,Ben Neumann,2025-06-26,Basic_50Mbps,"Höckendorfer Weg 66, 8371 Stadt Glauchau",annual,mailed_check,True,8.3,49.99,50,89.6
CUST_00877,Julia Müller,2025-06-28,Standard_200Mbps,"Dorfstraße 50, 25364 Osterhorn",annual,mailed_check,True,8.2,79.99,200,605.2
CUST_00878,Jonas Schröder,2025-06-30,Standard_200Mbps,"Schulplatz 2, 8371 Stadt Glauchau",annual,bank_transfer,False,8.1,79.99,200,331.9
CUST_00879,Anna Richter,2025-07-02,Basic_50Mbps,"Große Trift 14, 32423 Minden",monthly,mailed_check,True,8.1,49.99,50,178.3
CUST_00880,Hannah Schulz,2025-07-04,Basic_50Mbps,"Klosterstraße 8, 46446 Emmerich am Rhein",annual,credit_card,True,8.0,49.99,50,200.8
CUST_00881,Max Bauer,2025-07-06,Basic_50Mbps,"Goethestraße 12, None Sondershausen",annual,bank_transfer,True,7.9,49.99,50,68.5
CUST_00882,Lukas Bauer,2025-07-08,Standard_200Mbps,"Nordendstraße 72, 13156 adressen_berlin.69272",2-year,electronic_check,False,7.9,79.99,200,295.7
CUST_00883,Emma Fischer,2025-07-10,Basic_50Mbps,"Naugarder Ring 24, 22147 Hamburg",annual,bank_transfer,False,7.8,49.99,50,133.3
CUST_00884,Noah Koch,2025-07-12,Basic_50Mbps,"Sellerweg 52, 59581 Warstein",annual,credit_card,True,7.7,44.991,50,1630.9
CUST_00885,Tim Schmidt,2025-07-14,Standard_200Mbps,"Eltener Markt 16, 46446 Emmerich am Rhein",monthly,credit_card,False,7.7,71.991,200,196.3
CUST_00886,Hannah Schwarz,2025-07-16,Basic_50Mbps,"Bensberger Straße 332, 51503 Rösrath",monthly,electronic_check,False,7.6,49.99,50,199.6
CUST_00887,Leon Meyer,2025-07-18,Standard_200Mbps,"Höckendorfer Weg 65, 8371 Stadt Glauchau",monthly,mailed_check,False,7.5,79.99,200,250.3
CUST_00888,David Schröder,2025-07-20,Basic_50Mbps,"Emkum 48, 59348 Lüdinghausen",monthly,mailed_check,True,7.5,49.99,50,745.8
CUST_00889,Laura Weber,2025-07-22,Basic_50Mbps,"Friedhofstraße 47, 50129 Bergheim",annual,electronic_check,True,7.4,44.991,50,484.1
CUST_00890,Lukas Wolf,2025-07-24,Basic_50Mbps,"Friedrich-Ebert-Straße 3, 8371 Stadt Glauchau",2-year,electronic_check,True,7.3,49.99,50,180.0
CUST_00891,Anna Hoffmann,2025-07-26,Standard_200Mbps,"Sendener Str. 31, 59348 Lüdinghausen",monthly,bank_transfer,False,7.3,79.99,200,380.5
CUST_00892,Felix Schmidt,2025-07-28,Premium_1Gbps,"Almsick 20, 48703 Stadtlohn",monthly,electronic_check,True,7.2,107.991,1000,264.7
CUST_00893,Felix Schmidt,2025-07-30,Premium_1Gbps,"Am Schäferkamp 10, 25421 Pinneberg",2-year,electronic_check,True,7.1,119.99,1000,203.4
CUST_00894,Leon Hoffmann,2025-08-01,Standard_200Mbps,"Kreuzdornweg 24, 41189 Mönchengladbach",monthly,electronic_check,True,7.1,79.99,200,64.1
CUST_00895,Ben Richter,2025-08-03,Standard_200Mbps,"Regattaring 15, 14772 Brandenburg an der Havel",annual,credit_card,False,7.0,79.99,200,187.1
CUST_00896,Julia Schröder,2025-08-05,Basic_50Mbps,"Rotdornweg 2, 14772 Brandenburg an der Havel",annual,electronic_check,False,6.9,44.991,50,84.6
CUST_00897,Paul Schmidt,2025-08-07,Basic_50Mbps,"Nordendstraße 25, 13156 adressen_berlin.69512",annual,mailed_check,True,6.9,44.991,50,739.0
CUST_00898,Felix Hoffmann,2025-08-09,Premium_1Gbps,"Verschönerung 1, 25779 Hennstedt",monthly,bank_transfer,False,6.8,119.99,1000,122.6
CUST_00899,Hannah Schmidt,2025-08-11,Basic_50Mbps,"Ratsweg 46, 14770 Brandenburg an der Havel",monthly,mailed_check,True,6.7,44.991,50,912.6
CUST_00900,Leon Schulz,2025-08-13,Basic_50Mbps,"Berliner Straße 20, 59581 Warstein",annual,credit_card,False,6.7,49.99,50,228.5
CUST_00901,Sophie Bauer,2025-08-15,Basic_50Mbps,"Waldstraße 1, None Sondershausen",annual,credit_card,True,6.6,44.991,50,299.5
CUST_00902,Lena Richter,2025-08-17,Basic_50Mbps,"Nellessenweg 73, 41238 Mönchengladbach",monthly,electronic_check,True,6.5,49.99,50,234.9
CUST_00903,David Richter,2025-08-19,Basic_50Mbps,"Am Fließ 17, 50181 Bedburg",annual,credit_card,False,6.5,44.991,50,41.6
CUST_00904,Leon Meyer,2025-08-21,Standard_200Mbps,"Am Kleefeldchen 18, 50181 Bedburg",monthly,mailed_check,True,6.4,79.99,200,141.4
CUST_00905,Sarah Schröder,2025-08-23,Standard_200Mbps,"An der Mühlenau 14, 25421 Pinneberg",annual,mailed_check,False,6.3,79.99,200,31.3
CUST_00906,Hannah Neumann,2025-08-25,Premium_1Gbps,"Fasanenweg 2, 59348 Lüdinghausen",monthly,credit_card,True,6.3,107.991,1000,292.6
CUST_00907,Paul Schneider,2025-08-27,Premium_1Gbps,"Straße der Einheit 49, None Stadt Artern",2-year,electronic_check,True,6.2,119.99,1000,177.7
CUST_00908,Lena Schneider,2025-08-29,Basic_50Mbps,"Amselstieg 34, 25421 Pinneberg",monthly,bank_transfer,True,6.1,49.99,50,451.5
CUST_00909,Lena Braun,2025-08-31,Basic_50Mbps,"Sonnenblumenring 10, 25779 Hennstedt",monthly,bank_transfer,True,6.1,49.99,50,74.7
CUST_00910,Laura Schwarz,2025-09-02,Standard_200Mbps,"Amselstieg 18, 25421 Pinneberg",monthly,bank_transfer,True,6.0,79.99,200,53.9
CUST_00911,Mia Koch,2025-09-04,Standard_200Mbps,"Rosa-Luxemburg-Allee 50, 14772 Brandenburg an der Havel",monthly,bank_transfer,True,5.9,79.99,200,156.4
CUST_00912,Sophie Schneider,2025-09-06,Basic_50Mbps,"Ludgeristiege 10, 59348 Lüdinghausen",2-year,credit_card,True,5.9,49.99,50,783.5
CUST_00913,Leon Hoffmann,2025-09-08,Standard_200Mbps,"Ginsterweg 5, 59348 Lüdinghausen",2-year,electronic_check,True,5.8,79.99,200,371.8
CUST_00914,Mia Wolf,2025-09-10,Standard_200Mbps,"Dietrich-Bonhoeffer-Ring 45, 59348 Lüdinghausen",monthly,electronic_check,False,5.7,71.991,200,162.9
CUST_00915,Lisa Klein,2025-09-12,Standard_200Mbps,"Schalmeienweg 8, 15234 Frankfurt (Oder)",monthly,bank_transfer,False,5.7,71.991,200,218.5
CUST_00916,Laura Wolf,2025-09-14,Standard_200Mbps,"Richard-Wagner-Straße 23, 15234 Frankfurt (Oder)",annual,electronic_check,True,5.6,79.99,200,26.4
CUST_00917,Hannah Wolf,2025-09-16,Basic_50Mbps,"Dorfblick 42, 4808 Lossatal",2-year,electronic_check,False,5.5,49.99,50,1251.5
CUST_00918,Anna Bauer,2025-09-18,Premium_1Gbps,"Amselstieg 1, 25421 Pinneberg",annual,electronic_check,True,5.5,119.99,1000,329.4
CUST_00919,Lisa Klein,2025-09-20,Standard_200Mbps,"Nagelshof 19, 22559 Hamburg",monthly,mailed_check,True,5.4,79.99,200,100.8
CUST_00920,Paul Schmidt,2025-09-22,Basic_50Mbps,"Akazienweg 1, 25421 Pinneberg",monthly,bank_transfer,False,5.3,49.99,50,264.4
CUST_00921,Lukas Richter,2025-09-24,Premium_1Gbps,"Neubrandenburger Straße 90, 13059 adressen_berlin.6928",annual,bank_transfer,False,5.3,119.99,1000,34.8
CUST_00922,Hannah Neumann,2025-09-26,Standard_200Mbps,"Buschbellstraße 22, 41238 Mönchengladbach",monthly,electronic_check,True,5.2,79.99,200,1013.0
CUST_00923,Laura Müller,2025-09-28,Premium_1Gbps,"Am Schacht 153, None Stadt Artern",annual,electronic_check,False,5.1,119.99,1000,57.6
CUST_00924,Tim Braun,2025-09-30,Standard_200Mbps,"Rudolf-Frantz-Straße 2, 15230 Frankfurt (Oder)",monthly,credit_card,True,5.1,79.99,200,313.3
CUST_00925,David Schmidt,2025-10-02,Standard_200Mbps,"Heerstraße 28, None Sondershausen",annual,bank_transfer,False,5.0,71.991,200,84.5
CUST_00926,Tim Schneider,2025-10-04,Basic_50Mbps,"Storchenweg 8, 25779 Hennstedt",monthly,electronic_check,True,4.9,49.99,50,379.3
CUST_00927,Emma Bauer,2025-10-06,Basic_50Mbps,"Am Stadtforst 17, 25421 Pinneberg",annual,electronic_check,True,4.9,49.99,50,449.9
CUST_00928,Hannah Richter,2025-10-08,Standard_200Mbps,"Aschhooptwiete 2, 25421 Pinneberg",monthly,electronic_check,True,4.8,79.99,200,335.7
CUST_00929,Noah Schmidt,2025-10-10,Standard_200Mbps,"Straße der Einheit 46, None Stadt Artern",annual,electronic_check,True,4.7,79.99,200,286.0
CUST_00930,Lisa Weber,2025-10-12,Basic_50Mbps,"Jechaer Weg 12, None Sondershausen",monthly,bank_transfer,True,4.7,49.99,50,669.0
CUST_00931,David Bauer,2025-10-14,Basic_50Mbps,"Goethestraße 23, 59269 Beckum",annual,mailed_check,False,4.6,49.99,50,24.6
CUST_00932,Hannah Wolf,2025-10-16,Premium_1Gbps,"Jahnstraße 49, 59269 Beckum",annual,electronic_check,True,4.5,119.99,1000,120.6
CUST_00933,Lukas Zimmermann,2025-10-18,Premium_1Gbps,"Klosterstraße 3, 46446 Emmerich am Rhein",annual,credit_card,True,4.5,119.99,1000,85.6
CUST_00934,Tim Neumann,2025-10-20,Standard_200Mbps,"Am Volkspark 7, 59269 Beckum",annual,mailed_check,True,4.4,79.99,200,1327.2
CUST_00935,Hannah Richter,2025-10-22,Basic_50Mbps,"Gottfried-Polysius-Straße 61, 59269 Beckum",annual,electronic_check,True,4.3,49.99,50,148.0
CUST_00936,Leon Schulz,2025-10-24,Basic_50Mbps,"Marderweg 5, 51503 Rösrath",2-year,credit_card,True,4.3,49.99,50,395.7
CUST_00937,Emma Fischer,2025-10-26,Basic_50Mbps,"Wickingstraße 20, 59269 Beckum",monthly,electronic_check,True,4.2,49.99,50,346.3
CUST_00938,Max Meyer,2025-10-28,Premium_1Gbps,"Wettiner Straße 21, 8371 Stadt Glauchau",2-year,mailed_check,True,4.1,119.99,1000,71.5
CUST_00939,Sarah Neumann,2025-10-30,Basic_50Mbps,"Kastanienallee 108, 13158 adressen_berlin.69258",monthly,electronic_check,True,4.1,49.99,50,81.9
CUST_00940,Jonas Schwarz,2025-11-01,Standard_200Mbps,"Am Hünengrab 9, 25421 Pinneberg",monthly,credit_card,True,4.0,79.99,200,99.1
CUST_00941,Sophie Schulz,2025-11-03,Basic_50Mbps,"Akazienweg 9, 25421 Pinneberg",monthly,bank_transfer,False,3.9,49.99,50,158.9
CUST_00942,Paul Wolf,2025-11-05,Standard_200Mbps,"Kirchweg 3, 51503 Rösrath",monthly,mailed_check,False,3.9,79.99,200,80.1
CUST_00943,Felix Braun,2025-11-07,Standard_200Mbps,"Hospitalanger 3, 8371 Stadt Glauchau",annual,bank_transfer,True,3.8,79.99,200,6.0
CUST_00944,Mia Schröder,2025-11-09,Premium_1Gbps,"Trimpelshütter Straße 75, 41238 Mönchengladbach",annual,electronic_check,True,3.7,119.99,1000,634.6
CUST_00945,Felix Fischer,2025-11-11,Basic_50Mbps,"Nordendstraße 62, 13156 adressen_berlin.69541",annual,electronic_check,True,3.7,49.99,50,1011.0
CUST_00946,Tim Schneider,2025-11-13,Basic_50Mbps,"Im Stemmen 4, 48165 Münster",annual,credit_card,True,3.6,49.99,50,125.4
CUST_00947,David Meyer,2025-11-15,Basic_50Mbps,"Horster Straße 128, 41238 Mönchengladbach",monthly,mailed_check,True,3.5,49.99,50,124.0
CUST_00948,David Schneider,2025-11-17,Premium_1Gbps,"Am Schäferkamp 14, 25421 Pinneberg",monthly,mailed_check,True,3.5,119.99,1000,2.1
CUST_00949,Leon Bauer,2025-11-19,Premium_1Gbps,"Ratsweg 22, 14770 Brandenburg an der Havel",monthly,bank_transfer,True,3.4,119.99,1000,342.1
CUST_00950,Lukas Schwarz,2025-11-21,Standard_200Mbps,"Hohe Straße 98, 50129 Bergheim",monthly,electronic_check,True,3.3,79.99,200,523.6
CUST_00951,Julia Hoffmann,2025-11-23,Standard_200Mbps,"Gerhardstraße 25, 50181 Bedburg",monthly,electronic_check,True,3.3,79.99,200,47.6
CUST_00952,Mia Meyer,2025-11-25,Standard_200Mbps,"Heideweg 18, 51503 Rösrath",monthly,electronic_check,False,3.2,71.991,200,52.2
CUST_00953,Laura Bauer,2025-11-27,Basic_50Mbps,"Karl-Marx-Straße 87, 4808 Lossatal",annual,electronic_check,False,3.1,49.99,50,468.3
CUST_00954,Ben Becker,2025-11-29,Premium_1Gbps,"Richard-Wagner-Straße 25, 15234 Frankfurt (Oder)",annual,mailed_check,True,3.1,119.99,1000,287.4
CUST_00955,Sophie Wagner,2025-12-01,Standard_200Mbps,"Quenzweg 38, 14772 Brandenburg an der Havel",2-year,electronic_check,True,3.0,79.99,200,13.8
CUST_00956,Tim Becker,2025-12-03,Standard_200Mbps,"Windmühlenberg 1, 59348 Lüdinghausen",2-year,electronic_check,False,2.9,79.99,200,292.3
CUST_00957,Sarah Müller,2025-12-05,Standard_200Mbps,"Kolonie 141, None Stadt Artern",annual,electronic_check,False,2.9,79.99,200,110.8
CUST_00958,Hannah Schwarz,2025-12-07,Basic_50Mbps,"Hintergartenweg 3, 4808 Lossatal",monthly,electronic_check,True,2.8,49.99,50,138.0
CUST_00959,Noah Bauer,2025-12-09,Basic_50Mbps,"Muttkuhle 5, 32423 Minden",annual,bank_transfer,True,2.7,44.991,50,440.6
CUST_00960,David Schwarz,2025-12-11,Standard_200Mbps,"Schalmeienweg 28, 15234 Frankfurt (Oder)",annual,electronic_check,True,2.7,79.99,200,499.7
CUST_00961,Tim Braun,2025-12-13,Basic_50Mbps,"Am Kauert 8, 41189 Mönchengladbach",monthly,credit_card,True,2.6,49.99,50,153.4
CUST_00962,Lukas Schneider,2025-12-15,Standard_200Mbps,"Schönhauser Straße 43, 13158 adressen_berlin.69322",monthly,bank_transfer,True,2.5,79.99,200,882.1
CUST_00963,Mia Richter,2025-12-17,Basic_50Mbps,"Rolevinckweg 5, 48165 Münster",2-year,bank_transfer,True,2.5,49.99,50,156.5
CUST_00964,Sarah Neumann,2025-12-19,Standard_200Mbps,"Sonnenblumenring 32, 25779 Hennstedt",monthly,electronic_check,True,2.4,79.99,200,443.3
CUST_00965,Lena Klein,2025-12-21,Basic_50Mbps,"Wittchental 18, None Sondershausen",annual,electronic_check,True,2.3,49.99,50,198.4
CUST_00966,Noah Schneider,2025-12-23,Standard_200Mbps,"Emondsstraße 14, 41238 Mönchengladbach",annual,electronic_check,False,2.3,79.99,200,683.5
CUST_00967,Tim Koch,2025-12-25,Standard_200Mbps,"Robert-Koch-Straße 18, 14770 Brandenburg an der Havel",monthly,electronic_check,True,2.2,79.99,200,715.0
CUST_00968,Lukas Wolf,2025-12-27,Basic_50Mbps,"Pfarrer-Bodden-Straße 6, 50181 Bedburg",monthly,mailed_check,True,2.1,49.99,50,27.4
CUST_00969,David Neumann,2025-12-29,Standard_200Mbps,"Hölderlinweg 39, 48165 Münster",monthly,electronic_check,True,2.1,79.99,200,827.0
CUST_00970,Hannah Weber,2025-12-31,Standard_200Mbps,"Im Schlaun 61, 41189 Mönchengladbach",monthly,mailed_check,True,2.0,79.99,200,523.8
CUST_00971,Julia Zimmermann,2026-01-02,Standard_200Mbps,"Desdorfer Weg 15, 50181 Bedburg",monthly,bank_transfer,False,1.9,79.99,200,470.1
CUST_00972,Laura Weber,2026-01-04,Premium_1Gbps,"Friedensstraße 62, None Stadt Artern",2-year,credit_card,True,1.9,119.99,1000,67.3
CUST_00973,Lena Neumann,2026-01-06,Standard_200Mbps,"Albert-Schweitzer-Straße 14, 25421 Pinneberg",monthly,electronic_check,True,1.8,79.99,200,490.6
CUST_00974,Anna Fischer,2026-01-08,Basic_50Mbps,"Stockmanns Kamp 1, 46446 Emmerich am Rhein",annual,electronic_check,False,1.7,49.99,50,569.4
CUST_00975,Ben Weber,2026-01-10,Basic_50Mbps,"Lossaer Straße 4, 4808 Lossatal",monthly,bank_transfer,True,1.7,49.99,50,102.4
CUST_00976,Mia Meyer,2026-01-12,Basic_50Mbps,"Rosa-Luxemburg-Straße 42, 15230 Frankfurt (Oder)",2-year,credit_card,False,1.6,49.99,50,912.6
CUST_00977,Laura Koch,2026-01-14,Standard_200Mbps,"Bornkamp 8, 25364 Osterhorn",monthly,electronic_check,True,1.5,71.991,200,15.3
CUST_00978,Emma Bauer,2026-01-16,Basic_50Mbps,"Fiefhusen-Nord 5, 25712 Hochdonn",monthly,credit_card,True,1.5,49.99,50,48.7
CUST_00979,Ben Hoffmann,2026-01-18,Standard_200Mbps,"Helmestraße 30, None Stadt Artern",2-year,electronic_check,True,1.4,71.991,200,231.4
CUST_00980,Lukas Schulz,2026-01-20,Standard_200Mbps,"Rathmering 18, 48703 Stadtlohn",2-year,electronic_check,True,1.3,71.991,200,257.3
CUST_00981,Felix Schwarz,2026-01-22,Basic_50Mbps,"Letelner Straße 91, 32423 Minden",monthly,mailed_check,False,1.3,49.99,50,310.8
CUST_00982,Paul Weber,2026-01-24,Standard_200Mbps,"Am Hafen 66, 25421 Pinneberg",2-year,bank_transfer,False,1.2,79.99,200,5.1
CUST_00983,Mia Braun,2026-01-26,Basic_50Mbps,"Almsick 82, 48703 Stadtlohn",monthly,electronic_check,True,1.1,49.99,50,968.4
CUST_00984,Julia Schneider,2026-01-28,Basic_50Mbps,"Auf dem Knippen 16, 51503 Rösrath",monthly,electronic_check,True,1.1,49.99,50,13.7
CUST_00985,Ben Meyer,2026-01-30,Standard_200Mbps,"Rheindahlener Straße 180, 41189 Mönchengladbach",monthly,mailed_check,False,1.0,79.99,200,46.3
CUST_00986,Noah Zimmermann,2026-02-01,Standard_200Mbps,"Nicolaistraße 7, 8371 Stadt Glauchau",monthly,electronic_check,False,0.9,71.991,200,4.2
CUST_00987,Tim Meyer,2026-02-03,Standard_200Mbps,"An de Siepe 10, 48703 Stadtlohn",annual,credit_card,True,0.9,79.99,200,251.0
CUST_00988,Lisa Braun,2026-02-05,Standard_200Mbps,"Fröbelring 39, 48703 Stadtlohn",monthly,mailed_check,True,0.8,79.99,200,807.7
CUST_00989,Leon Zimmermann,2026-02-07,Basic_50Mbps,"Ratsweg 44, 14770 Brandenburg an der Havel",monthly,electronic_check,True,0.7,49.99,50,328.9
CUST_00990,Anna Müller,2026-02-09,Premium_1Gbps,"Oberer Straußberg 17, None Sondershausen",annual,electronic_check,False,0.7,119.99,1000,518.9
CUST_00991,Lukas Schmidt,2026-02-11,Standard_200Mbps,"Gildenweg 60, 59348 Lüdinghausen",annual,credit_card,True,0.6,79.99,200,4.0
CUST_00992,Noah Schulz,2026-02-13,Standard_200Mbps,"Sellerweg 4, 59581 Warstein",monthly,electronic_check,True,0.5,79.99,200,234.3
CUST_00993,Felix Zimmermann,2026-02-15,Basic_50Mbps,"Holzmarkt 13, 51503 Rösrath",annual,mailed_check,False,0.5,49.99,50,184.6
CUST_00994,Lena Braun,2026-02-17,Standard_200Mbps,"Regattaring 20, 14772 Brandenburg an der Havel",monthly,bank_transfer,True,0.4,79.99,200,207.3
CUST_00995,Max Schröder,2026-02-19,Standard_200Mbps,"Estern 15, 48703 Stadtlohn",annual,credit_card,True,0.3,71.991,200,22.5
CUST_00996,Julia Hoffmann,2026-02-21,Basic_50Mbps,"Wilhelmstraße 12, 46446 Emmerich am Rhein",annual,electronic_check,True,0.3,49.99,50,346.0
CUST_00997,Mia Schröder,2026-02-23,Premium_1Gbps,"Peter-Pütz-Straße 8, 50129 Bergheim",2-year,credit_card,True,0.2,107.991,1000,209.9
CUST_00998,Emma Richter,2026-02-25,Basic_50Mbps,"Iserlohner Straße 24, 8371 Stadt Glauchau",monthly,bank_transfer,True,0.1,49.99,50,434.6
CUST_00999,Mia Wolf,2026-02-27,Premium_1Gbps,"Unter der Beeke 3, 32469 Petershagen",monthly,bank_transfer,True,0.1,119.99,1000,199.2
CUST_01000,Lukas Schmidt,2026-03-01,Standard_200Mbps,"Albert-Schweitzer-Siedlung 26, 8371 Stadt Glauchau",monthly,electronic_check,True,0.0,79.99,200,48.5
