customer_id,customer_name,signup_date,plan_tier,address,contract_type,payment_method,autopay_enabled,account_age_months,monthly_bill,speed_tier_mbps,data_usage_gb_last_month
CUST_00001,Julia Hoffmann,2020-09-10,Standard_200Mbps,"Markt 16, 23552 Lübeck, Hansestadt",monthly,bank_transfer,True,66.6,79.99,200,150.1
CUST_00002,Lisa Neumann,2020-09-12,Premium_1Gbps,"Brückenstraße 7, 51709 Marienheide",annual,bank_transfer,False,66.5,119.99,1000,192.4
CUST_00003,Max Schwarz,2020-09-14,Standard_200Mbps,"Peter-Cornelius-Straße 2, None Weimar",2-year,electronic_check,True,66.5,79.99,200,578.4
CUST_00004,Mia Fischer,2020-09-16,Standard_200Mbps,"Amalienstraße 7, 47447 Moers",annual,bank_transfer,True,66.4,71.991,200,124.7
CUST_00005,Tim Schulz,2020-09-18,Basic_50Mbps,"Am Dorfweg 2, 52525 Heinsberg (Rhld.)",2-year,bank_transfer,True,66.3,44.991,50,611.3
CUST_00006,Sophie Fischer,2020-09-20,Basic_50Mbps,"Marianne-Brandt-Straße 4, None Weimar",annual,electronic_check,False,66.3,49.99,50,27.7
CUST_00007,Julia Weber,2020-09-22,Basic_50Mbps,"Glockenlandstraße 22, 52525 Heinsberg (Rhld.)",annual,mailed_check,False,66.2,49.99,50,449.9
CUST_00008,Paul Hoffmann,2020-09-24,Premium_1Gbps,"Grenzstraße 7, 51709 Marienheide",2-year,electronic_check,True,66.1,119.99,1000,564.3
CUST_00009,Lisa Wagner,2020-09-26,Standard_200Mbps,"Nachtigallenweg 25, 44625 Herne",monthly,credit_card,True,66.1,79.99,200,60.2
CUST_00010,Leon Wagner,2020-09-28,Standard_200Mbps,"Lotosweg 58, 13467 adressen_berlin.173198",monthly,mailed_check,True,66.0,71.991,200,168.8
CUST_00011,Paul Neumann,2020-09-30,Basic_50Mbps,"Königstraße 24, 23552 Lübeck, Hansestadt",monthly,credit_card,True,65.9,44.991,50,54.3
CUST_00012,Sarah Schulz,2020-10-02,Premium_1Gbps,"Feldhofstr. 25, 46149 Oberhausen",2-year,credit_card,True,65.9,119.99,1000,367.9
CUST_00013,Anna Schneider,2020-10-04,Premium_1Gbps,"An der Lagune 237, 4575 Neukieritzsch",2-year,electronic_check,True,65.8,119.99,1000,229.9
CUST_00014,Lena Schulz,2020-10-06,Basic_50Mbps,"Lessingstraße 1, None Weimar",monthly,credit_card,True,65.7,44.991,50,302.6
CUST_00015,Anna Müller,2020-10-08,Basic_50Mbps,"Gervershagener Straße 19, 51709 Marienheide",annual,mailed_check,True,65.7,49.99,50,65.6
CUST_00016,Leon Weber,2020-10-10,Basic_50Mbps,"Am Schlossgraben 5, 24395 Gelting",2-year,mailed_check,True,65.6,49.99,50,71.4
CUST_00017,Paul Meyer,2020-10-12,Basic_50Mbps,"Weidegarten 6, 57258 Freudenberg",monthly,bank_transfer,False,65.5,49.99,50,12.7
CUST_00018,David Schwarz,2020-10-14,Standard_200Mbps,"Rosenweg 26, 47608 Geldern",annual,electronic_check,True,65.5,79.99,200,116.6
CUST_00019,Lena Schwarz,2020-10-16,Standard_200Mbps,"Bilenbarg 43, 22397 Hamburg",2-year,credit_card,True,65.4,79.99,200,246.1
CUST_00020,Max Fischer,2020-10-18,Basic_50Mbps,"Brüder-Grimm-Weg 20, 46149 Oberhausen",monthly,electronic_check,False,65.3,49.99,50,585.4
CUST_00021,Lukas Weber,2020-10-20,Standard_200Mbps,"Dorstener Straße 162, 44625 Herne",annual,electronic_check,True,65.3,79.99,200,329.8
CUST_00022,Julia Schmidt,2020-10-22,Basic_50Mbps,"Magazinstraße 5, 8056 Stadt Zwickau",monthly,mailed_check,True,65.2,49.99,50,171.5
CUST_00023,Hannah Zimmermann,2020-10-24,Basic_50Mbps,"Dr.-Friedrichs-Ring 11, 8056 Stadt Zwickau",2-year,electronic_check,True,65.1,49.99,50,918.0
CUST_00024,Julia Weber,2020-10-26,Standard_200Mbps,"Kremmener Straße 1, 16515 Oranienburg",2-year,credit_card,True,65.1,79.99,200,381.1
CUST_00025,Lena Weber,2020-10-28,Standard_200Mbps,"Billbrookdeich 191, 22113 Hamburg",2-year,mailed_check,True,65.0,79.99,200,798.5
CUST_00026,Anna Hoffmann,2020-10-30,Standard_200Mbps,"Katharinenstraße 28, 8056 Stadt Zwickau",monthly,bank_transfer,True,64.9,79.99,200,225.0
CUST_00027,Hannah Schmidt,2020-11-01,Basic_50Mbps,"Hülshorstweg 5, 47447 Moers",2-year,electronic_check,False,64.9,49.99,50,89.9
CUST_00028,Hannah Wagner,2020-11-03,Standard_200Mbps,"Otto-Kind-Straße 24, 51709 Marienheide",2-year,electronic_check,True,64.8,71.991,200,16.3
CUST_00029,Emma Fischer,2020-11-05,Standard_200Mbps,"Eifeler Str. 15, 46145 Oberhausen",monthly,bank_transfer,True,64.7,79.99,200,388.5
CUST_00030,Hannah Schwarz,2020-11-07,Basic_50Mbps,"Marienplatz 10, 8056 Stadt Zwickau",2-year,electronic_check,True,64.7,49.99,50,38.8
CUST_00031,Lena Braun,2020-11-09,Standard_200Mbps,"Kolpingstraße 27, 47608 Geldern",monthly,credit_card,True,64.6,79.99,200,108.2
CUST_00032,Tim Becker,2020-11-11,Basic_50Mbps,"Summter Straße 37, 12623 adressen_berlin.17336",annual,mailed_check,True,64.5,49.99,50,228.1
CUST_00033,Laura Meyer,2020-11-13,Basic_50Mbps,"Gaußstraße 14, 44625 Herne",monthly,mailed_check,False,64.5,44.991,50,249.3
CUST_00034,Lena Müller,2020-11-15,Premium_1Gbps,"Im Heidewinkel 14, 13629 adressen_berlin.173283",monthly,electronic_check,True,64.4,119.99,1000,275.3
CUST_00035,Laura Koch,2020-11-17,Premium_1Gbps,"Lehbek 32, 24395 Gelting",monthly,mailed_check,True,64.3,107.991,1000,54.5
CUST_00036,Lena Becker,2020-11-19,Premium_1Gbps,"Siedlungsstraße 1, 04895 Mühlberg/Elbe",annual,bank_transfer,True,64.3,119.99,1000,143.3
CUST_00037,Paul Meyer,2020-11-21,Basic_50Mbps,"Fuchsienweg 5, 47447 Moers",monthly,credit_card,True,64.2,49.99,50,288.1
CUST_00038,Sophie Richter,2020-11-23,Basic_50Mbps,"Hedwigstraße 5, 47447 Moers",annual,credit_card,False,64.1,49.99,50,1050.2
CUST_00039,Anna Schröder,2020-11-25,Standard_200Mbps,"Friedrich-Ebert-Straße 9, 50129 Bergheim",monthly,bank_transfer,True,64.1,79.99,200,390.2
CUST_00040,Emma Wagner,2020-11-27,Standard_200Mbps,"Liebigstraße 22, 47608 Geldern",monthly,bank_transfer,True,64.0,79.99,200,767.6
CUST_00041,David Bauer,2020-11-29,Basic_50Mbps,"Weseler Straße 174, 47608 Geldern",annual,electronic_check,True,63.9,49.99,50,430.9
CUST_00042,Mia Becker,2020-12-01,Standard_200Mbps,"Katharinenstraße 19, 8056 Stadt Zwickau",annual,mailed_check,False,63.9,79.99,200,268.7
CUST_00043,Emma Müller,2020-12-03,Basic_50Mbps,"Peter-Breuer-Straße 12, 8056 Stadt Zwickau",monthly,mailed_check,True,63.8,49.99,50,64.0
CUST_00044,Felix Richter,2020-12-05,Premium_1Gbps,"Dieckstraße 61, 48145 Münster",annual,credit_card,True,63.7,119.99,1000,329.6
CUST_00045,Leon Schulz,2020-12-07,Basic_50Mbps,"Peter-Breuer-Straße 17, 8056 Stadt Zwickau",2-year,electronic_check,False,63.7,49.99,50,293.0
CUST_00046,Lukas Schulz,2020-12-09,Standard_200Mbps,"Billbrookdeich 229, 22113 Hamburg",annual,electronic_check,False,63.6,79.99,200,276.7
CUST_00047,Hannah Neumann,2020-12-11,Basic_50Mbps,"Nordstraße 22, 59602 Rüthen",monthly,credit_card,True,63.5,49.99,50,201.9
CUST_00048,Jonas Schwarz,2020-12-13,Standard_200Mbps,"Oberholzklauer Straße 42, 57258 Freudenberg",monthly,electronic_check,True,63.5,79.99,200,225.7
CUST_00049,Leon Müller,2020-12-15,Standard_200Mbps,"Am Thörchen 13, 57258 Freudenberg",2-year,mailed_check,True,63.4,79.99,200,122.1
CUST_00050,Sophie Schulz,2020-12-17,Basic_50Mbps,"Herreshagener Straße 27, 51709 Marienheide",monthly,credit_card,True,63.3,49.99,50,219.8
CUST_00051,Laura Zimmermann,2020-12-19,Premium_1Gbps,"Langer Lohberg 20, 23552 Lübeck, Hansestadt",2-year,mailed_check,True,63.3,119.99,1000,66.0
CUST_00052,Paul Schmidt,2020-12-21,Standard_200Mbps,"Marianne-Brandt-Straße 2, None Weimar",annual,mailed_check,True,63.2,79.99,200,490.7
CUST_00053,Sophie Braun,2020-12-23,Premium_1Gbps,"Erlenhang 6, 52525 Heinsberg (Rhld.)",2-year,credit_card,True,63.1,119.99,1000,61.7
CUST_00054,Lena Bauer,2020-12-25,Premium_1Gbps,"Inselstraße 45, 50129 Bergheim",annual,electronic_check,True,63.1,119.99,1000,26.6
CUST_00055,Leon Klein,2020-12-27,Standard_200Mbps,"Billhorner Kanalstraße 53, 20539 Hamburg",2-year,electronic_check,True,63.0,79.99,200,171.9
CUST_00056,Lisa Neumann,2020-12-29,Premium_1Gbps,"Lotosweg 34, 13467 adressen_berlin.173176",monthly,electronic_check,False,62.9,107.991,1000,322.2
CUST_00057,Sophie Richter,2020-12-31,Basic_50Mbps,"Elisabeth-Selbert-Weg 32, 48147 Münster",annual,mailed_check,True,62.9,49.99,50,172.7
CUST_00058,Noah Wagner,2021-01-02,Basic_50Mbps,"Lessingstraße 7, None Weimar",monthly,mailed_check,True,62.8,44.991,50,97.2
CUST_00059,Paul Schmidt,2021-01-04,Basic_50Mbps,"Karl-Liebknecht-Straße 17, 4575 Neukieritzsch",monthly,electronic_check,True,62.7,49.99,50,245.0
CUST_00060,Lena Müller,2021-01-06,Basic_50Mbps,"Ratstannenweg 1, None Weimar",annual,mailed_check,False,62.7,49.99,50,127.9
CUST_00061,Ben Schwarz,2021-01-08,Standard_200Mbps,"Ludwig-Steil-Straße 23, 44625 Herne",2-year,credit_card,True,62.6,79.99,200,810.3
CUST_00062,Felix Bauer,2021-01-10,Basic_50Mbps,"Gartenstraße 61, 44625 Herne",2-year,mailed_check,True,62.5,49.99,50,767.8
CUST_00063,Lena Schneider,2021-01-12,Premium_1Gbps,"Asperschlagstraße 15, 50129 Bergheim",annual,electronic_check,True,62.5,119.99,1000,209.4
CUST_00064,Leon Braun,2021-01-14,Standard_200Mbps,"Falkenberger Straße 43, 04895 Mühlberg/Elbe",monthly,mailed_check,True,62.4,79.99,200,119.2
CUST_00065,Leon Fischer,2021-01-16,Basic_50Mbps,"Pürstener Straße 11, 4575 Neukieritzsch",monthly,credit_card,True,62.3,49.99,50,400.8
CUST_00066,Mia Neumann,2021-01-18,Standard_200Mbps,"Cäcilienstraße 5, 47608 Geldern",annual,electronic_check,True,62.3,71.991,200,11.2
CUST_00067,Mia Klein,2021-01-20,Basic_50Mbps,"Ammerweg 16, 46145 Oberhausen",monthly,bank_transfer,True,62.2,44.991,50,193.2
CUST_00068,Leon Richter,2021-01-22,Premium_1Gbps,"Heidschlade 19, 57258 Freudenberg",monthly,bank_transfer,False,62.1,119.99,1000,123.0
CUST_00069,Mia Schwarz,2021-01-24,Basic_50Mbps,"Bilenbarg 69, 22397 Hamburg",monthly,credit_card,True,62.1,49.99,50,759.7
CUST_00070,Tim Wagner,2021-01-26,Premium_1Gbps,"Weyresstraße 29, 52525 Heinsberg (Rhld.)",monthly,bank_transfer,True,62.0,119.99,1000,3.6
CUST_00071,Lena Richter,2021-01-28,Standard_200Mbps,"Lortzingstraße 1, None Weimar",monthly,electronic_check,False,61.9,79.99,200,241.4
CUST_00072,Laura Braun,2021-01-30,Basic_50Mbps,"Peter-Cornelius-Straße 15, None Weimar",monthly,mailed_check,True,61.9,49.99,50,404.9
CUST_00073,Noah Hoffmann,2021-02-01,Basic_50Mbps,"Beethovenstr. 173, 46145 Oberhausen",monthly,bank_transfer,True,61.8,49.99,50,199.1
CUST_00074,Jonas Schwarz,2021-02-03,Premium_1Gbps,"Krähenstraße 16, 23552 Lübeck, Hansestadt",monthly,electronic_check,True,61.7,119.99,1000,26.8
CUST_00075,Max Hoffmann,2021-02-05,Standard_200Mbps,"Herreshagener Straße 26, 51709 Marienheide",2-year,electronic_check,True,61.7,79.99,200,1077.6
CUST_00076,Mia Wagner,2021-02-07,Standard_200Mbps,"Dahlienweg 22, 44651 Herne",monthly,electronic_check,False,61.6,79.99,200,218.9
CUST_00077,Lena Zimmermann,2021-02-09,Standard_200Mbps,"Ulmenring 2, 50129 Bergheim",monthly,bank_transfer,False,61.5,79.99,200,285.7
CUST_00078,Lisa Koch,2021-02-11,Basic_50Mbps,"Falderstraße 27, 52525 Heinsberg (Rhld.)",annual,mailed_check,True,61.5,49.99,50,81.0
CUST_00079,David Wolf,2021-02-13,Standard_200Mbps,"Königstraße 101, 23552 Lübeck, Hansestadt",monthly,electronic_check,True,61.4,79.99,200,198.2
CUST_00080,David Wagner,2021-02-15,Basic_50Mbps,"Rainer-Maria-Rilke-Straße 41, None Weimar",2-year,electronic_check,False,61.3,49.99,50,168.2
CUST_00081,Ben Schröder,2021-02-17,Premium_1Gbps,"Johannisstraße 15, 8056 Stadt Zwickau",annual,credit_card,False,61.3,119.99,1000,23.4
CUST_00082,Laura Schneider,2021-02-19,Standard_200Mbps,"An der Buchenhecke 11, 50129 Bergheim",monthly,credit_card,False,61.2,79.99,200,33.7
CUST_00083,Mia Neumann,2021-02-21,Basic_50Mbps,"Pfeifferstraße 27, None Weimar",monthly,mailed_check,True,61.1,49.99,50,545.1
CUST_00084,Lisa Koch,2021-02-23,Basic_50Mbps,"Remboldstraße 4, 52525 Heinsberg (Rhld.)",2-year,electronic_check,True,61.1,49.99,50,82.3
CUST_00085,Lukas Becker,2021-02-25,Basic_50Mbps,"Wolferschlah 5, 51709 Marienheide",2-year,mailed_check,False,61.0,49.99,50,65.1
CUST_00086,Mia Becker,2021-02-27,Basic_50Mbps,"Am Wasserwerk 18, 24395 Gelting",monthly,mailed_check,True,60.9,44.991,50,210.9
CUST_00087,Felix Weber,2021-03-01,Standard_200Mbps,"Schillerstraße 9, 52525 Heinsberg (Rhld.)",annual,credit_card,True,60.9,71.991,200,439.3
CUST_00088,Max Schmidt,2021-03-03,Standard_200Mbps,"Gummersbacher Straße 137, 51709 Marienheide",monthly,electronic_check,True,60.8,79.99,200,19.2
CUST_00089,Emma Schröder,2021-03-05,Premium_1Gbps,"An der Fronbrücke 8, 50129 Bergheim",2-year,electronic_check,True,60.7,119.99,1000,258.0
CUST_00090,Lisa Schneider,2021-03-07,Standard_200Mbps,"Dr.-Friedrichs-Ring 20, 8056 Stadt Zwickau",monthly,bank_transfer,True,60.7,71.991,200,38.1
CUST_00091,David Klein,2021-03-09,Basic_50Mbps,"Lyonel-Feininger-Straße 12, None Weimar",2-year,electronic_check,True,60.6,49.99,50,11.1
CUST_00092,Noah Wagner,2021-03-11,Standard_200Mbps,"An der Lagune 64, 4575 Neukieritzsch",annual,electronic_check,False,60.5,79.99,200,16.3
CUST_00093,Jonas Schröder,2021-03-13,Standard_200Mbps,"Lotosweg 28, 13467 adressen_berlin.173171",annual,bank_transfer,True,60.5,79.99,200,539.0
CUST_00094,Jonas Becker,2021-03-15,Standard_200Mbps,"Ludwig-Steil-Straße 14, 44625 Herne",annual,mailed_check,False,60.4,79.99,200,37.7
CUST_00095,Tim Müller,2021-03-17,Standard_200Mbps,"Karl-Bosch-Straße 33, 44625 Herne",monthly,bank_transfer,True,60.3,79.99,200,13.9
CUST_00096,Sophie Klein,2021-03-19,Standard_200Mbps,"Hankerfeld 9, 59602 Rüthen",monthly,electronic_check,True,60.3,79.99,200,172.8
CUST_00097,Emma Meyer,2021-03-21,Standard_200Mbps,"Unter den Linden 30, 16798 Fürstenberg/Havel",monthly,mailed_check,False,60.2,71.991,200,557.4
CUST_00098,Ben Wolf,2021-03-23,Standard_200Mbps,"Eickenstraße 20, 51709 Marienheide",monthly,mailed_check,True,60.1,71.991,200,91.3
CUST_00099,Anna Schwarz,2021-03-25,Basic_50Mbps,"Ringstraße 63, 47447 Moers",annual,electronic_check,True,60.1,49.99,50,164.3
CUST_00100,Emma Fischer,2021-03-27,Basic_50Mbps,"Egestorffstraße 11, 12307 adressen_berlin.173136",monthly,bank_transfer,True,60.0,44.991,50,12.2
CUST_00101,David Weber,2021-03-29,Basic_50Mbps,"Krähenstraße 20, 23552 Lübeck, Hansestadt",monthly,electronic_check,True,59.9,49.99,50,178.8
CUST_00102,David Neumann,2021-03-31,Standard_200Mbps,"Dr.-Friedrichs-Ring 99, 8056 Stadt Zwickau",2-year,mailed_check,False,59.9,79.99,200,258.6
CUST_00103,Julia Braun,2021-04-02,Basic_50Mbps,"Siemensstraße 36, 47608 Geldern",2-year,credit_card,False,59.8,49.99,50,253.8
CUST_00104,Leon Wolf,2021-04-04,Standard_200Mbps,"Wainsdorfer Hauptstraße 6, 04932 Röderland",2-year,electronic_check,True,59.7,71.991,200,121.2
CUST_00105,Lisa Neumann,2021-04-06,Premium_1Gbps,"Unter den Linden 56, 16798 Fürstenberg/Havel",2-year,electronic_check,True,59.7,119.99,1000,113.7
CUST_00106,Lena Schwarz,2021-04-08,Basic_50Mbps,"Dorfstraße 24, 4575 Neukieritzsch",monthly,bank_transfer,True,59.6,49.99,50,33.8
CUST_00107,David Meyer,2021-04-10,Standard_200Mbps,"Marlesgrube 56/ 1, 23552 Lübeck, Hansestadt",monthly,electronic_check,False,59.5,79.99,200,137.1
CUST_00108,Sarah Wolf,2021-04-12,Standard_200Mbps,"Siedlungsstraße 7, 04895 Mühlberg/Elbe",annual,electronic_check,True,59.5,71.991,200,31.4
CUST_00109,Paul Becker,2021-04-14,Basic_50Mbps,"Billbrookdeich 327, 22113 Hamburg",annual,bank_transfer,True,59.4,49.99,50,436.5
CUST_00110,Paul Neumann,2021-04-16,Basic_50Mbps,"Kremmener Straße 23, 16515 Oranienburg",monthly,electronic_check,True,59.3,49.99,50,1016.8
CUST_00111,Sarah Becker,2021-04-18,Basic_50Mbps,"Kleingaarwang 18, 24395 Gelting",2-year,credit_card,True,59.3,49.99,50,1052.7
CUST_00112,Paul Wolf,2021-04-20,Basic_50Mbps,"Fröbelstraße 21, 47608 Geldern",monthly,bank_transfer,True,59.2,49.99,50,600.9
CUST_00113,Lukas Hoffmann,2021-04-22,Premium_1Gbps,"Stettiner Straße 92, 48147 Münster",monthly,credit_card,False,59.1,107.991,1000,275.5
CUST_00114,Emma Schulz,2021-04-24,Premium_1Gbps,"Meinerzhagener Straße 12, 51709 Marienheide",annual,electronic_check,True,59.1,107.991,1000,362.1
CUST_00115,Leon Koch,2021-04-26,Standard_200Mbps,"Hohe Straße 25, 50129 Bergheim",annual,electronic_check,True,59.0,79.99,200,100.7
CUST_00116,Julia Schneider,2021-04-28,Premium_1Gbps,"Burgstraße 15, 59602 Rüthen",annual,credit_card,False,58.9,119.99,1000,298.9
CUST_00117,Tim Weber,2021-04-30,Premium_1Gbps,"An der Windmühle 5, 50129 Bergheim",monthly,mailed_check,False,58.9,119.99,1000,182.4
CUST_00118,Emma Richter,2021-05-02,Basic_50Mbps,"Lehbek 38, 24395 Gelting",2-year,mailed_check,True,58.8,49.99,50,197.3
CUST_00119,Tim Wagner,2021-05-04,Premium_1Gbps,"Billhorner Deich 51, 20539 Hamburg",monthly,credit_card,True,58.7,107.991,1000,425.4
CUST_00120,Lukas Klein,2021-05-06,Standard_200Mbps,"Dorfplatz 76, 4575 Neukieritzsch",monthly,electronic_check,True,58.7,79.99,200,99.4
CUST_00121,Lena Koch,2021-05-08,Premium_1Gbps,"Markt 11, 04895 Mühlberg/Elbe",2-year,electronic_check,True,58.6,119.99,1000,114.8
CUST_00122,Julia Wolf,2021-05-10,Premium_1Gbps,"Billhorner Deich 90, 20539 Hamburg",2-year,mailed_check,True,58.5,119.99,1000,775.7
CUST_00123,Lena Schmidt,2021-05-12,Basic_50Mbps,"Egestorffstraße 15, 12307 adressen_berlin.173133",2-year,electronic_check,True,58.5,49.99,50,17.4
CUST_00124,Felix Klein,2021-05-14,Basic_50Mbps,"Königshardter Str. 93, 46145 Oberhausen",2-year,mailed_check,True,58.4,49.99,50,199.4
CUST_00125,Jonas Zimmermann,2021-05-16,Basic_50Mbps,"Im Kämpchen 3, 51709 Marienheide",annual,electronic_check,False,58.3,49.99,50,731.9
CUST_00126,Max Zimmermann,2021-05-18,Standard_200Mbps,"Lotosweg 64, 13467 adressen_berlin.173203",annual,electronic_check,True,58.3,79.99,200,282.8
CUST_00127,Jonas Schröder,2021-05-20,Premium_1Gbps,"Rapsstraße 47, 13629 adressen_berlin.173233",monthly,mailed_check,True,58.2,119.99,1000,237.2
CUST_00128,Max Bauer,2021-05-22,Premium_1Gbps,"Straße der Nationen 3, 16798 Fürstenberg/Havel",monthly,credit_card,True,58.1,119.99,1000,86.2
CUST_00129,Mia Richter,2021-05-24,Basic_50Mbps,"Heinrich-Heine-Straße 8, 8058 Stadt Zwickau",monthly,electronic_check,False,58.1,49.99,50,126.1
CUST_00130,Lena Schwarz,2021-05-26,Standard_200Mbps,"Heidberg 1, 59602 Rüthen",monthly,mailed_check,False,58.0,71.991,200,573.3
CUST_00131,Julia Braun,2021-05-28,Standard_200Mbps,"Zur Jansenhecke 2, 50129 Bergheim",annual,credit_card,False,57.9,79.99,200,245.8
CUST_00132,Emma Schröder,2021-05-30,Basic_50Mbps,"Wippendorf 5, 24402 Esgrus",monthly,credit_card,False,57.9,49.99,50,216.9
CUST_00133,Emma Schulz,2021-06-01,Basic_50Mbps,"Saxdorfer Straße 2, 04895 Mühlberg/Elbe",monthly,mailed_check,False,57.8,49.99,50,31.5
CUST_00134,Lena Schröder,2021-06-03,Basic_50Mbps,"Siebelsaat 27, 57258 Freudenberg",monthly,mailed_check,True,57.7,49.99,50,4.8
CUST_00135,Max Richter,2021-06-05,Premium_1Gbps,"Wanner Str. 18, 46145 Oberhausen",annual,electronic_check,True,57.7,119.99,1000,994.7
CUST_00136,Leon Richter,2021-06-07,Basic_50Mbps,"Am Thörchen 18, 57258 Freudenberg",monthly,electronic_check,True,57.6,44.991,50,142.0
CUST_00137,Laura Wolf,2021-06-09,Standard_200Mbps,"Lohweg 14, 50129 Bergheim",2-year,credit_card,False,57.5,79.99,200,277.3
CUST_00138,Tim Braun,2021-06-11,Standard_200Mbps,"Lämmerrainweg 36, None Weimar",monthly,electronic_check,False,57.5,79.99,200,24.9
CUST_00139,Julia Müller,2021-06-13,Standard_200Mbps,"Rapsstraße 71, 13629 adressen_berlin.173221",monthly,credit_card,True,57.4,79.99,200,344.8
CUST_00140,Jonas Zimmermann,2021-06-15,Premium_1Gbps,"Edmundstraße 11, 47447 Moers",annual,electronic_check,True,57.3,119.99,1000,809.0
CUST_00141,Noah Müller,2021-06-17,Premium_1Gbps,"Elisabethstraße 93, 47608 Geldern",2-year,electronic_check,True,57.3,119.99,1000,257.2
CUST_00142,Lukas Klein,2021-06-19,Basic_50Mbps,"Hoher Heckenweg 128, 48147 Münster",monthly,mailed_check,False,57.2,44.991,50,40.4
CUST_00143,Tim Wolf,2021-06-21,Standard_200Mbps,"Kösener Straße 17, 16515 Oranienburg",annual,electronic_check,True,57.1,71.991,200,261.5
CUST_00144,Laura Schmidt,2021-06-23,Basic_50Mbps,"Straße der Jugend 21, 16775 Gransee",annual,bank_transfer,True,57.1,49.99,50,436.2
CUST_00145,Paul Richter,2021-06-25,Basic_50Mbps,"Magazinstraße 10, 8056 Stadt Zwickau",monthly,mailed_check,True,57.0,49.99,50,156.5
CUST_00146,Leon Wagner,2021-06-27,Basic_50Mbps,"Peter-Cornelius-Straße 13, None Weimar",2-year,electronic_check,True,56.9,49.99,50,635.7
CUST_00147,David Koch,2021-06-29,Standard_200Mbps,"Pfeifferstraße 11, None Weimar",annual,mailed_check,False,56.9,71.991,200,313.8
CUST_00148,Leon Richter,2021-07-01,Standard_200Mbps,"Elisabethstraße 40, 47608 Geldern",annual,bank_transfer,True,56.8,79.99,200,688.5
CUST_00149,Paul Klein,2021-07-03,Basic_50Mbps,"Bielfeldtstraße 7, 22763 Hamburg",2-year,mailed_check,False,56.7,49.99,50,293.1
CUST_00150,Paul Schneider,2021-07-05,Basic_50Mbps,"Grunowstraße 40, 12623 adressen_berlin.17354",2-year,electronic_check,True,56.7,49.99,50,42.2
CUST_00151,Sarah Müller,2021-07-07,Premium_1Gbps,"Siedlungsstraße 5, 04895 Mühlberg/Elbe",annual,bank_transfer,True,56.6,107.991,1000,111.2
CUST_00152,Julia Schmidt,2021-07-09,Basic_50Mbps,"Kleingaarwang 27, 24395 Gelting",2-year,credit_card,True,56.5,44.991,50,67.6
CUST_00153,Hannah Becker,2021-07-11,Basic_50Mbps,"Ratstannenweg 41, None Weimar",annual,electronic_check,False,56.5,49.99,50,718.5
CUST_00154,Lukas Schmidt,2021-07-13,Standard_200Mbps,"Dorfplatz 75, 4575 Neukieritzsch",annual,electronic_check,True,56.4,79.99,200,428.6
CUST_00155,Max Becker,2021-07-15,Premium_1Gbps,"Heinestraße 6, 52525 Heinsberg (Rhld.)",annual,credit_card,True,56.3,119.99,1000,338.5
CUST_00156,Felix Müller,2021-07-17,Basic_50Mbps,"Hebrohy 2, 24395 Gelting",annual,bank_transfer,True,56.3,44.991,50,107.4
CUST_00157,Lisa Weber,2021-07-19,Standard_200Mbps,"Kaulsgasse 7, 50129 Bergheim",monthly,credit_card,False,56.2,79.99,200,61.0
CUST_00158,Emma Weber,2021-07-21,Standard_200Mbps,"Heidberg 15, 59602 Rüthen",2-year,bank_transfer,True,56.1,79.99,200,423.7
CUST_00159,Sarah Fischer,2021-07-23,Basic_50Mbps,"Neuberinplatz 1, 8056 Stadt Zwickau",2-year,mailed_check,False,56.1,49.99,50,192.8
CUST_00160,Noah Wagner,2021-07-25,Standard_200Mbps,"Alter Steinweg 14, 8056 Stadt Zwickau",monthly,electronic_check,True,56.0,79.99,200,76.8
CUST_00161,David Schulz,2021-07-27,Standard_200Mbps,"Koblenzer Straße 3, 16515 Oranienburg",2-year,electronic_check,True,55.9,79.99,200,287.6
CUST_00162,Hannah Meyer,2021-07-29,Standard_200Mbps,"Königstraße 92, 23552 Lübeck, Hansestadt",monthly,mailed_check,True,55.9,71.991,200,12.4
CUST_00163,Lisa Braun,2021-07-31,Standard_200Mbps,"Grunowstraße 43, 12623 adressen_berlin.17330",monthly,bank_transfer,True,55.8,79.99,200,118.4
CUST_00164,Sophie Meyer,2021-08-02,Standard_200Mbps,"Am Mildenweg 8, 59602 Rüthen",annual,electronic_check,True,55.7,79.99,200,189.6
CUST_00165,Mia Fischer,2021-08-04,Basic_50Mbps,"Warnemünder Straße 54, 13059 adressen_berlin.173424",monthly,mailed_check,True,55.7,49.99,50,48.0
CUST_00166,Noah Müller,2021-08-06,Premium_1Gbps,"Sandstraße 8, 59602 Rüthen",2-year,electronic_check,True,55.6,119.99,1000,1253.1
CUST_00167,Mia Zimmermann,2021-08-08,Basic_50Mbps,"Lehbek 29, 24395 Gelting",2-year,mailed_check,False,55.5,49.99,50,70.4
CUST_00168,Jonas Richter,2021-08-10,Basic_50Mbps,"Ramgestr. 21, 46145 Oberhausen",annual,credit_card,True,55.5,44.991,50,41.9
CUST_00169,Felix Schneider,2021-08-12,Basic_50Mbps,"Tulpenweg 21, 44652 Herne",monthly,electronic_check,False,55.4,49.99,50,68.3
CUST_00170,Noah Becker,2021-08-14,Standard_200Mbps,"Holmkjer 6, 24395 Gelting",monthly,bank_transfer,True,55.3,71.991,200,439.7
CUST_00171,Sophie Hoffmann,2021-08-16,Standard_200Mbps,"Kolpingstraße 39, 47608 Geldern",annual,electronic_check,True,55.3,71.991,200,166.3
CUST_00172,Lisa Fischer,2021-08-18,Basic_50Mbps,"Wippendorf 31, 24402 Esgrus",2-year,credit_card,True,55.2,49.99,50,250.0
CUST_00173,Noah Schmidt,2021-08-20,Standard_200Mbps,"Pablo-Neruda-Straße 15, None Weimar",annual,credit_card,True,55.1,79.99,200,6.4
CUST_00174,Hannah Schwarz,2021-08-22,Basic_50Mbps,"Karl-Liebknecht-Straße 13, 4575 Neukieritzsch",monthly,electronic_check,True,55.1,49.99,50,10.5
CUST_00175,Lena Bauer,2021-08-24,Standard_200Mbps,"Breunsdorfer Straße 54, 4575 Neukieritzsch",annual,bank_transfer,True,55.0,79.99,200,177.1
CUST_00176,Lukas Neumann,2021-08-26,Basic_50Mbps,"Am Lederbach 25, 57258 Freudenberg",annual,electronic_check,True,54.9,49.99,50,508.9
CUST_00177,Leon Müller,2021-08-28,Standard_200Mbps,"Am Kiesgrund 7, 16548 Glienicke/Nordbahn",annual,bank_transfer,True,54.9,79.99,200,649.5
CUST_00178,Lena Schröder,2021-08-30,Standard_200Mbps,"An der Baumschule 5, 51709 Marienheide",monthly,mailed_check,False,54.8,79.99,200,27.2
CUST_00179,Sophie Klein,2021-09-01,Premium_1Gbps,"Sibertstraße 8, 52525 Heinsberg (Rhld.)",annual,electronic_check,False,54.7,119.99,1000,231.9
CUST_00180,Hannah Wolf,2021-09-03,Basic_50Mbps,"Peter-Breuer-Straße 10, 8056 Stadt Zwickau",annual,mailed_check,True,54.7,49.99,50,733.3
CUST_00181,Tim Klein,2021-09-05,Basic_50Mbps,"Trachenauer Weg 1, 4575 Neukieritzsch",2-year,bank_transfer,True,54.6,49.99,50,147.3
CUST_00182,Laura Neumann,2021-09-07,Basic_50Mbps,"Lämmerrainweg 5, None Weimar",monthly,bank_transfer,True,54.5,49.99,50,530.8
CUST_00183,Paul Braun,2021-09-09,Premium_1Gbps,"Burgstraße 43, 59602 Rüthen",annual,credit_card,True,54.5,119.99,1000,43.1
CUST_00184,Julia Schröder,2021-09-11,Premium_1Gbps,"Höhenweg 5, 50129 Bergheim",2-year,bank_transfer,True,54.4,119.99,1000,821.8
CUST_00185,David Klein,2021-09-13,Basic_50Mbps,"Kattrott 2, 24395 Gelting",monthly,electronic_check,True,54.3,44.991,50,417.6
CUST_00186,Noah Schulz,2021-09-15,Standard_200Mbps,"Teigelesch 13, 48145 Münster",2-year,electronic_check,True,54.3,79.99,200,850.8
CUST_00187,Leon Becker,2021-09-17,Premium_1Gbps,"Königstraße 103, 23552 Lübeck, Hansestadt",annual,electronic_check,True,54.2,107.991,1000,338.7
CUST_00188,Lukas Schulz,2021-09-19,Standard_200Mbps,"Schöddungstraße 43, 47447 Moers",monthly,electronic_check,True,54.1,79.99,200,135.5
CUST_00189,David Becker,2021-09-21,Standard_200Mbps,"Ringstraße 4, 4575 Neukieritzsch",monthly,electronic_check,False,54.1,79.99,200,835.1
CUST_00190,David Zimmermann,2021-09-23,Basic_50Mbps,"Moritzstraße 56, 8056 Stadt Zwickau",annual,electronic_check,False,54.0,49.99,50,96.7
CUST_00191,Lisa Richter,2021-09-25,Basic_50Mbps,"Oberholzklauer Straße 42, 57258 Freudenberg",monthly,bank_transfer,True,53.9,49.99,50,121.1
CUST_00192,Leon Müller,2021-09-27,Premium_1Gbps,"Unter den Linden 26, 16798 Fürstenberg/Havel",annual,electronic_check,False,53.9,119.99,1000,362.0
CUST_00193,Sarah Koch,2021-09-29,Premium_1Gbps,"Lessingstraße 9, None Weimar",monthly,electronic_check,False,53.8,119.99,1000,434.9
CUST_00194,Laura Schröder,2021-10-01,Standard_200Mbps,"Hüding 2, 59602 Rüthen",annual,mailed_check,True,53.7,79.99,200,795.2
CUST_00195,Felix Bauer,2021-10-03,Basic_50Mbps,"Eickenstraße 7, 51709 Marienheide",monthly,credit_card,True,53.7,49.99,50,68.7
CUST_00196,Paul Koch,2021-10-05,Basic_50Mbps,"Lichte Querstraße 1, 23552 Lübeck, Hansestadt",2-year,mailed_check,True,53.6,44.991,50,479.8
CUST_00197,Paul Braun,2021-10-07,Standard_200Mbps,"Elisabethstraße 14, 47608 Geldern",2-year,mailed_check,False,53.5,71.991,200,402.4
CUST_00198,Paul Schwarz,2021-10-09,Premium_1Gbps,"Eickenstraße 19, 51709 Marienheide",2-year,electronic_check,False,53.5,119.99,1000,19.8
CUST_00199,Max Neumann,2021-10-11,Premium_1Gbps,"Fröbelstraße 4, 47608 Geldern",annual,mailed_check,True,53.4,119.99,1000,146.9
CUST_00200,Felix Schneider,2021-10-13,Standard_200Mbps,"Bienenkamp 6, 22159 Hamburg",monthly,bank_transfer,True,53.3,79.99,200,99.7
CUST_00201,Emma Klein,2021-10-15,Standard_200Mbps,"Rosenstraße 1, 51709 Marienheide",annual,electronic_check,True,53.3,79.99,200,108.9
CUST_00202,Sarah Schwarz,2021-10-17,Basic_50Mbps,"Holtroper Straße 7, 50129 Bergheim",monthly,credit_card,True,53.2,44.991,50,1221.4
CUST_00203,Emma Schröder,2021-10-19,Basic_50Mbps,"Jean-Sibelius-Straße 17, None Weimar",monthly,mailed_check,True,53.1,44.991,50,308.8
CUST_00204,Sarah Wolf,2021-10-21,Premium_1Gbps,"Rosenring 34, 44652 Herne",monthly,credit_card,False,53.1,119.99,1000,379.4
CUST_00205,Max Schneider,2021-10-23,Standard_200Mbps,"Horweg 7, 57258 Freudenberg",monthly,electronic_check,True,53.0,71.991,200,1126.7
CUST_00206,Mia Becker,2021-10-25,Basic_50Mbps,"Hebrohy 5, 24395 Gelting",annual,electronic_check,False,52.9,49.99,50,142.1
CUST_00207,Jonas Becker,2021-10-27,Basic_50Mbps,"Hegerfeldstr. 31, 46149 Oberhausen",annual,bank_transfer,False,52.9,49.99,50,485.6
CUST_00208,Mia Zimmermann,2021-10-29,Standard_200Mbps,"Dorstener Straße 128, 44625 Herne",monthly,electronic_check,False,52.8,79.99,200,171.0
CUST_00209,Hannah Schröder,2021-10-31,Basic_50Mbps,"Edmundstraße 6, 47447 Moers",monthly,bank_transfer,True,52.7,44.991,50,611.0
CUST_00210,Julia Neumann,2021-11-02,Basic_50Mbps,"Grabenstraße 25, 52525 Heinsberg (Rhld.)",2-year,electronic_check,True,52.7,44.991,50,59.8
CUST_00211,Hannah Klein,2021-11-04,Standard_200Mbps,"Spielplatzstraße 12, 59602 Rüthen",monthly,electronic_check,True,52.6,71.991,200,885.1
CUST_00212,Julia Koch,2021-11-06,Standard_200Mbps,"Rottbruchstraße 118, 44625 Herne",monthly,electronic_check,True,52.5,79.99,200,74.1
CUST_00213,Hannah Wolf,2021-11-08,Standard_200Mbps,"Neuthymen 2, 16798 Fürstenberg/Havel",monthly,credit_card,True,52.5,79.99,200,118.5
CUST_00214,Paul Hoffmann,2021-11-10,Basic_50Mbps,"Hachtorstraße 48, 59602 Rüthen",annual,electronic_check,True,52.4,49.99,50,423.4
CUST_00215,Paul Becker,2021-11-12,Standard_200Mbps,"Lindenberger Höhe 17, 57258 Freudenberg",annual,electronic_check,True,52.3,79.99,200,150.1
CUST_00216,Sophie Wagner,2021-11-14,Basic_50Mbps,"Max-Liebermann-Straße 23, None Weimar",monthly,bank_transfer,True,52.3,49.99,50,281.1
CUST_00217,Leon Fischer,2021-11-16,Basic_50Mbps,"Güholz 1, 24395 Gelting",monthly,electronic_check,True,52.2,44.991,50,176.4
CUST_00218,Julia Meyer,2021-11-18,Standard_200Mbps,"Dorfplatz 76, 4575 Neukieritzsch",annual,bank_transfer,True,52.1,79.99,200,406.9
CUST_00219,Felix Wagner,2021-11-20,Standard_200Mbps,"Holunderweg 15, 57258 Freudenberg",annual,electronic_check,False,52.1,79.99,200,77.8
CUST_00220,Sarah Schulz,2021-11-22,Premium_1Gbps,"Steilpfad 63, 13509 adressen_berlin.173324",monthly,credit_card,False,52.0,119.99,1000,18.1
CUST_00221,Noah Neumann,2021-11-24,Standard_200Mbps,"Kirchhellener Str. 55, 46145 Oberhausen",2-year,electronic_check,True,51.9,79.99,200,107.0
CUST_00222,Lisa Hoffmann,2021-11-26,Standard_200Mbps,"Mühlberger Straße 56, 04895 Mühlberg/Elbe",monthly,mailed_check,True,51.9,79.99,200,192.9
CUST_00223,Sophie Wagner,2021-11-28,Basic_50Mbps,"Gottfried-Stahl-Straße 6, 50129 Bergheim",monthly,credit_card,True,51.8,49.99,50,55.2
CUST_00224,Mia Becker,2021-11-30,Standard_200Mbps,"Liebenwerdaer Straße 22, 04895 Mühlberg/Elbe",2-year,bank_transfer,True,51.7,79.99,200,131.5
CUST_00225,Hannah Meyer,2021-12-02,Basic_50Mbps,"Mittlere Straße 1, 59602 Rüthen",monthly,credit_card,True,51.7,49.99,50,153.2
CUST_00226,Mia Müller,2021-12-04,Basic_50Mbps,"Unter der Heide 8, 57258 Freudenberg",annual,mailed_check,False,51.6,49.99,50,17.7
CUST_00227,Julia Weber,2021-12-06,Premium_1Gbps,"Gummersbacher Straße 143, 51709 Marienheide",monthly,bank_transfer,True,51.5,119.99,1000,262.6
CUST_00228,Paul Schmidt,2021-12-08,Standard_200Mbps,"Marienplatz 8, 8056 Stadt Zwickau",monthly,mailed_check,True,51.5,79.99,200,647.1
CUST_00229,Anna Schwarz,2021-12-10,Premium_1Gbps,"Innere Plauensche Straße 27, 8056 Stadt Zwickau",2-year,bank_transfer,True,51.4,119.99,1000,49.4
CUST_00230,Mia Weber,2021-12-12,Standard_200Mbps,"Wippendorf 26, 24402 Esgrus",monthly,bank_transfer,True,51.3,71.991,200,273.2
CUST_00231,Sarah Fischer,2021-12-14,Standard_200Mbps,"Hoppengarten 30, 48147 Münster",2-year,electronic_check,True,51.3,79.99,200,327.9
CUST_00232,Max Zimmermann,2021-12-16,Standard_200Mbps,"Im Drostebusch 15, 48155 Münster",monthly,credit_card,True,51.2,79.99,200,163.1
CUST_00233,Mia Schröder,2021-12-18,Standard_200Mbps,"Elisenstraße 7, 47447 Moers",monthly,electronic_check,True,51.1,79.99,200,362.3
CUST_00234,Sarah Wolf,2021-12-20,Standard_200Mbps,"Alte Landstraße 10, 51709 Marienheide",monthly,electronic_check,True,51.1,79.99,200,158.7
CUST_00235,Leon Meyer,2021-12-22,Basic_50Mbps,"Gottfried-Stahl-Straße 12, 50129 Bergheim",annual,electronic_check,True,51.0,44.991,50,210.7
CUST_00236,Anna Schulz,2021-12-24,Standard_200Mbps,"An de Diek 4, 24395 Gelting",monthly,mailed_check,True,50.9,79.99,200,2.2
CUST_00237,Sarah Fischer,2021-12-26,Basic_50Mbps,"Fliederweg 57, 48155 Münster",2-year,electronic_check,True,50.9,44.991,50,353.0
CUST_00238,Lukas Richter,2021-12-28,Basic_50Mbps,"Kalkkuhler Straße 12, 51709 Marienheide",monthly,credit_card,False,50.8,49.99,50,324.8
CUST_00239,Sarah Schneider,2021-12-30,Standard_200Mbps,"Heinrich-Heine-Straße 3, 8058 Stadt Zwickau",2-year,credit_card,True,50.7,79.99,200,11.7
CUST_00240,Noah Schmidt,2022-01-01,Basic_50Mbps,"Krokusweg 18, 50129 Bergheim",monthly,bank_transfer,True,50.7,49.99,50,137.8
CUST_00241,Tim Weber,2022-01-03,Premium_1Gbps,"Saxdorfer Straße 30, 04895 Mühlberg/Elbe",2-year,electronic_check,True,50.6,119.99,1000,1159.4
CUST_00242,Noah Hoffmann,2022-01-05,Premium_1Gbps,"Lessingstraße 11, None Weimar",annual,credit_card,True,50.5,119.99,1000,163.8
CUST_00243,Lukas Becker,2022-01-07,Premium_1Gbps,"Lerchenweg 1, 04895 Falkenberg/Elster",annual,mailed_check,True,50.5,119.99,1000,209.1
CUST_00244,Sophie Schwarz,2022-01-09,Standard_200Mbps,"Dorfplatz 75, 4575 Neukieritzsch",2-year,electronic_check,True,50.4,79.99,200,722.2
CUST_00245,Lena Braun,2022-01-11,Basic_50Mbps,"Rochusstraße 51, 50129 Bergheim",annual,electronic_check,False,50.3,49.99,50,379.0
CUST_00246,Lisa Braun,2022-01-13,Premium_1Gbps,"Markt 16, 23552 Lübeck, Hansestadt",annual,mailed_check,True,50.3,119.99,1000,261.7
CUST_00247,Emma Neumann,2022-01-15,Standard_200Mbps,"Laerer Landweg 105, 48155 Münster",monthly,credit_card,True,50.2,79.99,200,479.6
CUST_00248,Jonas Wolf,2022-01-17,Premium_1Gbps,"Sebastianusstraße 48, 52525 Heinsberg (Rhld.)",monthly,electronic_check,True,50.1,107.991,1000,599.3
CUST_00249,David Hoffmann,2022-01-19,Premium_1Gbps,"Falkenberger Straße 59, 04895 Mühlberg/Elbe",2-year,mailed_check,False,50.1,119.99,1000,183.1
CUST_00250,Noah Klein,2022-01-21,Premium_1Gbps,"Stettiner Straße 98, 48147 Münster",annual,credit_card,True,50.0,119.99,1000,193.4
CUST_00251,Mia Zimmermann,2022-01-23,Basic_50Mbps,"Unter den Linden 23, 16798 Fürstenberg/Havel",annual,credit_card,True,49.9,49.99,50,146.4
CUST_00252,Lisa Schmidt,2022-01-25,Standard_200Mbps,"Trachenauer Weg 11, 4575 Neukieritzsch",monthly,electronic_check,True,49.9,71.991,200,1020.7
CUST_00253,Lisa Fischer,2022-01-27,Premium_1Gbps,"Rainer-Maria-Rilke-Straße 5, None Weimar",monthly,electronic_check,True,49.8,119.99,1000,358.4
CUST_00254,Felix Wagner,2022-01-29,Basic_50Mbps,"Magazinstraße 2, 8056 Stadt Zwickau",monthly,electronic_check,True,49.7,49.99,50,26.1
CUST_00255,Paul Schneider,2022-01-31,Basic_50Mbps,"Grawertstraße 7, 48147 Münster",annual,electronic_check,True,49.7,44.991,50,596.2
CUST_00256,Laura Becker,2022-02-02,Standard_200Mbps,"Kremmener Straße 21, 16515 Oranienburg",monthly,mailed_check,True,49.6,79.99,200,196.5
CUST_00257,Laura Schwarz,2022-02-04,Premium_1Gbps,"Postweg 111, 46145 Oberhausen",monthly,mailed_check,True,49.5,119.99,1000,21.4
CUST_00258,Lukas Meyer,2022-02-06,Standard_200Mbps,"Hauptstraße 55, 8056 Stadt Zwickau",monthly,mailed_check,True,49.5,79.99,200,239.4
CUST_00259,Max Klein,2022-02-08,Standard_200Mbps,"Bremener Str. 50, 46145 Oberhausen",monthly,bank_transfer,True,49.4,79.99,200,162.0
CUST_00260,David Braun,2022-02-10,Basic_50Mbps,"Neuheim 25, 48155 Münster",annual,mailed_check,False,49.3,49.99,50,630.5
CUST_00261,Sarah Hoffmann,2022-02-12,Standard_200Mbps,"Gladbacher Straße 9, 52525 Heinsberg (Rhld.)",monthly,electronic_check,True,49.3,71.991,200,68.4
CUST_00262,Anna Becker,2022-02-14,Premium_1Gbps,"Grassauer Straße 3, 04895 Falkenberg/Elster",annual,mailed_check,True,49.2,119.99,1000,525.4
CUST_00263,Mia Hoffmann,2022-02-16,Basic_50Mbps,"Neufelder Weg 115, 47608 Geldern",monthly,electronic_check,True,49.1,49.99,50,244.7
CUST_00264,David Schneider,2022-02-18,Standard_200Mbps,"Niedere Straße 12, 59602 Rüthen",monthly,mailed_check,True,49.1,79.99,200,16.8
CUST_00265,Emma Schulz,2022-02-20,Premium_1Gbps,"Kirschbachtal 28, None Weimar",monthly,mailed_check,False,49.0,119.99,1000,1071.0
CUST_00266,Noah Wagner,2022-02-22,Standard_200Mbps,"Leharstraße 2, 16515 Oranienburg",monthly,mailed_check,True,48.9,79.99,200,215.6
CUST_00267,Lena Fischer,2022-02-24,Standard_200Mbps,"Domhof 9, 8056 Stadt Zwickau",monthly,mailed_check,True,48.9,79.99,200,103.1
CUST_00268,Julia Becker,2022-02-26,Standard_200Mbps,"Griesgaard 10, 24402 Esgrus",monthly,electronic_check,True,48.8,71.991,200,190.1
CUST_00269,Tim Schulz,2022-02-28,Standard_200Mbps,"Moritzstraße 10, 8056 Stadt Zwickau",annual,bank_transfer,True,48.7,79.99,200,585.3
CUST_00270,Tim Schneider,2022-03-02,Basic_50Mbps,"Oberfeldstraße 9, 50129 Bergheim",monthly,mailed_check,True,48.7,49.99,50,109.1
CUST_00271,Anna Meyer,2022-03-04,Premium_1Gbps,"Niedere Straße 24, 59602 Rüthen",annual,credit_card,True,48.6,119.99,1000,64.2
CUST_00272,Mia Braun,2022-03-06,Premium_1Gbps,"Torgauer Straße 3, 04895 Mühlberg/Elbe",2-year,bank_transfer,True,48.5,119.99,1000,41.5
CUST_00273,Noah Hoffmann,2022-03-08,Premium_1Gbps,"Falkenberger Straße 19, 04895 Mühlberg/Elbe",annual,mailed_check,False,48.5,107.991,1000,106.1
CUST_00274,David Fischer,2022-03-10,Premium_1Gbps,"Arnikaweg 22, 50129 Bergheim",monthly,electronic_check,True,48.4,119.99,1000,454.3
CUST_00275,David Hoffmann,2022-03-12,Standard_200Mbps,"An der Lagune 241, 4575 Neukieritzsch",monthly,electronic_check,False,48.3,79.99,200,191.4
CUST_00276,Jonas Schulz,2022-03-14,Standard_200Mbps,"Am Rabenknapp 5, 59602 Rüthen",monthly,mailed_check,False,48.3,79.99,200,77.4
CUST_00277,Ben Schwarz,2022-03-16,Standard_200Mbps,"Kahnsdorfer Straße 18, 4575 Neukieritzsch",monthly,electronic_check,False,48.2,79.99,200,54.5
CUST_00278,Sarah Wolf,2022-03-18,Standard_200Mbps,"Spielplatzstraße 9, 59602 Rüthen",2-year,mailed_check,True,48.1,79.99,200,121.4
CUST_00279,Lukas Braun,2022-03-20,Standard_200Mbps,"Achterathsheideweg 14, 47447 Moers",monthly,mailed_check,True,48.1,71.991,200,843.6
CUST_00280,Anna Klein,2022-03-22,Standard_200Mbps,"Unter den Linden 44, 16798 Fürstenberg/Havel",monthly,credit_card,False,48.0,79.99,200,126.0
CUST_00281,Leon Braun,2022-03-24,Premium_1Gbps,"Am Holderstrauch 16, 47447 Moers",annual,bank_transfer,True,47.9,107.991,1000,1330.0
CUST_00282,Paul Müller,2022-03-26,Basic_50Mbps,"Höfel 15, 51709 Marienheide",annual,bank_transfer,True,47.9,49.99,50,199.2
CUST_00283,Lukas Becker,2022-03-28,Standard_200Mbps,"Hirschstr. 35, 46145 Oberhausen",annual,mailed_check,False,47.8,79.99,200,59.2
CUST_00284,Noah Zimmermann,2022-03-30,Basic_50Mbps,"Kleingaarwang 10, 24395 Gelting",monthly,credit_card,False,47.7,44.991,50,665.3
CUST_00285,Max Schulz,2022-04-01,Standard_200Mbps,"Ringstraße 1, 47447 Moers",monthly,credit_card,True,47.7,79.99,200,185.1
CUST_00286,Noah Schmidt,2022-04-03,Basic_50Mbps,"Kirschbachtal 38, None Weimar",annual,bank_transfer,True,47.6,49.99,50,371.0
CUST_00287,Laura Schröder,2022-04-05,Standard_200Mbps,"Ratstannenweg 13, None Weimar",monthly,electronic_check,True,47.5,79.99,200,1235.2
CUST_00288,Ben Wolf,2022-04-07,Standard_200Mbps,"Liebigstraße 5, 47608 Geldern",monthly,bank_transfer,False,47.5,79.99,200,15.4
CUST_00289,Paul Meyer,2022-04-09,Basic_50Mbps,"Holmkjer 4, 24395 Gelting",monthly,mailed_check,False,47.4,49.99,50,30.5
CUST_00290,Noah Klein,2022-04-11,Standard_200Mbps,"Haarstraße 23, 59602 Rüthen",monthly,credit_card,True,47.3,79.99,200,382.4
CUST_00291,Sarah Schneider,2022-04-13,Basic_50Mbps,"Horweg 15, 57258 Freudenberg",monthly,mailed_check,True,47.3,49.99,50,99.3
CUST_00292,Sarah Bauer,2022-04-15,Basic_50Mbps,"Dorfplatz 62, 4575 Neukieritzsch",monthly,bank_transfer,False,47.2,44.991,50,61.1
CUST_00293,Lena Koch,2022-04-17,Premium_1Gbps,"Kurzer Morgen 7, 57258 Freudenberg",annual,bank_transfer,True,47.1,119.99,1000,12.0
CUST_00294,Leon Fischer,2022-04-19,Standard_200Mbps,"Hauptstraße 21, 8056 Stadt Zwickau",annual,mailed_check,True,47.1,79.99,200,6.6
CUST_00295,Laura Koch,2022-04-21,Basic_50Mbps,"Königstraße 129, 23552 Lübeck, Hansestadt",2-year,credit_card,False,47.0,49.99,50,446.8
CUST_00296,Lena Schröder,2022-04-23,Standard_200Mbps,"Aschebrock 17, 44625 Herne",monthly,credit_card,True,46.9,79.99,200,43.3
CUST_00297,Mia Richter,2022-04-25,Standard_200Mbps,"Bleibergstraße 3, 51709 Marienheide",monthly,bank_transfer,True,46.9,71.991,200,189.2
CUST_00298,Julia Schmidt,2022-04-27,Basic_50Mbps,"Dernburgstraße 19, 14057 adressen_berlin.173371",monthly,credit_card,True,46.8,44.991,50,279.3
CUST_00299,David Schneider,2022-04-29,Standard_200Mbps,"Schillerstraße 51, 52525 Heinsberg (Rhld.)",annual,credit_card,True,46.7,79.99,200,167.8
CUST_00300,Leon Schulz,2022-05-01,Basic_50Mbps,"An der Lagune 125, 4575 Neukieritzsch",annual,bank_transfer,False,46.7,49.99,50,8.2
CUST_00301,Leon Fischer,2022-05-03,Basic_50Mbps,"Zum Egelsberg 20, 47447 Moers",monthly,electronic_check,True,46.6,44.991,50,459.1
CUST_00302,Jonas Neumann,2022-05-05,Standard_200Mbps,"Rainer-Maria-Rilke-Straße 14, None Weimar",2-year,mailed_check,False,46.5,79.99,200,3.2
CUST_00303,Max Schwarz,2022-05-07,Standard_200Mbps,"Marienstraße 25, 52525 Heinsberg (Rhld.)",monthly,mailed_check,True,46.5,79.99,200,430.5
CUST_00304,David Klein,2022-05-09,Standard_200Mbps,"Sebastianusstraße 11, 52525 Heinsberg (Rhld.)",annual,bank_transfer,True,46.4,79.99,200,671.3
CUST_00305,Anna Wagner,2022-05-11,Standard_200Mbps,"Königstraße 63, 23552 Lübeck, Hansestadt",annual,electronic_check,True,46.3,79.99,200,170.1
CUST_00306,Ben Bauer,2022-05-13,Premium_1Gbps,"Rosenring 71, 44652 Herne",2-year,bank_transfer,True,46.3,107.991,1000,230.1
CUST_00307,Lisa Schröder,2022-05-15,Standard_200Mbps,"Henry-van-de-Velde-Straße 6, None Weimar",annual,credit_card,True,46.2,79.99,200,194.4
CUST_00308,David Schmidt,2022-05-17,Basic_50Mbps,"Liebigstraße 11, 47608 Geldern",2-year,mailed_check,True,46.1,49.99,50,147.9
CUST_00309,Felix Schulz,2022-05-19,Standard_200Mbps,"Egon-Erwin-Kisch-Straße 45, 13059 adressen_berlin.173448",monthly,credit_card,True,46.1,79.99,200,655.2
CUST_00310,Julia Weber,2022-05-21,Basic_50Mbps,"Possendorfer Weg 13, None Weimar",2-year,bank_transfer,True,46.0,49.99,50,673.1
CUST_00311,Mia Wolf,2022-05-23,Standard_200Mbps,"Goldhöft 21, 24395 Gelting",monthly,mailed_check,False,45.9,79.99,200,122.8
CUST_00312,Sarah Fischer,2022-05-25,Basic_50Mbps,"Ritterstraße 16, 59602 Rüthen",2-year,electronic_check,True,45.9,49.99,50,286.4
CUST_00313,Max Braun,2022-05-27,Basic_50Mbps,"Markweg 10, 48147 Münster",annual,mailed_check,False,45.8,44.991,50,784.8
CUST_00314,Emma Meyer,2022-05-29,Premium_1Gbps,"Im Drostebusch 23, 48155 Münster",2-year,electronic_check,True,45.7,119.99,1000,981.5
CUST_00315,Mia Schwarz,2022-05-31,Premium_1Gbps,"Hüding 39, 59602 Rüthen",monthly,electronic_check,True,45.7,119.99,1000,213.4
CUST_00316,Max Schwarz,2022-06-02,Standard_200Mbps,"Marlesgrube 55/ 6, 23552 Lübeck, Hansestadt",annual,credit_card,True,45.6,71.991,200,180.9
CUST_00317,Lena Schneider,2022-06-04,Standard_200Mbps,"Krähenstraße 4, 23552 Lübeck, Hansestadt",annual,bank_transfer,True,45.5,79.99,200,98.0
CUST_00318,Emma Fischer,2022-06-06,Basic_50Mbps,"Wolfskaulstraße 13, 52525 Heinsberg (Rhld.)",annual,bank_transfer,True,45.5,44.991,50,957.3
CUST_00319,David Fischer,2022-06-08,Basic_50Mbps,"Mühlenweg 7, 04895 Falkenberg/Elster",monthly,mailed_check,False,45.4,49.99,50,46.2
CUST_00320,Tim Schröder,2022-06-10,Basic_50Mbps,"Am Dorfweg 24, 52525 Heinsberg (Rhld.)",monthly,mailed_check,False,45.3,49.99,50,260.1
CUST_00321,Mia Neumann,2022-06-12,Standard_200Mbps,"Rapsstraße 59, 13629 adressen_berlin.173227",monthly,electronic_check,True,45.3,79.99,200,99.6
CUST_00322,Paul Klein,2022-06-14,Standard_200Mbps,"An der Lagune 54, 4575 Neukieritzsch",monthly,electronic_check,True,45.2,79.99,200,98.1
CUST_00323,Sarah Schröder,2022-06-16,Standard_200Mbps,"Freienwillen 4, 24395 Gelting",2-year,mailed_check,False,45.1,79.99,200,155.7
CUST_00324,Emma Wolf,2022-06-18,Basic_50Mbps,"Falkestr. 44, 46145 Oberhausen",monthly,bank_transfer,True,45.1,49.99,50,2015.9
CUST_00325,Julia Weber,2022-06-20,Premium_1Gbps,"Max-Planck-Straße 63, 44625 Herne",2-year,electronic_check,False,45.0,119.99,1000,17.0
CUST_00326,Jonas Wagner,2022-06-22,Standard_200Mbps,"Bielfeldtstraße 13, 22763 Hamburg",monthly,electronic_check,False,44.9,79.99,200,259.2
CUST_00327,Lisa Neumann,2022-06-24,Standard_200Mbps,"Ratstannenweg 22, None Weimar",monthly,electronic_check,False,44.9,71.991,200,25.9
CUST_00328,Tim Schneider,2022-06-26,Standard_200Mbps,"Zöpener Straße 9, 4575 Neukieritzsch",annual,credit_card,True,44.8,79.99,200,50.4
CUST_00329,Paul Klein,2022-06-28,Standard_200Mbps,"Jens-Füerschipp-Straat 6, 24395 Gelting",annual,mailed_check,True,44.7,71.991,200,173.7
CUST_00330,Leon Neumann,2022-06-30,Basic_50Mbps,"Königstraße 50, 23552 Lübeck, Hansestadt",monthly,credit_card,True,44.7,49.99,50,214.3
CUST_00331,Paul Müller,2022-07-02,Standard_200Mbps,"Georgstraße 2, 47447 Moers",annual,bank_transfer,True,44.6,79.99,200,89.8
CUST_00332,Mia Hoffmann,2022-07-04,Standard_200Mbps,"Marienstraße 58, 8056 Stadt Zwickau",annual,credit_card,False,44.5,71.991,200,114.1
CUST_00333,Noah Zimmermann,2022-07-06,Basic_50Mbps,"An der Lagune 122, 4575 Neukieritzsch",monthly,mailed_check,True,44.5,49.99,50,27.3
CUST_00334,Sarah Weber,2022-07-08,Basic_50Mbps,"Leipziger Straße 52, 8056 Stadt Zwickau",2-year,electronic_check,True,44.4,49.99,50,108.4
CUST_00335,David Schwarz,2022-07-10,Basic_50Mbps,"Oesterntor 5, 59602 Rüthen",2-year,credit_card,False,44.3,49.99,50,1019.4
CUST_00336,Sarah Bauer,2022-07-12,Basic_50Mbps,"Am Mildenweg 15, 59602 Rüthen",annual,bank_transfer,False,44.3,44.991,50,868.5
CUST_00337,Leon Schwarz,2022-07-14,Premium_1Gbps,"An der Autobahn 11, 57258 Freudenberg",monthly,mailed_check,False,44.2,119.99,1000,122.3
CUST_00338,Julia Richter,2022-07-16,Standard_200Mbps,"Max-Liebermann-Straße 19, None Weimar",annual,bank_transfer,False,44.1,79.99,200,253.8
CUST_00339,David Koch,2022-07-18,Standard_200Mbps,"Robert-Bosch-Straße 5, 47608 Geldern",monthly,credit_card,True,44.1,79.99,200,721.0
CUST_00340,Felix Becker,2022-07-20,Basic_50Mbps,"Sandstraße 5, 59602 Rüthen",monthly,mailed_check,True,44.0,49.99,50,1.9
CUST_00341,Noah Richter,2022-07-22,Standard_200Mbps,"Hülsstraße 3, 44625 Herne",monthly,electronic_check,False,43.9,79.99,200,499.3
CUST_00342,Emma Klein,2022-07-24,Standard_200Mbps,"Forellenweg 15, 50129 Bergheim",monthly,credit_card,True,43.9,71.991,200,889.1
CUST_00343,Anna Koch,2022-07-26,Basic_50Mbps,"Zeppelinstraße 2, 47608 Geldern",2-year,credit_card,True,43.8,49.99,50,28.7
CUST_00344,Sarah Richter,2022-07-28,Standard_200Mbps,"Im Drostebusch 19, 48155 Münster",annual,bank_transfer,True,43.7,79.99,200,52.8
CUST_00345,Jonas Weber,2022-07-30,Standard_200Mbps,"Schillerstraße 9, 52525 Heinsberg (Rhld.)",annual,electronic_check,True,43.7,79.99,200,971.3
CUST_00346,Sarah Schmidt,2022-08-01,Standard_200Mbps,"Meinerzhagener Straße 22, 51709 Marienheide",monthly,electronic_check,False,43.6,79.99,200,231.4
CUST_00347,Tim Neumann,2022-08-03,Standard_200Mbps,"Siebelsaat 16, 57258 Freudenberg",monthly,electronic_check,True,43.5,79.99,200,4.3
CUST_00348,Noah Koch,2022-08-05,Basic_50Mbps,"Ellen-Scheuner-Weg 14, 48147 Münster",monthly,bank_transfer,True,43.5,49.99,50,89.4
CUST_00349,Sophie Wolf,2022-08-07,Standard_200Mbps,"Hüding 36, 59602 Rüthen",2-year,mailed_check,True,43.4,79.99,200,179.3
CUST_00350,Sophie Neumann,2022-08-09,Standard_200Mbps,"Unter der Heide 23, 57258 Freudenberg",monthly,credit_card,True,43.3,79.99,200,354.2
CUST_00351,David Müller,2022-08-11,Standard_200Mbps,"Neuberinplatz 1, 8056 Stadt Zwickau",2-year,mailed_check,True,43.3,79.99,200,396.3
CUST_00352,Tim Klein,2022-08-13,Premium_1Gbps,"Johann-Sebastian-Bach-Straße 8, None Weimar",annual,electronic_check,True,43.2,119.99,1000,1615.9
CUST_00353,Tim Schneider,2022-08-15,Standard_200Mbps,"Talmühlenstraße 18, 52525 Heinsberg (Rhld.)",monthly,mailed_check,False,43.1,79.99,200,101.7
CUST_00354,Sarah Schulz,2022-08-17,Basic_50Mbps,"Am Kiesgrund 34, 16548 Glienicke/Nordbahn",annual,electronic_check,True,43.1,49.99,50,231.8
CUST_00355,Leon Braun,2022-08-19,Basic_50Mbps,"Elisabethstraße 81, 47608 Geldern",monthly,electronic_check,True,43.0,49.99,50,228.6
CUST_00356,Jonas Schneider,2022-08-21,Standard_200Mbps,"Lindenstraße 17, 57258 Freudenberg",2-year,credit_card,True,42.9,79.99,200,156.1
CUST_00357,Leon Schwarz,2022-08-23,Basic_50Mbps,"Robert-Koch-Str. 19, 46145 Oberhausen",2-year,electronic_check,True,42.9,49.99,50,55.6
CUST_00358,Jonas Koch,2022-08-25,Standard_200Mbps,"Ringstraße 43, 47447 Moers",monthly,credit_card,True,42.8,79.99,200,1137.7
CUST_00359,Sarah Schwarz,2022-08-27,Premium_1Gbps,"Dorfstraße 10, 4575 Neukieritzsch",monthly,mailed_check,False,42.7,119.99,1000,575.8
CUST_00360,Anna Braun,2022-08-29,Standard_200Mbps,"Burgstraße 5, 59602 Rüthen",annual,credit_card,True,42.7,71.991,200,206.9
CUST_00361,Lukas Becker,2022-08-31,Standard_200Mbps,"Bilenbarg 107, 22397 Hamburg",2-year,credit_card,False,42.6,71.991,200,277.3
CUST_00362,Mia Becker,2022-09-02,Standard_200Mbps,"Rainer-Maria-Rilke-Straße 44, None Weimar",monthly,mailed_check,True,42.5,79.99,200,77.3
CUST_00363,Lukas Klein,2022-09-04,Standard_200Mbps,"Eickenstraße 27, 51709 Marienheide",annual,bank_transfer,True,42.5,79.99,200,235.4
CUST_00364,Sophie Fischer,2022-09-06,Standard_200Mbps,"Erlenhang 4, 52525 Heinsberg (Rhld.)",annual,mailed_check,True,42.4,79.99,200,356.2
CUST_00365,David Meyer,2022-09-08,Premium_1Gbps,"Herreshagener Straße 8, 51709 Marienheide",annual,mailed_check,False,42.3,119.99,1000,217.2
CUST_00366,Mia Müller,2022-09-10,Standard_200Mbps,"Kupferschmiedestraße 3, 23552 Lübeck, Hansestadt",monthly,credit_card,True,42.3,79.99,200,1390.2
CUST_00367,Anna Koch,2022-09-12,Premium_1Gbps,"Am Höhwald 35, 57258 Freudenberg",annual,credit_card,True,42.2,107.991,1000,283.5
CUST_00368,Anna Hoffmann,2022-09-14,Premium_1Gbps,"Laerer Landweg 83, 48155 Münster",2-year,mailed_check,True,42.1,119.99,1000,139.1
CUST_00369,Hannah Bauer,2022-09-16,Basic_50Mbps,"Schlungweg 13, 50129 Bergheim",monthly,bank_transfer,True,42.1,44.991,50,443.7
CUST_00370,Lena Weber,2022-09-18,Basic_50Mbps,"Eichendorffstraße 11, 52525 Heinsberg (Rhld.)",monthly,electronic_check,True,42.0,44.991,50,56.1
CUST_00371,Emma Neumann,2022-09-20,Basic_50Mbps,"Kleingaarwang 38, 24395 Gelting",2-year,electronic_check,True,41.9,49.99,50,145.6
CUST_00372,Lena Zimmermann,2022-09-22,Basic_50Mbps,"Mühlenstraße 29, 4575 Neukieritzsch",monthly,electronic_check,True,41.9,49.99,50,127.8
CUST_00373,Laura Meyer,2022-09-24,Basic_50Mbps,"Gewerbestraße 7, 57258 Freudenberg",2-year,electronic_check,True,41.8,44.991,50,169.6
CUST_00374,Laura Schneider,2022-09-26,Standard_200Mbps,"Dieckstraße 32, 48145 Münster",monthly,mailed_check,True,41.7,79.99,200,456.7
CUST_00375,Lisa Richter,2022-09-28,Basic_50Mbps,"Lortzingstraße 2, None Weimar",monthly,electronic_check,False,41.7,49.99,50,198.6
CUST_00376,Lisa Becker,2022-09-30,Basic_50Mbps,"Hauptstraße 50, 8056 Stadt Zwickau",2-year,bank_transfer,False,41.6,49.99,50,474.0
CUST_00377,Sarah Zimmermann,2022-10-02,Premium_1Gbps,"Steinbrinkstr. 253, 46145 Oberhausen",monthly,bank_transfer,False,41.5,119.99,1000,257.8
CUST_00378,Tim Becker,2022-10-04,Basic_50Mbps,"Gewerbestraße 21, 57258 Freudenberg",annual,electronic_check,True,41.5,49.99,50,125.6
CUST_00379,David Schulz,2022-10-06,Premium_1Gbps,"Stettiner Straße 101, 48147 Münster",monthly,mailed_check,True,41.4,107.991,1000,498.2
CUST_00380,David Schulz,2022-10-08,Basic_50Mbps,"Johann-Sebastian-Bach-Straße 15, None Weimar",annual,electronic_check,True,41.3,49.99,50,81.7
CUST_00381,Max Wolf,2022-10-10,Basic_50Mbps,"Alter Steinweg 28, 8056 Stadt Zwickau",monthly,electronic_check,True,41.3,44.991,50,76.2
CUST_00382,Mia Schwarz,2022-10-12,Standard_200Mbps,"Zur Wupperquelle 24, 51709 Marienheide",monthly,electronic_check,True,41.2,71.991,200,210.7
CUST_00383,Laura Schneider,2022-10-14,Standard_200Mbps,"Lutherstraße 41, 47608 Geldern",2-year,electronic_check,True,41.1,79.99,200,90.7
CUST_00384,David Bauer,2022-10-16,Premium_1Gbps,"Herreshagener Straße 18, 51709 Marienheide",monthly,mailed_check,True,41.1,119.99,1000,2.7
CUST_00385,Noah Hoffmann,2022-10-18,Standard_200Mbps,"Straße der Jugend 19, 16775 Gransee",annual,bank_transfer,True,41.0,79.99,200,313.5
CUST_00386,Lena Schulz,2022-10-20,Premium_1Gbps,"Hellert 5, 24395 Gelting",monthly,mailed_check,False,40.9,119.99,1000,214.7
CUST_00387,David Hoffmann,2022-10-22,Basic_50Mbps,"Am Kiesgrund 22, 16548 Glienicke/Nordbahn",annual,bank_transfer,True,40.9,49.99,50,176.9
CUST_00388,Felix Richter,2022-10-24,Basic_50Mbps,"Krähenstr. 10, 46145 Oberhausen",monthly,mailed_check,True,40.8,44.991,50,1023.1
CUST_00389,Sarah Fischer,2022-10-26,Standard_200Mbps,"Prälat-Schneider-Straße 9, 44651 Herne",2-year,electronic_check,True,40.7,71.991,200,254.0
CUST_00390,Emma Richter,2022-10-28,Premium_1Gbps,"Gimborner Straße 72, 51709 Marienheide",monthly,electronic_check,True,40.7,107.991,1000,597.3
CUST_00391,Noah Bauer,2022-10-30,Premium_1Gbps,"An der Lagune 149, 4575 Neukieritzsch",monthly,bank_transfer,True,40.6,107.991,1000,45.1
CUST_00392,Noah Hoffmann,2022-11-01,Standard_200Mbps,"Herreshagener Straße 21, 51709 Marienheide",monthly,credit_card,False,40.5,79.99,200,252.6
CUST_00393,Mia Müller,2022-11-03,Standard_200Mbps,"Marktweg 71, 47608 Geldern",monthly,mailed_check,False,40.5,79.99,200,607.4
CUST_00394,Jonas Schulz,2022-11-05,Standard_200Mbps,"Mildental 1, 59602 Rüthen",annual,credit_card,True,40.4,71.991,200,262.5
CUST_00395,Max Zimmermann,2022-11-07,Basic_50Mbps,"Marie-Juchacz-Straße 4, 50129 Bergheim",monthly,electronic_check,False,40.3,49.99,50,379.8
CUST_00396,Anna Braun,2022-11-09,Premium_1Gbps,"Lindenberger Höhe 18, 57258 Freudenberg",2-year,bank_transfer,False,40.3,119.99,1000,139.6
CUST_00397,Sarah Hoffmann,2022-11-11,Premium_1Gbps,"Billgrabendeich 11, 21035 Hamburg",monthly,credit_card,False,40.2,119.99,1000,29.1
CUST_00398,Emma Braun,2022-11-13,Standard_200Mbps,"Summter Straße 19, 12623 adressen_berlin.17351",monthly,credit_card,False,40.1,71.991,200,183.7
CUST_00399,Hannah Becker,2022-11-15,Standard_200Mbps,"Neuheim 39, 48155 Münster",annual,mailed_check,True,40.1,71.991,200,150.5
CUST_00400,Felix Braun,2022-11-17,Standard_200Mbps,"Auf dem Driesch 71, 50129 Bergheim",annual,mailed_check,True,40.0,71.991,200,605.4
CUST_00401,Paul Weber,2022-11-19,Basic_50Mbps,"Falkestr. 42, 46145 Oberhausen",monthly,bank_transfer,True,39.9,44.991,50,83.9
CUST_00402,Sophie Schmidt,2022-11-21,Premium_1Gbps,"Neufelder Weg 49, 47608 Geldern",monthly,credit_card,True,39.9,119.99,1000,1021.0
CUST_00403,Mia Wolf,2022-11-23,Standard_200Mbps,"Mühlberger Straße 42, 04895 Mühlberg/Elbe",monthly,mailed_check,False,39.8,79.99,200,952.0
CUST_00404,Anna Zimmermann,2022-11-25,Premium_1Gbps,"Rosengäßchen 1, 8056 Stadt Zwickau",annual,bank_transfer,True,39.7,119.99,1000,85.4
CUST_00405,Hannah Weber,2022-11-27,Basic_50Mbps,"Heidschlade 39, 57258 Freudenberg",annual,electronic_check,False,39.7,49.99,50,128.3
CUST_00406,Lukas Hoffmann,2022-11-29,Premium_1Gbps,"Vestische Str. 255, 46145 Oberhausen",monthly,mailed_check,False,39.6,119.99,1000,677.7
CUST_00407,Leon Klein,2022-12-01,Standard_200Mbps,"Sebastianusstraße 21, 52525 Heinsberg (Rhld.)",2-year,bank_transfer,False,39.5,79.99,200,1020.0
CUST_00408,Laura Wagner,2022-12-03,Basic_50Mbps,"Bienenkamp 5, 22159 Hamburg",2-year,bank_transfer,False,39.5,44.991,50,175.8
CUST_00409,Tim Schwarz,2022-12-05,Premium_1Gbps,"Mühlenweg 2, 04895 Falkenberg/Elster",annual,electronic_check,True,39.4,119.99,1000,116.1
CUST_00410,Hannah Neumann,2022-12-07,Basic_50Mbps,"Fronland 6, 52525 Heinsberg (Rhld.)",2-year,mailed_check,True,39.3,49.99,50,224.0
CUST_00411,Ben Schulz,2022-12-09,Basic_50Mbps,"Kreuztaler Straße 166, 57258 Freudenberg",monthly,electronic_check,True,39.3,44.991,50,349.2
CUST_00412,Laura Schulz,2022-12-11,Premium_1Gbps,"Lichte Querstraße 16, 23552 Lübeck, Hansestadt",monthly,credit_card,True,39.2,107.991,1000,95.8
CUST_00413,Sarah Hoffmann,2022-12-13,Premium_1Gbps,"Langer Lohberg 32, 23552 Lübeck, Hansestadt",monthly,mailed_check,True,39.1,119.99,1000,400.1
CUST_00414,Leon Fischer,2022-12-15,Standard_200Mbps,"Lychener Chaussee 16, 16798 Fürstenberg/Havel",monthly,credit_card,True,39.1,79.99,200,15.9
CUST_00415,David Schneider,2022-12-17,Standard_200Mbps,"Dannenberger Straße 11, 51709 Marienheide",annual,mailed_check,False,39.0,79.99,200,15.2
CUST_00416,Tim Becker,2022-12-19,Standard_200Mbps,"Marlesgrube 71, 23552 Lübeck, Hansestadt",2-year,electronic_check,True,38.9,79.99,200,146.5
CUST_00417,Jonas Schwarz,2022-12-21,Basic_50Mbps,"An der Lagune 245, 4575 Neukieritzsch",monthly,bank_transfer,True,38.9,49.99,50,130.8
CUST_00418,Hannah Schneider,2022-12-23,Basic_50Mbps,"Vernumer Straße 83, 47608 Geldern",monthly,credit_card,True,38.8,44.991,50,113.8
CUST_00419,Jonas Müller,2022-12-25,Standard_200Mbps,"Liebenwerdaer Straße 16, 04895 Mühlberg/Elbe",monthly,credit_card,True,38.7,79.99,200,202.6
CUST_00420,Paul Schwarz,2022-12-27,Standard_200Mbps,"Fontanestraße 17, 44625 Herne",2-year,bank_transfer,True,38.7,71.991,200,116.0
CUST_00421,Sophie Wolf,2022-12-29,Standard_200Mbps,"Kuhbrücke 24, 16515 Oranienburg",monthly,credit_card,False,38.6,71.991,200,64.1
CUST_00422,Hannah Schulz,2022-12-31,Standard_200Mbps,"Wilbringhausen 18, 51709 Marienheide",annual,credit_card,True,38.5,79.99,200,111.1
CUST_00423,Noah Richter,2023-01-02,Basic_50Mbps,"Falkenberger Straße 57, 04895 Mühlberg/Elbe",monthly,electronic_check,False,38.5,49.99,50,1105.5
CUST_00424,Hannah Fischer,2023-01-04,Standard_200Mbps,"Katharinenstraße 1, 47447 Moers",monthly,mailed_check,True,38.4,79.99,200,158.9
CUST_00425,Emma Schröder,2023-01-06,Basic_50Mbps,"Jens-Füerschipp-Straat 16, 24395 Gelting",2-year,bank_transfer,False,38.3,49.99,50,176.5
CUST_00426,Max Braun,2023-01-08,Standard_200Mbps,"Triftweg 8, 59602 Rüthen",2-year,electronic_check,True,38.3,79.99,200,257.8
CUST_00427,Julia Koch,2023-01-10,Standard_200Mbps,"Weyresstraße 39, 52525 Heinsberg (Rhld.)",monthly,credit_card,True,38.2,79.99,200,1228.4
CUST_00428,Lisa Becker,2023-01-12,Premium_1Gbps,"Am Dorfweg 50, 52525 Heinsberg (Rhld.)",2-year,electronic_check,True,38.1,107.991,1000,83.0
CUST_00429,Lukas Wolf,2023-01-14,Standard_200Mbps,"Am Löh 25, 57258 Freudenberg",annual,bank_transfer,False,38.1,71.991,200,343.0
CUST_00430,Mia Klein,2023-01-16,Basic_50Mbps,"Lessingstraße 3, None Weimar",2-year,electronic_check,True,38.0,49.99,50,377.6
CUST_00431,Sophie Weber,2023-01-18,Basic_50Mbps,"Hebrohy 1, 24395 Gelting",monthly,mailed_check,True,37.9,49.99,50,280.4
CUST_00432,Anna Schmidt,2023-01-20,Standard_200Mbps,"Egestorffstraße 5, 12307 adressen_berlin.173152",annual,electronic_check,False,37.9,79.99,200,27.8
CUST_00433,Mia Schröder,2023-01-22,Standard_200Mbps,"Katharinenstraße 29, 8056 Stadt Zwickau",monthly,electronic_check,False,37.8,79.99,200,338.9
CUST_00434,Sophie Fischer,2023-01-24,Basic_50Mbps,"Kahnsdorfer Straße 21, 4575 Neukieritzsch",annual,bank_transfer,True,37.7,49.99,50,19.9
CUST_00435,Emma Schwarz,2023-01-26,Basic_50Mbps,"Zum Illbruckshof 16, 47447 Moers",monthly,electronic_check,False,37.7,44.991,50,272.0
CUST_00436,Tim Richter,2023-01-28,Standard_200Mbps,"Lämmerrainweg 9, None Weimar",monthly,bank_transfer,True,37.6,79.99,200,403.6
CUST_00437,David Bauer,2023-01-30,Basic_50Mbps,"Hülshorstweg 30, 47447 Moers",monthly,bank_transfer,True,37.5,49.99,50,71.1
CUST_00438,Julia Klein,2023-02-01,Premium_1Gbps,"Langer Lohberg 15, 23552 Lübeck, Hansestadt",annual,bank_transfer,True,37.5,119.99,1000,552.8
CUST_00439,Noah Weber,2023-02-03,Standard_200Mbps,"Marienstraße 18, 52525 Heinsberg (Rhld.)",monthly,mailed_check,False,37.4,79.99,200,9.2
CUST_00440,Lena Fischer,2023-02-05,Basic_50Mbps,"Bibertal 34, 59602 Rüthen",annual,credit_card,False,37.3,49.99,50,557.0
CUST_00441,Sarah Braun,2023-02-07,Basic_50Mbps,"Wainsdorfer Hauptstraße 13, 04932 Röderland",2-year,mailed_check,True,37.3,49.99,50,185.0
CUST_00442,Lena Schulz,2023-02-09,Premium_1Gbps,"Biehlweg 2, 22049 Hamburg",monthly,mailed_check,True,37.2,119.99,1000,73.6
CUST_00443,Anna Bauer,2023-02-11,Standard_200Mbps,"Holmkjer 16, 24395 Gelting",annual,electronic_check,True,37.1,79.99,200,43.1
CUST_00444,Felix Wolf,2023-02-13,Standard_200Mbps,"Zeppelinstraße 44, 47608 Geldern",monthly,electronic_check,False,37.1,79.99,200,919.2
CUST_00445,David Becker,2023-02-15,Premium_1Gbps,"Triftweg 9, 59602 Rüthen",2-year,mailed_check,False,37.0,119.99,1000,22.6
CUST_00446,Hannah Fischer,2023-02-17,Premium_1Gbps,"Lämmerrainweg 6, None Weimar",monthly,bank_transfer,True,36.9,119.99,1000,66.6
CUST_00447,Hannah Schwarz,2023-02-19,Premium_1Gbps,"Kösener Straße 1, 16515 Oranienburg",annual,bank_transfer,False,36.9,107.991,1000,128.2
CUST_00448,Hannah Schmidt,2023-02-21,Standard_200Mbps,"Von-Loen-Straße 2, 59602 Rüthen",2-year,credit_card,False,36.8,79.99,200,290.5
CUST_00449,Jonas Schulz,2023-02-23,Standard_200Mbps,"An der Ziegelei 48, 44625 Herne",2-year,credit_card,True,36.7,79.99,200,236.1
CUST_00450,Felix Fischer,2023-02-25,Basic_50Mbps,"Straße der Jugend 24, 16775 Gransee",annual,bank_transfer,True,36.7,49.99,50,40.3
CUST_00451,David Schneider,2023-02-27,Standard_200Mbps,"Neuheim 25, 48155 Münster",monthly,bank_transfer,True,36.6,79.99,200,102.6
CUST_00452,Felix Braun,2023-03-01,Standard_200Mbps,"Mengstraße 22, 23552 Lübeck, Hansestadt",annual,electronic_check,True,36.5,79.99,200,81.8
CUST_00453,Max Schmidt,2023-03-03,Standard_200Mbps,"Hoher Ring 40, 46145 Oberhausen",2-year,mailed_check,True,36.5,79.99,200,72.1
CUST_00454,Leon Becker,2023-03-05,Premium_1Gbps,"Liebenwerdaer Straße 8, 04895 Mühlberg/Elbe",annual,bank_transfer,True,36.4,119.99,1000,158.9
CUST_00455,Tim Zimmermann,2023-03-07,Basic_50Mbps,"Höfel 40, 51709 Marienheide",monthly,mailed_check,False,36.3,49.99,50,365.3
CUST_00456,Felix Schneider,2023-03-09,Standard_200Mbps,"Heidberg 35, 59602 Rüthen",2-year,credit_card,True,36.3,71.991,200,73.6
CUST_00457,Julia Wagner,2023-03-11,Basic_50Mbps,"Dorfplatz 75, 4575 Neukieritzsch",annual,mailed_check,True,36.2,49.99,50,137.0
CUST_00458,Noah Wagner,2023-03-13,Standard_200Mbps,"Wolfskaulstraße 22, 52525 Heinsberg (Rhld.)",annual,mailed_check,True,36.1,71.991,200,148.7
CUST_00459,Emma Koch,2023-03-15,Basic_50Mbps,"Schusterweg 3, 52525 Heinsberg (Rhld.)",monthly,mailed_check,True,36.1,49.99,50,1124.7
CUST_00460,Tim Braun,2023-03-17,Basic_50Mbps,"Rosengasse 5, 04924 Uebigau-Wahrenbrück",annual,mailed_check,True,36.0,49.99,50,928.1
CUST_00461,Max Schulz,2023-03-19,Basic_50Mbps,"Siebelsaat 44, 57258 Freudenberg",monthly,electronic_check,True,35.9,49.99,50,483.0
CUST_00462,Tim Weber,2023-03-21,Standard_200Mbps,"Hirschstr. 12, 46145 Oberhausen",annual,electronic_check,True,35.9,79.99,200,83.0
CUST_00463,Julia Schulz,2023-03-23,Standard_200Mbps,"Goethestraße 19, 52525 Heinsberg (Rhld.)",monthly,mailed_check,True,35.8,79.99,200,21.1
CUST_00464,Laura Fischer,2023-03-25,Standard_200Mbps,"Steubenstraße 5, 47447 Moers",annual,mailed_check,True,35.7,71.991,200,114.3
CUST_00465,Max Weber,2023-03-27,Premium_1Gbps,"Hainer Seeblick 10, 4575 Neukieritzsch",2-year,mailed_check,True,35.7,119.99,1000,93.1
CUST_00466,Max Bauer,2023-03-29,Standard_200Mbps,"Stettiner Straße 88, 48147 Münster",monthly,bank_transfer,False,35.6,79.99,200,211.5
CUST_00467,Emma Zimmermann,2023-03-31,Basic_50Mbps,"Veilchenweg 45, 44651 Herne",2-year,bank_transfer,True,35.5,44.991,50,451.2
CUST_00468,Leon Müller,2023-04-02,Premium_1Gbps,"Birkenweg 6, 51709 Marienheide",monthly,credit_card,True,35.5,107.991,1000,586.3
CUST_00469,Laura Schulz,2023-04-04,Basic_50Mbps,"Marlesgrube 3, 23552 Lübeck, Hansestadt",2-year,mailed_check,False,35.4,49.99,50,559.0
CUST_00470,Anna Weber,2023-04-06,Premium_1Gbps,"Heidschlade 22, 57258 Freudenberg",annual,mailed_check,True,35.3,119.99,1000,133.7
CUST_00471,Lena Neumann,2023-04-08,Basic_50Mbps,"Neufelder Weg 85, 47608 Geldern",annual,bank_transfer,True,35.3,49.99,50,348.7
CUST_00472,Sophie Schneider,2023-04-10,Premium_1Gbps,"Burgstraße 29, 59602 Rüthen",annual,electronic_check,False,35.2,119.99,1000,112.6
CUST_00473,Sarah Wolf,2023-04-12,Basic_50Mbps,"Unter den Linden 6, 16798 Fürstenberg/Havel",2-year,electronic_check,True,35.1,49.99,50,18.9
CUST_00474,Hannah Neumann,2023-04-14,Premium_1Gbps,"Kremmener Straße 19, 16515 Oranienburg",monthly,electronic_check,True,35.1,119.99,1000,362.8
CUST_00475,Noah Fischer,2023-04-16,Standard_200Mbps,"Dieckstraße 61, 48145 Münster",monthly,mailed_check,False,35.0,79.99,200,3.0
CUST_00476,David Neumann,2023-04-18,Premium_1Gbps,"Bassrott 10, 24395 Gelting",annual,electronic_check,False,34.9,119.99,1000,157.9
CUST_00477,Emma Braun,2023-04-20,Basic_50Mbps,"Herzogstraße 29, 44651 Herne",2-year,credit_card,False,34.9,49.99,50,119.9
CUST_00478,Anna Neumann,2023-04-22,Standard_200Mbps,"Bilenbarg 44, 22397 Hamburg",annual,electronic_check,True,34.8,79.99,200,354.6
CUST_00479,Mia Wolf,2023-04-24,Premium_1Gbps,"Billhorner Deich 96, 20539 Hamburg",annual,credit_card,True,34.7,119.99,1000,436.0
CUST_00480,Max Schmidt,2023-04-26,Standard_200Mbps,"Pilgerstr. 5, 46149 Oberhausen",monthly,electronic_check,True,34.7,79.99,200,108.8
CUST_00481,Sarah Richter,2023-04-28,Standard_200Mbps,"Holderberger Straße 104, 47447 Moers",2-year,bank_transfer,True,34.6,71.991,200,500.8
CUST_00482,Lena Fischer,2023-04-30,Standard_200Mbps,"Kreuzstraße 24, 50129 Bergheim",monthly,electronic_check,True,34.5,79.99,200,104.4
CUST_00483,Sarah Wolf,2023-05-02,Standard_200Mbps,"Zum Rott 3, 50129 Bergheim",annual,electronic_check,True,34.5,79.99,200,177.4
CUST_00484,Lukas Schneider,2023-05-04,Standard_200Mbps,"Grenzstraße 12, 51709 Marienheide",monthly,credit_card,False,34.4,79.99,200,389.5
CUST_00485,Leon Braun,2023-05-06,Standard_200Mbps,"Lämmerrainweg 24, None Weimar",monthly,mailed_check,True,34.3,79.99,200,354.2
CUST_00486,Tim Schneider,2023-05-08,Premium_1Gbps,"Kirchhellener Str. 299, 46145 Oberhausen",monthly,electronic_check,True,34.3,119.99,1000,1311.5
CUST_00487,Tim Schulz,2023-05-10,Basic_50Mbps,"Kurzer Weg 3, 57258 Freudenberg",monthly,mailed_check,True,34.2,44.991,50,76.5
CUST_00488,Lisa Zimmermann,2023-05-12,Basic_50Mbps,"Hauptstraße 40, 04895 Falkenberg/Elster",annual,electronic_check,True,34.1,49.99,50,325.7
CUST_00489,Julia Koch,2023-05-14,Premium_1Gbps,"Fliederweg 12, 50129 Bergheim",monthly,mailed_check,True,34.1,119.99,1000,282.2
CUST_00490,Jonas Braun,2023-05-16,Premium_1Gbps,"Dahlienweg 17, 44652 Herne",monthly,bank_transfer,True,34.0,119.99,1000,739.9
CUST_00491,Ben Hoffmann,2023-05-18,Standard_200Mbps,"Edmundstraße 20, 47447 Moers",monthly,bank_transfer,True,33.9,79.99,200,51.0
CUST_00492,David Neumann,2023-05-20,Standard_200Mbps,"Ringstraße 35, 47447 Moers",monthly,bank_transfer,True,33.9,79.99,200,418.1
CUST_00493,Lisa Klein,2023-05-22,Basic_50Mbps,"Bilenbarg 51, 22397 Hamburg",monthly,electronic_check,False,33.8,49.99,50,252.0
CUST_00494,Sophie Fischer,2023-05-24,Basic_50Mbps,"Langer Lohberg 24/ 12, 23552 Lübeck, Hansestadt",monthly,bank_transfer,False,33.7,49.99,50,96.3
CUST_00495,Julia Wagner,2023-05-26,Standard_200Mbps,"Sebastianusstraße 13, 52525 Heinsberg (Rhld.)",annual,mailed_check,True,33.7,79.99,200,193.0
CUST_00496,Lena Wolf,2023-05-28,Standard_200Mbps,"Pablo-Neruda-Straße 11, None Weimar",annual,mailed_check,True,33.6,79.99,200,121.8
CUST_00497,Emma Klein,2023-05-30,Standard_200Mbps,"Neufelder Weg 45, 47608 Geldern",annual,mailed_check,False,33.5,79.99,200,259.8
CUST_00498,Leon Wolf,2023-06-01,Basic_50Mbps,"Rottbruchstraße 32, 44625 Herne",monthly,electronic_check,False,33.5,44.991,50,659.5
CUST_00499,Jonas Klein,2023-06-03,Premium_1Gbps,"Herzogstr. 145, 46145 Oberhausen",monthly,electronic_check,True,33.4,119.99,1000,252.7
CUST_00500,Sophie Koch,2023-06-05,Premium_1Gbps,"Fritzi-Massary-Straße 59, 12057 adressen_berlin.173564",2-year,mailed_check,False,33.3,119.99,1000,299.7
CUST_00501,Lena Koch,2023-06-07,Standard_200Mbps,"Bojum 5, 24402 Esgrus",annual,electronic_check,True,33.3,79.99,200,219.4
CUST_00502,Paul Bauer,2023-06-09,Standard_200Mbps,"Dr.-Friedrichs-Ring 95, 8056 Stadt Zwickau",monthly,electronic_check,False,33.2,79.99,200,15.8
CUST_00503,Tim Schröder,2023-06-11,Basic_50Mbps,"Kreuztaler Straße 161, 57258 Freudenberg",monthly,mailed_check,False,33.1,49.99,50,79.5
CUST_00504,Lukas Schneider,2023-06-13,Premium_1Gbps,"Paul-Klee-Straße 20, None Weimar",monthly,electronic_check,True,33.1,107.991,1000,203.2
CUST_00505,Lukas Schneider,2023-06-15,Standard_200Mbps,"Langer Lohberg 56, 23552 Lübeck, Hansestadt",monthly,bank_transfer,False,33.0,79.99,200,111.4
CUST_00506,Lena Fischer,2023-06-17,Basic_50Mbps,"Egestorffstraße 19, 12307 adressen_berlin.173128",monthly,credit_card,True,32.9,49.99,50,60.2
CUST_00507,Hannah Weber,2023-06-19,Premium_1Gbps,"Mengstraße 11, 23552 Lübeck, Hansestadt",annual,electronic_check,False,32.9,119.99,1000,210.4
CUST_00508,Julia Schmidt,2023-06-21,Premium_1Gbps,"Zittauer Straße 103, 12355 adressen_berlin.173497",annual,mailed_check,True,32.8,107.991,1000,116.9
CUST_00509,Noah Schwarz,2023-06-23,Premium_1Gbps,"Wippendorf 15, 24402 Esgrus",annual,electronic_check,False,32.7,119.99,1000,89.6
CUST_00510,Julia Koch,2023-06-25,Standard_200Mbps,"Kuhbrücke 25, 16515 Oranienburg",annual,electronic_check,True,32.7,79.99,200,187.1
CUST_00511,Sophie Klein,2023-06-27,Standard_200Mbps,"Am Dorfweg 45, 52525 Heinsberg (Rhld.)",2-year,credit_card,True,32.6,71.991,200,42.9
CUST_00512,Hannah Klein,2023-06-29,Standard_200Mbps,"Herzogstr. 77, 46145 Oberhausen",annual,electronic_check,True,32.5,79.99,200,788.3
CUST_00513,Anna Hoffmann,2023-07-01,Premium_1Gbps,"An der Ziegelei 81, 44625 Herne",2-year,mailed_check,False,32.5,107.991,1000,606.8
CUST_00514,Lisa Hoffmann,2023-07-03,Premium_1Gbps,"Am Kiesgrund 1, 16548 Glienicke/Nordbahn",monthly,mailed_check,False,32.4,119.99,1000,368.9
CUST_00515,Hannah Fischer,2023-07-05,Basic_50Mbps,"Karl-Liebknecht-Straße 24, 4575 Neukieritzsch",monthly,mailed_check,False,32.3,49.99,50,33.7
CUST_00516,Noah Neumann,2023-07-07,Basic_50Mbps,"Rottberg 5, 24402 Esgrus",monthly,electronic_check,False,32.3,49.99,50,448.7
CUST_00517,Felix Weber,2023-07-09,Standard_200Mbps,"Moltkestraße 12, 47447 Moers",annual,credit_card,True,32.2,79.99,200,495.0
CUST_00518,Sarah Becker,2023-07-11,Premium_1Gbps,"Dernburgstraße 27, 14057 adressen_berlin.173360",2-year,mailed_check,True,32.1,119.99,1000,438.0
CUST_00519,Sophie Bauer,2023-07-13,Premium_1Gbps,"Am Ziegelkamp 54, 46149 Oberhausen",monthly,electronic_check,True,32.1,107.991,1000,36.3
CUST_00520,Julia Bauer,2023-07-15,Basic_50Mbps,"Elisabethstraße 59, 47608 Geldern",2-year,electronic_check,True,32.0,44.991,50,309.8
CUST_00521,Sophie Schulz,2023-07-17,Standard_200Mbps,"Bielefelder Straße 64, 44652 Herne",monthly,electronic_check,True,31.9,79.99,200,539.3
CUST_00522,Noah Becker,2023-07-19,Standard_200Mbps,"Lindenberger Straße 231, 57258 Freudenberg",2-year,credit_card,True,31.9,79.99,200,258.4
CUST_00523,Lena Schwarz,2023-07-21,Premium_1Gbps,"Am Schwanenteich 4, 8056 Stadt Zwickau",monthly,bank_transfer,True,31.8,119.99,1000,311.9
CUST_00524,Lisa Braun,2023-07-23,Premium_1Gbps,"Im Haselbusch 52, 47447 Moers",monthly,bank_transfer,True,31.7,119.99,1000,183.9
CUST_00525,Julia Müller,2023-07-25,Premium_1Gbps,"Jens-Füerschipp-Straat 13, 24395 Gelting",monthly,electronic_check,True,31.7,119.99,1000,225.7
CUST_00526,Lisa Schulz,2023-07-27,Standard_200Mbps,"Rainer-Maria-Rilke-Straße 1, None Weimar",monthly,bank_transfer,True,31.6,79.99,200,10.5
CUST_00527,Max Meyer,2023-07-29,Standard_200Mbps,"Kuhbrücke 16, 16515 Oranienburg",monthly,bank_transfer,False,31.5,79.99,200,305.6
CUST_00528,Paul Hoffmann,2023-07-31,Basic_50Mbps,"Ringstraße 41, 47447 Moers",monthly,electronic_check,False,31.5,49.99,50,25.5
CUST_00529,Leon Bauer,2023-08-02,Basic_50Mbps,"Im Dornenhau 17, 50129 Bergheim",2-year,credit_card,False,31.4,49.99,50,171.3
CUST_00530,Max Meyer,2023-08-04,Premium_1Gbps,"Laerer Landweg 85, 48155 Münster",annual,electronic_check,True,31.3,107.991,1000,103.9
CUST_00531,Tim Zimmermann,2023-08-06,Premium_1Gbps,"Lessingstraße 18, None Weimar",monthly,electronic_check,True,31.3,119.99,1000,236.5
CUST_00532,Jonas Schneider,2023-08-08,Premium_1Gbps,"Kreudnitzer Allee 3, 4575 Neukieritzsch",annual,electronic_check,False,31.2,107.991,1000,43.0
CUST_00533,Tim Müller,2023-08-10,Premium_1Gbps,"Hebrohy 15, 24395 Gelting",annual,bank_transfer,True,31.1,119.99,1000,352.9
CUST_00534,Lukas Neumann,2023-08-12,Standard_200Mbps,"Kösener Straße 8, 16515 Oranienburg",monthly,credit_card,True,31.1,79.99,200,475.4
CUST_00535,Felix Richter,2023-08-14,Standard_200Mbps,"Lehbek 28, 24395 Gelting",monthly,electronic_check,True,31.0,79.99,200,53.5
CUST_00536,Lena Wolf,2023-08-16,Premium_1Gbps,"Dorfplatz 75, 4575 Neukieritzsch",monthly,electronic_check,True,30.9,119.99,1000,33.0
CUST_00537,Leon Meyer,2023-08-18,Premium_1Gbps,"Innere Schneeberger Straße 7, 8056 Stadt Zwickau",monthly,electronic_check,True,30.9,119.99,1000,47.2
CUST_00538,Hannah Hoffmann,2023-08-20,Basic_50Mbps,"Gewandhausstraße 14, 8056 Stadt Zwickau",annual,credit_card,True,30.8,49.99,50,629.0
CUST_00539,Leon Zimmermann,2023-08-22,Standard_200Mbps,"Jülicher Straße 42, 52525 Heinsberg (Rhld.)",monthly,electronic_check,True,30.7,71.991,200,225.4
CUST_00540,Lisa Schneider,2023-08-24,Basic_50Mbps,"Oesterntor 1, 59602 Rüthen",annual,electronic_check,True,30.7,44.991,50,188.9
CUST_00541,Anna Weber,2023-08-26,Premium_1Gbps,"Hauptstraße 27, 04895 Falkenberg/Elster",annual,electronic_check,True,30.6,107.991,1000,33.9
CUST_00542,Laura Braun,2023-08-28,Standard_200Mbps,"Innere Schneeberger Straße 23, 8056 Stadt Zwickau",monthly,electronic_check,False,30.5,79.99,200,314.6
CUST_00543,Anna Schneider,2023-08-30,Basic_50Mbps,"Ratstannenweg 53, None Weimar",annual,electronic_check,True,30.5,49.99,50,607.5
CUST_00544,Paul Wolf,2023-09-01,Standard_200Mbps,"Zittauer Straße 93, 12355 adressen_berlin.173504",monthly,mailed_check,True,30.4,79.99,200,528.4
CUST_00545,Lena Schröder,2023-09-03,Standard_200Mbps,"Marienstraße 5, 8056 Stadt Zwickau",2-year,credit_card,False,30.3,79.99,200,295.1
CUST_00546,Lisa Wolf,2023-09-05,Standard_200Mbps,"Westerwaldstr. 31, 46145 Oberhausen",monthly,mailed_check,True,30.3,79.99,200,23.5
CUST_00547,Lena Schulz,2023-09-07,Basic_50Mbps,"Schifffahrter Damm 137, 48145 Münster",2-year,credit_card,True,30.2,44.991,50,35.8
CUST_00548,Felix Neumann,2023-09-09,Standard_200Mbps,"Holderberger Straße 74, 47447 Moers",annual,mailed_check,True,30.1,79.99,200,15.2
CUST_00549,Sophie Bauer,2023-09-11,Standard_200Mbps,"Sommerhaus 2, 50129 Bergheim",monthly,mailed_check,True,30.1,79.99,200,89.3
CUST_00550,Lena Fischer,2023-09-13,Standard_200Mbps,"Helenenstraße 22, 47447 Moers",annual,credit_card,True,30.0,79.99,200,43.7
CUST_00551,Mia Zimmermann,2023-09-15,Standard_200Mbps,"Rainer-Maria-Rilke-Straße 44, None Weimar",2-year,bank_transfer,False,29.9,79.99,200,90.4
CUST_00552,Sarah Neumann,2023-09-17,Premium_1Gbps,"Warnemünder Straße 8, 13059 adressen_berlin.173391",annual,credit_card,True,29.9,107.991,1000,145.9
CUST_00553,Mia Schmidt,2023-09-19,Standard_200Mbps,"Wolfskaulstraße 17, 52525 Heinsberg (Rhld.)",2-year,electronic_check,True,29.8,71.991,200,859.3
CUST_00554,Emma Richter,2023-09-21,Standard_200Mbps,"Fliederweg 37, 48155 Münster",2-year,electronic_check,True,29.7,79.99,200,282.8
CUST_00555,Lisa Schmidt,2023-09-23,Premium_1Gbps,"Am Kiesgrund 26, 16548 Glienicke/Nordbahn",monthly,credit_card,True,29.7,119.99,1000,540.5
CUST_00556,Max Wagner,2023-09-25,Standard_200Mbps,"Rottbruchstraße 91, 44625 Herne",monthly,electronic_check,True,29.6,79.99,200,371.7
CUST_00557,Mia Wagner,2023-09-27,Basic_50Mbps,"Alte Eisenstraße 4, 57258 Freudenberg",annual,mailed_check,True,29.5,49.99,50,35.8
CUST_00558,Tim Schulz,2023-09-29,Basic_50Mbps,"Theodor-Sältze-Straße 7, 4575 Neukieritzsch",monthly,bank_transfer,True,29.5,49.99,50,399.5
CUST_00559,Mia Koch,2023-10-01,Standard_200Mbps,"Heidschlade 31, 57258 Freudenberg",2-year,credit_card,True,29.4,79.99,200,96.5
CUST_00560,Sophie Müller,2023-10-03,Standard_200Mbps,"Marktweg 49, 47608 Geldern",2-year,mailed_check,True,29.3,79.99,200,305.8
CUST_00561,Sarah Klein,2023-10-05,Standard_200Mbps,"Talmühlenstraße 20, 52525 Heinsberg (Rhld.)",monthly,electronic_check,True,29.3,79.99,200,125.1
CUST_00562,Laura Weber,2023-10-07,Basic_50Mbps,"Elisabeth-Selbert-Weg 47, 48147 Münster",monthly,electronic_check,False,29.2,49.99,50,1818.9
CUST_00563,Jonas Schwarz,2023-10-09,Basic_50Mbps,"Robinienweg 5, 16798 Fürstenberg/Havel",annual,credit_card,True,29.1,49.99,50,91.8
CUST_00564,Emma Neumann,2023-10-11,Basic_50Mbps,"Ellen-Scheuner-Weg 41, 48147 Münster",monthly,credit_card,True,29.1,44.991,50,98.2
CUST_00565,Julia Bauer,2023-10-13,Standard_200Mbps,"Im Heidewinkel 14, 13629 adressen_berlin.173284",2-year,mailed_check,True,29.0,79.99,200,800.7
CUST_00566,Lukas Richter,2023-10-15,Standard_200Mbps,"Possendorfer Weg 6, None Weimar",monthly,bank_transfer,False,28.9,79.99,200,7.5
CUST_00567,Anna Klein,2023-10-17,Standard_200Mbps,"Wainsdorfer Hauptstraße 18, 04932 Röderland",annual,bank_transfer,True,28.9,79.99,200,357.9
CUST_00568,Max Wolf,2023-10-19,Standard_200Mbps,"Neufelder Weg 43, 47608 Geldern",monthly,bank_transfer,True,28.8,79.99,200,387.7
CUST_00569,Lukas Koch,2023-10-21,Premium_1Gbps,"Helenenstraße 18, 47447 Moers",annual,electronic_check,False,28.7,107.991,1000,543.1
CUST_00570,Noah Klein,2023-10-23,Basic_50Mbps,"Mühlenstraße 18, 4575 Neukieritzsch",monthly,electronic_check,False,28.7,49.99,50,1100.0
CUST_00571,Noah Richter,2023-10-25,Standard_200Mbps,"Wainsdorfer Gartenstraße 3, 04932 Röderland",annual,mailed_check,True,28.6,79.99,200,1114.0
CUST_00572,Lena Hoffmann,2023-10-27,Standard_200Mbps,"Max-Planck-Straße 24, 47608 Geldern",monthly,electronic_check,True,28.5,79.99,200,20.3
CUST_00573,Sophie Richter,2023-10-29,Standard_200Mbps,"Schorrehy 6, 24402 Esgrus",annual,bank_transfer,False,28.5,79.99,200,517.5
CUST_00574,Max Koch,2023-10-31,Standard_200Mbps,"Osterweihstraße 4, 8056 Stadt Zwickau",2-year,mailed_check,False,28.4,79.99,200,311.8
CUST_00575,Laura Braun,2023-11-02,Premium_1Gbps,"Dorfstraße 20, 4575 Neukieritzsch",monthly,bank_transfer,False,28.3,119.99,1000,312.7
CUST_00576,David Bauer,2023-11-04,Premium_1Gbps,"Fliederweg 47, 48155 Münster",monthly,mailed_check,True,28.3,119.99,1000,41.2
CUST_00577,Lukas Klein,2023-11-06,Basic_50Mbps,"Henry-van-de-Velde-Straße 1, None Weimar",monthly,electronic_check,True,28.2,49.99,50,315.1
CUST_00578,Sophie Becker,2023-11-08,Premium_1Gbps,"Remboldstraße 2, 52525 Heinsberg (Rhld.)",annual,mailed_check,True,28.1,119.99,1000,1213.4
CUST_00579,Lena Zimmermann,2023-11-10,Standard_200Mbps,"Reinekering 9, 46149 Oberhausen",annual,bank_transfer,False,28.1,79.99,200,728.5
CUST_00580,Jonas Neumann,2023-11-12,Basic_50Mbps,"Holsterhauser Straße 125, 44625 Herne",annual,mailed_check,True,28.0,49.99,50,173.5
CUST_00581,Lukas Richter,2023-11-14,Standard_200Mbps,"Ostring 59, 50129 Bergheim",monthly,credit_card,True,27.9,79.99,200,12.2
CUST_00582,Mia Koch,2023-11-16,Premium_1Gbps,"Mengstraße 30, 23552 Lübeck, Hansestadt",monthly,electronic_check,False,27.9,119.99,1000,135.0
CUST_00583,Emma Koch,2023-11-18,Standard_200Mbps,"Postweg 167, 46145 Oberhausen",annual,mailed_check,True,27.8,79.99,200,525.3
CUST_00584,Laura Schneider,2023-11-20,Basic_50Mbps,"Niedere Straße 16, 59602 Rüthen",monthly,mailed_check,False,27.7,49.99,50,362.7
CUST_00585,Ben Fischer,2023-11-22,Standard_200Mbps,"Mühlenstraße 3, 4575 Neukieritzsch",2-year,mailed_check,True,27.7,79.99,200,184.5
CUST_00586,Ben Neumann,2023-11-24,Basic_50Mbps,"Am Fuchsberg 20, 50129 Bergheim",monthly,mailed_check,True,27.6,49.99,50,17.0
CUST_00587,Felix Bauer,2023-11-26,Basic_50Mbps,"Westhoffstr. 20, 46149 Oberhausen",annual,credit_card,True,27.5,49.99,50,167.0
CUST_00588,Hannah Weber,2023-11-28,Basic_50Mbps,"Egestorffstraße 9, 12307 adressen_berlin.173146",monthly,electronic_check,False,27.5,44.991,50,189.9
CUST_00589,Emma Fischer,2023-11-30,Basic_50Mbps,"Asternstraße 4, 47447 Moers",monthly,bank_transfer,True,27.4,49.99,50,791.7
CUST_00590,Tim Schulz,2023-12-02,Basic_50Mbps,"Grawertstraße 23, 48147 Münster",annual,electronic_check,True,27.3,49.99,50,307.4
CUST_00591,Felix Meyer,2023-12-04,Basic_50Mbps,"Hachtorstraße 13, 59602 Rüthen",annual,electronic_check,False,27.3,49.99,50,112.0
CUST_00592,Lisa Weber,2023-12-06,Standard_200Mbps,"Turnstraße 2, 50129 Bergheim",2-year,electronic_check,True,27.2,79.99,200,223.5
CUST_00593,Lukas Meyer,2023-12-08,Basic_50Mbps,"Am Pannofen 57, 47608 Geldern",monthly,mailed_check,True,27.1,49.99,50,20.5
CUST_00594,Sarah Wolf,2023-12-10,Basic_50Mbps,"Mondstraße 166, 48155 Münster",monthly,mailed_check,True,27.1,49.99,50,1078.8
CUST_00595,Noah Zimmermann,2023-12-12,Premium_1Gbps,"Lämmerrainweg 6, None Weimar",annual,credit_card,True,27.0,119.99,1000,133.9
CUST_00596,David Zimmermann,2023-12-14,Standard_200Mbps,"Otto-Weddigen-Str. 8, 46145 Oberhausen",annual,electronic_check,True,26.9,79.99,200,195.0
CUST_00597,Lisa Koch,2023-12-16,Standard_200Mbps,"Torgauer Straße 23, 04895 Falkenberg/Elster",monthly,bank_transfer,True,26.9,79.99,200,131.7
CUST_00598,Leon Weber,2023-12-18,Basic_50Mbps,"Ritterspornweg 7, 50129 Bergheim",monthly,mailed_check,True,26.8,49.99,50,344.2
CUST_00599,David Schneider,2023-12-20,Basic_50Mbps,"Kupferschmiedestraße 1, 23552 Lübeck, Hansestadt",monthly,bank_transfer,True,26.7,49.99,50,325.6
CUST_00600,Sarah Wolf,2023-12-22,Basic_50Mbps,"St.-Simeon-Straße 14, 50129 Bergheim",2-year,credit_card,True,26.7,49.99,50,376.9
CUST_00601,Mia Schulz,2023-12-24,Basic_50Mbps,"Sandstraße 7, 59602 Rüthen",monthly,mailed_check,True,26.6,44.991,50,93.7
CUST_00602,Noah Schmidt,2023-12-26,Basic_50Mbps,"Lederstraße 2, 23552 Lübeck, Hansestadt",monthly,credit_card,True,26.5,49.99,50,113.8
CUST_00603,Hannah Neumann,2023-12-28,Basic_50Mbps,"Unter der Heide 26, 57258 Freudenberg",monthly,electronic_check,True,26.5,49.99,50,40.1
CUST_00604,Lukas Hoffmann,2023-12-30,Basic_50Mbps,"Im Heidewinkel 18, 13629 adressen_berlin.173289",monthly,bank_transfer,True,26.4,49.99,50,319.7
CUST_00605,David Wolf,2024-01-01,Basic_50Mbps,"Dianastr. 68, 46149 Oberhausen",monthly,credit_card,True,26.3,49.99,50,12.2
CUST_00606,Anna Schmidt,2024-01-03,Standard_200Mbps,"Max-Liebermann-Straße 42, None Weimar",annual,mailed_check,True,26.3,79.99,200,273.2
CUST_00607,Hannah Hoffmann,2024-01-05,Basic_50Mbps,"Fasanenweg 7, 24395 Gelting",monthly,credit_card,False,26.2,49.99,50,611.4
CUST_00608,Lukas Schneider,2024-01-07,Standard_200Mbps,"Spielplatzstraße 6, 59602 Rüthen",2-year,bank_transfer,True,26.1,71.991,200,664.5
CUST_00609,Lisa Braun,2024-01-09,Standard_200Mbps,"Oskarstr. 30, 46149 Oberhausen",monthly,electronic_check,False,26.1,79.99,200,178.8
CUST_00610,Ben Richter,2024-01-11,Standard_200Mbps,"Steubenstraße 10, 47447 Moers",annual,credit_card,False,26.0,79.99,200,184.5
CUST_00611,David Zimmermann,2024-01-13,Basic_50Mbps,"Wernerstraße 1, 47447 Moers",2-year,electronic_check,True,25.9,49.99,50,24.0
CUST_00612,Julia Schmidt,2024-01-15,Standard_200Mbps,"Kahnsdorfer Straße 2, 4575 Neukieritzsch",annual,credit_card,True,25.9,71.991,200,333.3
CUST_00613,David Zimmermann,2024-01-17,Standard_200Mbps,"Lotosweg 56, 13467 adressen_berlin.173195",annual,bank_transfer,True,25.8,79.99,200,516.5
CUST_00614,Felix Koch,2024-01-19,Basic_50Mbps,"Alte Eisenstraße 6, 57258 Freudenberg",monthly,electronic_check,False,25.7,44.991,50,84.2
CUST_00615,Lisa Schröder,2024-01-21,Premium_1Gbps,"Bühler Straße 271, 57258 Freudenberg",monthly,bank_transfer,True,25.7,119.99,1000,164.1
CUST_00616,Ben Weber,2024-01-23,Premium_1Gbps,"Lessingstraße 21, None Weimar",annual,credit_card,True,25.6,119.99,1000,547.6
CUST_00617,Anna Wolf,2024-01-25,Basic_50Mbps,"Schillerstraße 17, 52525 Heinsberg (Rhld.)",2-year,bank_transfer,True,25.5,49.99,50,629.0
CUST_00618,Sophie Koch,2024-01-27,Basic_50Mbps,"Kreudnitzer Allee 41, 4575 Neukieritzsch",annual,bank_transfer,False,25.5,49.99,50,83.6
CUST_00619,Lukas Neumann,2024-01-29,Premium_1Gbps,"Kattrott 4, 24395 Gelting",annual,electronic_check,False,25.4,119.99,1000,239.9
CUST_00620,Laura Schmidt,2024-01-31,Standard_200Mbps,"Grawertstraße 33, 48147 Münster",annual,bank_transfer,True,25.3,79.99,200,64.1
CUST_00621,Emma Wolf,2024-02-02,Basic_50Mbps,"Meinerzhagener Straße 26, 51709 Marienheide",monthly,electronic_check,True,25.3,49.99,50,32.2
CUST_00622,David Neumann,2024-02-04,Basic_50Mbps,"Bilenbarg 55, 22397 Hamburg",monthly,electronic_check,True,25.2,49.99,50,726.1
CUST_00623,Ben Braun,2024-02-06,Standard_200Mbps,"Mühlenstraße 18, 4575 Neukieritzsch",annual,mailed_check,True,25.1,71.991,200,515.3
CUST_00624,Laura Bauer,2024-02-08,Standard_200Mbps,"Rainer-Maria-Rilke-Straße 15, None Weimar",2-year,electronic_check,False,25.1,79.99,200,428.2
CUST_00625,Hannah Hoffmann,2024-02-10,Standard_200Mbps,"Markt 4, 23552 Lübeck, Hansestadt",monthly,bank_transfer,True,25.0,79.99,200,15.0
CUST_00626,Jonas Klein,2024-02-12,Standard_200Mbps,"Ulmenring 26, 50129 Bergheim",annual,electronic_check,True,24.9,79.99,200,556.8
CUST_00627,Leon Braun,2024-02-14,Standard_200Mbps,"Heckenweg 9, 04895 Falkenberg/Elster",monthly,credit_card,True,24.9,79.99,200,172.9
CUST_00628,Anna Koch,2024-02-16,Standard_200Mbps,"Bilenbarg 43, 22397 Hamburg",annual,electronic_check,False,24.8,79.99,200,125.7
CUST_00629,Lukas Koch,2024-02-18,Basic_50Mbps,"Saxdorfer Straße 18, 04895 Mühlberg/Elbe",monthly,mailed_check,False,24.7,49.99,50,237.2
CUST_00630,Sophie Schwarz,2024-02-20,Basic_50Mbps,"Weseler Straße 115, 47608 Geldern",monthly,bank_transfer,True,24.7,49.99,50,28.7
CUST_00631,Jonas Hoffmann,2024-02-22,Standard_200Mbps,"Dr.-Friedrichs-Ring 17, 8056 Stadt Zwickau",annual,mailed_check,False,24.6,71.991,200,424.0
CUST_00632,Paul Braun,2024-02-24,Premium_1Gbps,"Markt 16, 23552 Lübeck, Hansestadt",monthly,electronic_check,True,24.5,119.99,1000,262.0
CUST_00633,Tim Koch,2024-02-26,Standard_200Mbps,"Hauptstraße 9, 8056 Stadt Zwickau",annual,credit_card,True,24.5,79.99,200,62.0
CUST_00634,Lukas Zimmermann,2024-02-28,Standard_200Mbps,"Mühlberger Straße 50, 04895 Mühlberg/Elbe",annual,credit_card,True,24.4,79.99,200,62.6
CUST_00635,Tim Bauer,2024-03-01,Basic_50Mbps,"Meinerzhagener Straße 13, 51709 Marienheide",2-year,electronic_check,True,24.3,44.991,50,61.1
CUST_00636,Mia Richter,2024-03-03,Standard_200Mbps,"Langer Lohberg 8, 23552 Lübeck, Hansestadt",monthly,electronic_check,True,24.3,79.99,200,17.6
CUST_00637,Tim Braun,2024-03-05,Standard_200Mbps,"Hohe Straße 1, 50129 Bergheim",monthly,electronic_check,False,24.2,79.99,200,265.9
CUST_00638,Lukas Hoffmann,2024-03-07,Basic_50Mbps,"Kremmener Straße 18, 16515 Oranienburg",monthly,electronic_check,True,24.1,49.99,50,550.4
CUST_00639,Julia Richter,2024-03-09,Basic_50Mbps,"Pfeifferstraße 2, None Weimar",2-year,electronic_check,True,24.1,49.99,50,5.3
CUST_00640,Leon Weber,2024-03-11,Standard_200Mbps,"Bronkhorststr. 38, 46145 Oberhausen",2-year,electronic_check,True,24.0,79.99,200,15.1
CUST_00641,Ben Schneider,2024-03-13,Basic_50Mbps,"Thomas-Müntzer-Straße 16, 4575 Neukieritzsch",annual,bank_transfer,True,23.9,49.99,50,255.1
CUST_00642,Lena Neumann,2024-03-15,Basic_50Mbps,"Innere Plauensche Straße 16, 8056 Stadt Zwickau",2-year,credit_card,False,23.9,49.99,50,513.6
CUST_00643,Hannah Müller,2024-03-17,Basic_50Mbps,"Rottbruchstraße 74, 44625 Herne",annual,electronic_check,True,23.8,49.99,50,118.7
CUST_00644,Hannah Hoffmann,2024-03-19,Basic_50Mbps,"Krähenstraße 8, 23552 Lübeck, Hansestadt",annual,mailed_check,True,23.7,44.991,50,129.1
CUST_00645,Laura Wagner,2024-03-21,Basic_50Mbps,"Rainer-Maria-Rilke-Straße 10, None Weimar",monthly,credit_card,False,23.7,49.99,50,272.2
CUST_00646,Leon Schröder,2024-03-23,Premium_1Gbps,"Kolk 16, 23552 Lübeck, Hansestadt",annual,bank_transfer,True,23.6,119.99,1000,96.1
CUST_00647,Felix Becker,2024-03-25,Standard_200Mbps,"Rügenstr. 26, 46145 Oberhausen",monthly,electronic_check,True,23.5,79.99,200,8.1
CUST_00648,Tim Weber,2024-03-27,Standard_200Mbps,"Dorfstraße 15, 4575 Neukieritzsch",2-year,mailed_check,True,23.5,79.99,200,398.7
CUST_00649,Lukas Hoffmann,2024-03-29,Standard_200Mbps,"Neuheim 21, 48155 Münster",annual,mailed_check,True,23.4,79.99,200,294.8
CUST_00650,Sophie Neumann,2024-03-31,Standard_200Mbps,"Blumenplatz 6, 44652 Herne",annual,mailed_check,False,23.3,71.991,200,260.8
CUST_00651,Julia Neumann,2024-04-02,Basic_50Mbps,"Siegener Straße 451, 57258 Freudenberg",monthly,bank_transfer,False,23.3,44.991,50,406.1
CUST_00652,Anna Koch,2024-04-04,Standard_200Mbps,"Bielefelder Straße 201, 44625 Herne",monthly,bank_transfer,True,23.2,79.99,200,337.4
CUST_00653,Lisa Weber,2024-04-06,Standard_200Mbps,"Am Kiesgrund 25, 16548 Glienicke/Nordbahn",monthly,bank_transfer,False,23.1,79.99,200,69.2
CUST_00654,Lisa Richter,2024-04-08,Standard_200Mbps,"Liebenwerdaer Straße 19, 04895 Mühlberg/Elbe",monthly,credit_card,True,23.1,79.99,200,130.4
CUST_00655,Tim Meyer,2024-04-10,Standard_200Mbps,"Kufsteiner Straße 7, 16515 Oranienburg",monthly,electronic_check,True,23.0,79.99,200,40.4
CUST_00656,Laura Braun,2024-04-12,Basic_50Mbps,"Hebbelstraße 1, 52525 Heinsberg (Rhld.)",2-year,mailed_check,True,22.9,44.991,50,41.7
CUST_00657,Laura Wolf,2024-04-14,Basic_50Mbps,"Heidberg 16, 59602 Rüthen",annual,electronic_check,True,22.9,49.99,50,338.3
CUST_00658,Anna Klein,2024-04-16,Standard_200Mbps,"Rostocker Straße 56, 13059 adressen_berlin.173440",monthly,electronic_check,True,22.8,79.99,200,586.8
CUST_00659,Hannah Becker,2024-04-18,Standard_200Mbps,"Heinestraße 3, 52525 Heinsberg (Rhld.)",monthly,bank_transfer,True,22.7,71.991,200,986.9
CUST_00660,David Braun,2024-04-20,Standard_200Mbps,"Kallenhardter Straße 14, 59602 Rüthen",monthly,electronic_check,False,22.7,79.99,200,296.9
CUST_00661,Mia Wolf,2024-04-22,Standard_200Mbps,"Lichte Querstraße 18, 23552 Lübeck, Hansestadt",annual,mailed_check,True,22.6,79.99,200,61.0
CUST_00662,Emma Schwarz,2024-04-24,Premium_1Gbps,"Wippendorf 33, 24402 Esgrus",annual,electronic_check,True,22.5,119.99,1000,33.5
CUST_00663,Emma Hoffmann,2024-04-26,Standard_200Mbps,"Alter Steinweg 18, 8056 Stadt Zwickau",2-year,bank_transfer,True,22.5,79.99,200,502.8
CUST_00664,Sarah Wagner,2024-04-28,Basic_50Mbps,"Lotosweg 78, 13467 adressen_berlin.173213",monthly,electronic_check,True,22.4,49.99,50,259.4
CUST_00665,Hannah Zimmermann,2024-04-30,Basic_50Mbps,"Jens-Füerschipp-Straat 4, 24395 Gelting",2-year,mailed_check,True,22.3,49.99,50,288.9
CUST_00666,David Wolf,2024-05-02,Basic_50Mbps,"Langer Lohberg 52, 23552 Lübeck, Hansestadt",2-year,bank_transfer,True,22.3,49.99,50,456.2
CUST_00667,Mia Richter,2024-05-04,Basic_50Mbps,"Düsseldorfer Straße 20, 50129 Bergheim",monthly,credit_card,False,22.2,44.991,50,364.5
CUST_00668,Ben Neumann,2024-05-06,Basic_50Mbps,"In den Toften 2, 24395 Gelting",2-year,electronic_check,True,22.1,49.99,50,539.6
CUST_00669,Lena Meyer,2024-05-08,Basic_50Mbps,"Langer Lohberg 16, 23552 Lübeck, Hansestadt",monthly,electronic_check,True,22.1,49.99,50,17.4
CUST_00670,Felix Braun,2024-05-10,Basic_50Mbps,"Remboldstraße 3, 52525 Heinsberg (Rhld.)",2-year,bank_transfer,True,22.0,49.99,50,412.9
CUST_00671,Tim Schulz,2024-05-12,Basic_50Mbps,"Mühlenstraße 45, 4575 Neukieritzsch",monthly,mailed_check,True,21.9,49.99,50,570.8
CUST_00672,Anna Schröder,2024-05-14,Premium_1Gbps,"Nelkenweg 3, 44652 Herne",2-year,bank_transfer,True,21.9,119.99,1000,101.1
CUST_00673,Hannah Schwarz,2024-05-16,Basic_50Mbps,"Humboldtstraße 53, None Weimar",2-year,electronic_check,False,21.8,49.99,50,306.9
CUST_00674,Sophie Neumann,2024-05-18,Standard_200Mbps,"Berliner Straße 22, 04932 Röderland",2-year,credit_card,True,21.7,71.991,200,113.1
CUST_00675,Sophie Hoffmann,2024-05-20,Standard_200Mbps,"Im Brauweilerfeld 26, 50129 Bergheim",annual,electronic_check,True,21.7,79.99,200,950.8
CUST_00676,Lukas Meyer,2024-05-22,Premium_1Gbps,"Kremmener Straße 25, 16515 Oranienburg",monthly,bank_transfer,True,21.6,119.99,1000,10.2
CUST_00677,Paul Wolf,2024-05-24,Basic_50Mbps,"Im Drostebusch 29, 48155 Münster",monthly,bank_transfer,True,21.5,44.991,50,260.1
CUST_00678,Ben Weber,2024-05-26,Standard_200Mbps,"Paul-Klee-Straße 18, None Weimar",monthly,credit_card,True,21.5,79.99,200,54.6
CUST_00679,Lena Schneider,2024-05-28,Premium_1Gbps,"Dorstener Straße 126, 44625 Herne",monthly,credit_card,False,21.4,119.99,1000,373.7
CUST_00680,Emma Wolf,2024-05-30,Premium_1Gbps,"Kattrott 10, 24395 Gelting",annual,mailed_check,True,21.3,119.99,1000,58.0
CUST_00681,Hannah Müller,2024-06-01,Premium_1Gbps,"Siegener Straße 453, 57258 Freudenberg",monthly,bank_transfer,False,21.3,119.99,1000,80.5
CUST_00682,Lena Schmidt,2024-06-03,Basic_50Mbps,"Neuheim 41, 48155 Münster",2-year,electronic_check,True,21.2,49.99,50,204.6
CUST_00683,Jonas Neumann,2024-06-05,Basic_50Mbps,"Ohlesweg 7, 50129 Bergheim",annual,credit_card,False,21.1,49.99,50,738.9
CUST_00684,Hannah Becker,2024-06-07,Standard_200Mbps,"Bleibergstraße 7, 51709 Marienheide",2-year,bank_transfer,True,21.1,79.99,200,71.4
CUST_00685,Jonas Schneider,2024-06-09,Premium_1Gbps,"Jülicher Straße 49, 52525 Heinsberg (Rhld.)",monthly,bank_transfer,True,21.0,119.99,1000,46.7
CUST_00686,Hannah Becker,2024-06-11,Standard_200Mbps,"Nicolaistraße 2, 8056 Stadt Zwickau",2-year,credit_card,True,20.9,79.99,200,426.9
CUST_00687,Max Koch,2024-06-13,Standard_200Mbps,"An der Ziegelei 77, 44625 Herne",2-year,credit_card,False,20.9,71.991,200,208.3
CUST_00688,Sophie Koch,2024-06-15,Basic_50Mbps,"Kremmener Straße 33, 16515 Oranienburg",monthly,mailed_check,True,20.8,44.991,50,728.4
CUST_00689,Tim Weber,2024-06-17,Standard_200Mbps,"Dinnendahlstr. 82, 46145 Oberhausen",annual,mailed_check,True,20.7,79.99,200,47.6
CUST_00690,Anna Hoffmann,2024-06-19,Basic_50Mbps,"Gewandhausstraße 10, 8056 Stadt Zwickau",annual,mailed_check,True,20.7,49.99,50,311.5
CUST_00691,Sarah Weber,2024-06-21,Basic_50Mbps,"Marlesgrube 15, 23552 Lübeck, Hansestadt",monthly,mailed_check,False,20.6,49.99,50,79.5
CUST_00692,Sarah Wolf,2024-06-23,Standard_200Mbps,"Gimborner Straße 58, 51709 Marienheide",annual,mailed_check,True,20.5,79.99,200,51.2
CUST_00693,Lisa Müller,2024-06-25,Standard_200Mbps,"Fritzi-Massary-Straße 233, 12057 adressen_berlin.173543",monthly,credit_card,False,20.5,79.99,200,345.1
CUST_00694,Lukas Müller,2024-06-27,Basic_50Mbps,"Kremmener Straße 8, 16515 Oranienburg",monthly,mailed_check,True,20.4,49.99,50,270.2
CUST_00695,Paul Wagner,2024-06-29,Basic_50Mbps,"Katharinenstraße 12, 8056 Stadt Zwickau",monthly,electronic_check,True,20.3,49.99,50,421.7
CUST_00696,Tim Schwarz,2024-07-01,Standard_200Mbps,"Erlenhang 7, 52525 Heinsberg (Rhld.)",monthly,mailed_check,True,20.3,79.99,200,111.1
CUST_00697,Lisa Neumann,2024-07-03,Basic_50Mbps,"Niederaußemer Straße 3, 50129 Bergheim",monthly,electronic_check,False,20.2,49.99,50,178.2
CUST_00698,Lena Fischer,2024-07-05,Standard_200Mbps,"An der Autobahn 31, 57258 Freudenberg",monthly,bank_transfer,True,20.1,79.99,200,156.0
CUST_00699,Mia Becker,2024-07-07,Basic_50Mbps,"Schumannplatz 1, 8056 Stadt Zwickau",2-year,electronic_check,False,20.1,44.991,50,1242.2
CUST_00700,Mia Fischer,2024-07-09,Standard_200Mbps,"Ratstannenweg 23, None Weimar",annual,electronic_check,True,20.0,79.99,200,103.7
CUST_00701,Anna Becker,2024-07-11,Standard_200Mbps,"Zur Wupperquelle 67, 51709 Marienheide",2-year,mailed_check,True,19.9,79.99,200,104.8
CUST_00702,Lena Braun,2024-07-13,Basic_50Mbps,"Goldhöft 9, 24395 Gelting",monthly,electronic_check,True,19.9,44.991,50,131.3
CUST_00703,David Schneider,2024-07-15,Basic_50Mbps,"Egon-Erwin-Kisch-Straße 11, 13059 adressen_berlin.173411",monthly,credit_card,True,19.8,49.99,50,249.4
CUST_00704,Sophie Schröder,2024-07-17,Basic_50Mbps,"Im Tal 29, 50129 Bergheim",annual,credit_card,False,19.7,49.99,50,87.2
CUST_00705,Lisa Schwarz,2024-07-19,Basic_50Mbps,"Hohe Straße 28, 50129 Bergheim",monthly,electronic_check,False,19.7,49.99,50,740.6
CUST_00706,Max Neumann,2024-07-21,Premium_1Gbps,"Dormagener Straße 64, 50129 Bergheim",monthly,electronic_check,False,19.6,119.99,1000,92.6
CUST_00707,Noah Becker,2024-07-23,Basic_50Mbps,"An der Autobahn 28, 57258 Freudenberg",annual,credit_card,False,19.5,49.99,50,678.5
CUST_00708,Tim Hoffmann,2024-07-25,Premium_1Gbps,"Hauptstraße 4, 8056 Stadt Zwickau",monthly,bank_transfer,True,19.5,107.991,1000,32.8
CUST_00709,Lena Müller,2024-07-27,Basic_50Mbps,"Kolk 10, 23552 Lübeck, Hansestadt",annual,credit_card,True,19.4,49.99,50,320.6
CUST_00710,Lisa Bauer,2024-07-29,Standard_200Mbps,"Im Kämpchen 5, 51709 Marienheide",annual,bank_transfer,False,19.3,79.99,200,712.5
CUST_00711,Emma Zimmermann,2024-07-31,Standard_200Mbps,"Hedwigstraße 6, 47447 Moers",monthly,electronic_check,True,19.3,79.99,200,55.4
CUST_00712,Lena Meyer,2024-08-02,Standard_200Mbps,"Nordstr. 8, 46147 Oberhausen",monthly,mailed_check,False,19.2,79.99,200,1035.7
CUST_00713,Lukas Neumann,2024-08-04,Standard_200Mbps,"Max-Planck-Straße 22, 47608 Geldern",annual,bank_transfer,False,19.1,79.99,200,180.9
CUST_00714,Hannah Schneider,2024-08-06,Standard_200Mbps,"Possendorfer Weg 22, None Weimar",monthly,bank_transfer,True,19.1,79.99,200,874.1
CUST_00715,Ben Schwarz,2024-08-08,Basic_50Mbps,"Grabenstraße 39, 44625 Herne",monthly,credit_card,False,19.0,49.99,50,338.9
CUST_00716,Ben Neumann,2024-08-10,Premium_1Gbps,"Im Drostebusch 9, 48155 Münster",2-year,bank_transfer,True,18.9,119.99,1000,107.7
CUST_00717,Julia Müller,2024-08-12,Premium_1Gbps,"Kufsteiner Straße 7, 16515 Oranienburg",monthly,mailed_check,True,18.9,119.99,1000,62.6
CUST_00718,Jonas Schröder,2024-08-14,Premium_1Gbps,"Abts-Acker-Straße 21, 50129 Bergheim",annual,electronic_check,True,18.8,119.99,1000,108.6
CUST_00719,Anna Richter,2024-08-16,Basic_50Mbps,"Billbrookdeich 166, 22113 Hamburg",2-year,electronic_check,True,18.7,49.99,50,29.3
CUST_00720,Hannah Schulz,2024-08-18,Standard_200Mbps,"Hauptstraße 38, 4575 Neukieritzsch",monthly,credit_card,True,18.7,79.99,200,46.6
CUST_00721,Max Bauer,2024-08-20,Premium_1Gbps,"Wippendorf 39, 24402 Esgrus",monthly,electronic_check,True,18.6,119.99,1000,33.2
CUST_00722,Lukas Bauer,2024-08-22,Basic_50Mbps,"Königstraße 90, 23552 Lübeck, Hansestadt",monthly,electronic_check,False,18.5,44.991,50,164.9
CUST_00723,Emma Fischer,2024-08-24,Basic_50Mbps,"Domhof 2, 8056 Stadt Zwickau",monthly,electronic_check,False,18.5,49.99,50,476.3
CUST_00724,Noah Koch,2024-08-26,Standard_200Mbps,"Markt 9, 04895 Mühlberg/Elbe",monthly,mailed_check,True,18.4,79.99,200,45.7
CUST_00725,Tim Schmidt,2024-08-28,Standard_200Mbps,"Weseler Straße 103, 47608 Geldern",annual,bank_transfer,True,18.3,79.99,200,41.9
CUST_00726,Hannah Schwarz,2024-08-30,Premium_1Gbps,"Breitenbuscher Weg 23, 59602 Rüthen",monthly,bank_transfer,False,18.3,107.991,1000,309.4
CUST_00727,Leon Meyer,2024-09-01,Basic_50Mbps,"Agnesstraße 9, 47447 Moers",annual,credit_card,True,18.2,49.99,50,65.9
CUST_00728,David Schröder,2024-09-03,Standard_200Mbps,"Dorfplatz 81, 4575 Neukieritzsch",2-year,bank_transfer,True,18.1,79.99,200,30.8
CUST_00729,Laura Weber,2024-09-05,Basic_50Mbps,"Gummersbacher Straße 101, 51709 Marienheide",2-year,bank_transfer,True,18.1,49.99,50,54.8
CUST_00730,Lukas Wolf,2024-09-07,Basic_50Mbps,"Hans-Bredow-Weg 74, 48155 Münster",annual,mailed_check,True,18.0,44.991,50,772.0
CUST_00731,Anna Hoffmann,2024-09-09,Basic_50Mbps,"Heidberg 3, 59602 Rüthen",monthly,electronic_check,True,17.9,44.991,50,516.9
CUST_00732,Felix Schmidt,2024-09-11,Premium_1Gbps,"Mühlberger Straße 3, 04895 Mühlberg/Elbe",annual,mailed_check,False,17.9,107.991,1000,131.1
CUST_00733,Felix Schmidt,2024-09-13,Standard_200Mbps,"Mühlenstraße 10, 4575 Neukieritzsch",annual,credit_card,True,17.8,79.99,200,320.0
CUST_00734,Leon Hoffmann,2024-09-15,Standard_200Mbps,"Sandforths Weg 28, 44625 Herne",monthly,electronic_check,True,17.7,79.99,200,231.2
CUST_00735,Ben Richter,2024-09-17,Standard_200Mbps,"Seibertzweg 5, 59602 Rüthen",monthly,electronic_check,True,17.7,79.99,200,339.1
CUST_00736,Julia Schröder,2024-09-19,Premium_1Gbps,"Stettiner Straße 100, 48147 Münster",2-year,electronic_check,True,17.6,107.991,1000,344.3
CUST_00737,Paul Schmidt,2024-09-21,Standard_200Mbps,"Gewerbestraße 13, 57258 Freudenberg",monthly,electronic_check,True,17.5,79.99,200,297.3
CUST_00738,Felix Hoffmann,2024-09-23,Premium_1Gbps,"Gewerbestraße 1, 57258 Freudenberg",monthly,mailed_check,False,17.5,119.99,1000,92.8
CUST_00739,Hannah Schmidt,2024-09-25,Standard_200Mbps,"Langer Lohberg 48, 23552 Lübeck, Hansestadt",monthly,electronic_check,False,17.4,79.99,200,11.9
CUST_00740,Leon Schulz,2024-09-27,Standard_200Mbps,"Breunsdorfer Straße 49, 4575 Neukieritzsch",monthly,credit_card,True,17.3,79.99,200,182.4
CUST_00741,Sophie Bauer,2024-09-29,Standard_200Mbps,"Elisabethstraße 93, 47608 Geldern",2-year,bank_transfer,False,17.3,79.99,200,664.9
CUST_00742,Lena Richter,2024-10-01,Basic_50Mbps,"Wiesenstraße 24, 51709 Marienheide",annual,bank_transfer,False,17.2,44.991,50,252.8
CUST_00743,David Richter,2024-10-03,Standard_200Mbps,"Billhorner Deich 90, 20539 Hamburg",annual,credit_card,False,17.1,71.991,200,535.8
CUST_00744,Leon Meyer,2024-10-05,Standard_200Mbps,"Kufsteiner Straße 12, 16515 Oranienburg",monthly,credit_card,True,17.1,79.99,200,1434.7
CUST_00745,Sarah Schröder,2024-10-07,Basic_50Mbps,"Billhorner Kanalstraße 19, 20539 Hamburg",monthly,mailed_check,True,17.0,49.99,50,53.6
CUST_00746,Hannah Neumann,2024-10-09,Premium_1Gbps,"Ratstannenweg 5, None Weimar",monthly,electronic_check,True,16.9,107.991,1000,353.1
CUST_00747,Paul Schneider,2024-10-11,Standard_200Mbps,"Lehnitzschleuse 6, 16515 Oranienburg",monthly,mailed_check,True,16.9,71.991,200,336.5
CUST_00748,Lena Schneider,2024-10-13,Standard_200Mbps,"Rainer-Maria-Rilke-Straße 18, None Weimar",monthly,credit_card,True,16.8,71.991,200,1172.9
CUST_00749,Lena Braun,2024-10-15,Premium_1Gbps,"Goosend 4, 24395 Gelting",annual,electronic_check,True,16.7,119.99,1000,1272.2
CUST_00750,Laura Schwarz,2024-10-17,Standard_200Mbps,"Dahlienweg 24, 44651 Herne",monthly,mailed_check,False,16.7,79.99,200,348.2
CUST_00751,Mia Koch,2024-10-19,Basic_50Mbps,"Eichsfelder Straße 42, 44625 Herne",annual,bank_transfer,False,16.6,49.99,50,83.8
CUST_00752,Sophie Schneider,2024-10-21,Premium_1Gbps,"Königstraße 51, 23552 Lübeck, Hansestadt",monthly,electronic_check,False,16.5,119.99,1000,480.7
CUST_00753,Leon Hoffmann,2024-10-23,Standard_200Mbps,"Unter den Linden 7, 16798 Fürstenberg/Havel",monthly,bank_transfer,True,16.5,79.99,200,34.0
CUST_00754,Mia Wolf,2024-10-25,Basic_50Mbps,"Am Ufer 9, 4575 Neukieritzsch",monthly,bank_transfer,True,16.4,49.99,50,455.2
CUST_00755,Lisa Klein,2024-10-27,Basic_50Mbps,"Langer Lohberg 26, 23552 Lübeck, Hansestadt",2-year,electronic_check,True,16.3,49.99,50,723.0
CUST_00756,Laura Wolf,2024-10-29,Standard_200Mbps,"Lütticher Straße 19, 52525 Heinsberg (Rhld.)",2-year,bank_transfer,True,16.3,79.99,200,144.8
CUST_00757,Hannah Wolf,2024-10-31,Standard_200Mbps,"Am Schmiedesbach 17, 44625 Herne",2-year,mailed_check,True,16.2,71.991,200,298.8
CUST_00758,Anna Bauer,2024-11-02,Standard_200Mbps,"Elisabethstraße 55, 47608 Geldern",monthly,electronic_check,True,16.1,79.99,200,168.7
CUST_00759,Lisa Klein,2024-11-04,Premium_1Gbps,"Liebenwerdaer Straße 21, 04895 Mühlberg/Elbe",monthly,electronic_check,True,16.1,119.99,1000,172.8
CUST_00760,Paul Schmidt,2024-11-06,Standard_200Mbps,"Bilenbarg 64, 22397 Hamburg",annual,credit_card,False,16.0,79.99,200,111.5
CUST_00761,Lukas Richter,2024-11-08,Basic_50Mbps,"Ringstraße 40, 47447 Moers",monthly,credit_card,True,15.9,49.99,50,430.8
CUST_00762,Hannah Neumann,2024-11-10,Basic_50Mbps,"Bodelschwinghstraße 17, 47608 Geldern",2-year,credit_card,False,15.9,49.99,50,825.5
CUST_00763,Laura Müller,2024-11-12,Basic_50Mbps,"Kleingaarwang 24, 24395 Gelting",monthly,mailed_check,True,15.8,49.99,50,847.8
CUST_00764,Tim Braun,2024-11-14,Standard_200Mbps,"Kleingaarwang 13, 24395 Gelting",monthly,mailed_check,True,15.7,79.99,200,57.6
CUST_00765,David Schmidt,2024-11-16,Basic_50Mbps,"Falkenberger Straße 71, 04895 Mühlberg/Elbe",monthly,credit_card,True,15.7,49.99,50,623.2
CUST_00766,Tim Schneider,2024-11-18,Standard_200Mbps,"Elisabethstraße 52, 47608 Geldern",monthly,electronic_check,True,15.6,79.99,200,401.2
CUST_00767,Emma Bauer,2024-11-20,Standard_200Mbps,"Auf der Heide 1, 57258 Freudenberg",annual,mailed_check,True,15.5,79.99,200,87.4
CUST_00768,Hannah Richter,2024-11-22,Premium_1Gbps,"An der Lagune 229, 4575 Neukieritzsch",monthly,bank_transfer,True,15.5,107.991,1000,20.9
CUST_00769,Noah Schmidt,2024-11-24,Basic_50Mbps,"Auf der Höhe 12, 50129 Bergheim",monthly,mailed_check,True,15.4,49.99,50,93.6
CUST_00770,Lisa Weber,2024-11-26,Premium_1Gbps,"Charlottenstraße 1, 47447 Moers",monthly,electronic_check,True,15.3,119.99,1000,729.8
CUST_00771,David Bauer,2024-11-28,Basic_50Mbps,"Krähenstraße 22/ 5, 23552 Lübeck, Hansestadt",monthly,credit_card,True,15.3,44.991,50,300.9
CUST_00772,Hannah Wolf,2024-11-30,Premium_1Gbps,"Am Weidenhof 8, 52525 Heinsberg (Rhld.)",annual,bank_transfer,False,15.2,119.99,1000,383.0
CUST_00773,Lukas Zimmermann,2024-12-02,Basic_50Mbps,"Magazinstraße 11, 8056 Stadt Zwickau",2-year,electronic_check,True,15.1,49.99,50,89.2
CUST_00774,Tim Neumann,2024-12-04,Standard_200Mbps,"Nadelhöft 8, 24395 Gelting",2-year,mailed_check,False,15.1,79.99,200,381.2
CUST_00775,Hannah Richter,2024-12-06,Standard_200Mbps,"Charlottenstraße 9, 47447 Moers",annual,mailed_check,True,15.0,79.99,200,8.6
CUST_00776,Leon Schulz,2024-12-08,Basic_50Mbps,"Burgstraße 27, 59602 Rüthen",monthly,mailed_check,False,14.9,49.99,50,141.2
CUST_00777,Emma Fischer,2024-12-10,Basic_50Mbps,"Königstraße 5, 23552 Lübeck, Hansestadt",annual,credit_card,False,14.9,44.991,50,295.7
CUST_00778,Max Meyer,2024-12-12,Standard_200Mbps,"Bruchstraße 143, 47447 Moers",monthly,credit_card,True,14.8,79.99,200,47.4
CUST_00779,Sarah Neumann,2024-12-14,Standard_200Mbps,"Sandstraße 16, 59602 Rüthen",monthly,mailed_check,True,14.7,79.99,200,519.5
CUST_00780,Jonas Schwarz,2024-12-16,Standard_200Mbps,"An der Lagune 201, 4575 Neukieritzsch",2-year,bank_transfer,False,14.7,79.99,200,80.4
CUST_00781,Sophie Schulz,2024-12-18,Standard_200Mbps,"Hans-Bredow-Weg 95, 48155 Münster",monthly,credit_card,True,14.6,71.991,200,316.9
CUST_00782,Paul Wolf,2024-12-20,Standard_200Mbps,"Neufelder Weg 99, 47608 Geldern",2-year,electronic_check,True,14.5,71.991,200,155.9
CUST_00783,Felix Braun,2024-12-22,Basic_50Mbps,"Laerer Landweg 131, 48155 Münster",monthly,electronic_check,True,14.5,49.99,50,271.9
CUST_00784,Mia Schröder,2024-12-24,Basic_50Mbps,"Ratstannenweg 54, None Weimar",annual,electronic_check,False,14.4,49.99,50,34.1
CUST_00785,Felix Fischer,2024-12-26,Basic_50Mbps,"Zum Paffenhof 11, 51709 Marienheide",annual,electronic_check,False,14.3,49.99,50,5.1
CUST_00786,Tim Schneider,2024-12-28,Premium_1Gbps,"Lychener Chaussee 25, 16798 Fürstenberg/Havel",2-year,bank_transfer,True,14.3,119.99,1000,720.9
CUST_00787,David Meyer,2024-12-30,Standard_200Mbps,"Marlesgrube 48, 23552 Lübeck, Hansestadt",annual,electronic_check,True,14.2,79.99,200,94.3
CUST_00788,David Schneider,2025-01-01,Standard_200Mbps,"Gartenweg 3, 59602 Rüthen",annual,credit_card,True,14.1,79.99,200,513.9
CUST_00789,Leon Bauer,2025-01-03,Standard_200Mbps,"Schulzenkamp 4, 51709 Marienheide",monthly,electronic_check,True,14.1,79.99,200,2201.7
CUST_00790,Lukas Schwarz,2025-01-05,Premium_1Gbps,"Brüder-Grimm-Weg 3, 46149 Oberhausen",annual,electronic_check,False,14.0,119.99,1000,71.3
CUST_00791,Julia Hoffmann,2025-01-07,Basic_50Mbps,"Robinienweg 7, 16798 Fürstenberg/Havel",monthly,electronic_check,True,13.9,44.991,50,92.4
CUST_00792,Mia Meyer,2025-01-09,Standard_200Mbps,"Beckumer Straße 6, 44625 Herne",annual,electronic_check,True,13.9,79.99,200,326.2
CUST_00793,Laura Bauer,2025-01-11,Standard_200Mbps,"Georgenstraße 2, 8056 Stadt Zwickau",annual,mailed_check,True,13.8,71.991,200,1009.6
CUST_00794,Ben Becker,2025-01-13,Standard_200Mbps,"Johann-Sebastian-Bach-Straße 17, None Weimar",annual,bank_transfer,False,13.7,79.99,200,742.4
CUST_00795,Sophie Wagner,2025-01-15,Basic_50Mbps,"Gimborner Straße 23, 51709 Marienheide",monthly,mailed_check,True,13.7,49.99,50,209.7
CUST_00796,Tim Becker,2025-01-17,Premium_1Gbps,"Schwalbenweg 44, 44625 Herne",monthly,mailed_check,True,13.6,119.99,1000,475.6
CUST_00797,Sarah Müller,2025-01-19,Premium_1Gbps,"Steilpfad 33, 13509 adressen_berlin.173301",annual,credit_card,True,13.5,107.991,1000,43.8
CUST_00798,Hannah Schwarz,2025-01-21,Standard_200Mbps,"Karl-Liebknecht-Straße 28, 4575 Neukieritzsch",monthly,mailed_check,True,13.5,79.99,200,1137.4
CUST_00799,Noah Bauer,2025-01-23,Standard_200Mbps,"Ratstannenweg 6, None Weimar",monthly,electronic_check,True,13.4,71.991,200,1000.2
CUST_00800,David Schwarz,2025-01-25,Premium_1Gbps,"An der Baumschule 8, 51709 Marienheide",monthly,credit_card,True,13.3,119.99,1000,53.6
CUST_00801,Tim Braun,2025-01-27,Standard_200Mbps,"Von-Loen-Straße 12, 59602 Rüthen",2-year,electronic_check,True,13.3,71.991,200,106.8
CUST_00802,Lukas Schneider,2025-01-29,Basic_50Mbps,"Haarstraße 6, 59602 Rüthen",annual,electronic_check,False,13.2,44.991,50,31.7
CUST_00803,Mia Richter,2025-01-31,Standard_200Mbps,"Katharinenstraße 20, 8056 Stadt Zwickau",monthly,electronic_check,False,13.1,79.99,200,95.1
CUST_00804,Sarah Neumann,2025-02-02,Standard_200Mbps,"Boeklerstraße 12, 59602 Rüthen",monthly,electronic_check,False,13.1,71.991,200,507.8
CUST_00805,Lena Klein,2025-02-04,Standard_200Mbps,"Norderholm 10, 24395 Gelting",monthly,mailed_check,True,13.0,79.99,200,142.6
CUST_00806,Noah Schneider,2025-02-06,Standard_200Mbps,"Torgauer Straße 18, 04895 Falkenberg/Elster",annual,electronic_check,False,12.9,79.99,200,27.8
CUST_00807,Tim Koch,2025-02-08,Premium_1Gbps,"Fliederweg 13, 44652 Herne",annual,electronic_check,True,12.9,107.991,1000,125.7
CUST_00808,Lukas Wolf,2025-02-10,Premium_1Gbps,"Kreudnitzer Allee 6, 4575 Neukieritzsch",monthly,credit_card,True,12.8,119.99,1000,1195.1
CUST_00809,David Neumann,2025-02-12,Standard_200Mbps,"Billbrookdeich 170, 22113 Hamburg",monthly,mailed_check,True,12.7,79.99,200,298.0
CUST_00810,Hannah Weber,2025-02-14,Basic_50Mbps,"Jens-Füerschipp-Straat 10, 24395 Gelting",monthly,electronic_check,True,12.7,49.99,50,161.4
CUST_00811,Julia Zimmermann,2025-02-16,Premium_1Gbps,"Schulweg 1, 04895 Falkenberg/Elster",annual,bank_transfer,True,12.6,107.991,1000,54.7
CUST_00812,Laura Weber,2025-02-18,Premium_1Gbps,"Amalienstraße 8, 47447 Moers",annual,mailed_check,True,12.5,119.99,1000,1284.4
CUST_00813,Lena Neumann,2025-02-20,Basic_50Mbps,"Wilbringhausen 22, 51709 Marienheide",monthly,electronic_check,True,12.5,44.991,50,515.9
CUST_00814,Anna Fischer,2025-02-22,Premium_1Gbps,"Wippendorf 34, 24402 Esgrus",monthly,credit_card,True,12.4,119.99,1000,99.2
CUST_00815,Ben Weber,2025-02-24,Premium_1Gbps,"Mengstraße 14, 23552 Lübeck, Hansestadt",monthly,mailed_check,True,12.3,119.99,1000,21.8
CUST_00816,Mia Meyer,2025-02-26,Standard_200Mbps,"Mengstraße 1, 23552 Lübeck, Hansestadt",2-year,electronic_check,True,12.3,79.99,200,17.5
CUST_00817,Laura Koch,2025-02-28,Standard_200Mbps,"Fröbelstraße 18, 47608 Geldern",monthly,mailed_check,True,12.2,79.99,200,38.5
CUST_00818,Emma Bauer,2025-03-02,Standard_200Mbps,"Siemensstraße 13, 47608 Geldern",annual,credit_card,False,12.1,79.99,200,260.8
CUST_00819,Ben Hoffmann,2025-03-04,Basic_50Mbps,"Lortzingstraße 6, None Weimar",annual,credit_card,False,12.1,49.99,50,792.5
CUST_00820,Lukas Schulz,2025-03-06,Basic_50Mbps,"Amalienstraße 1, 47447 Moers",monthly,bank_transfer,True,12.0,44.991,50,206.0
CUST_00821,Felix Schwarz,2025-03-08,Premium_1Gbps,"Weyresstraße 9, 52525 Heinsberg (Rhld.)",monthly,electronic_check,True,11.9,119.99,1000,555.3
CUST_00822,Paul Weber,2025-03-10,Basic_50Mbps,"Krokusweg 20, 44652 Herne",monthly,bank_transfer,True,11.9,49.99,50,177.1
CUST_00823,Mia Braun,2025-03-12,Basic_50Mbps,"Billgrabendeich 12, 21035 Hamburg",annual,mailed_check,False,11.8,49.99,50,369.9
CUST_00824,Julia Schneider,2025-03-14,Standard_200Mbps,"Cuxhavener Str. 38, 46145 Oberhausen",annual,bank_transfer,True,11.7,79.99,200,394.9
CUST_00825,Ben Meyer,2025-03-16,Standard_200Mbps,"Lindenberger Höhe 24, 57258 Freudenberg",annual,bank_transfer,True,11.7,79.99,200,57.3
CUST_00826,Noah Zimmermann,2025-03-18,Premium_1Gbps,"Lyonel-Feininger-Straße 5, None Weimar",annual,electronic_check,True,11.6,107.991,1000,134.5
CUST_00827,Tim Meyer,2025-03-20,Basic_50Mbps,"Warnemünder Straße 10, 13059 adressen_berlin.173392",monthly,electronic_check,True,11.5,49.99,50,304.3
CUST_00828,Lisa Braun,2025-03-22,Basic_50Mbps,"Pfeifferstraße 16, None Weimar",2-year,credit_card,True,11.5,44.991,50,22.0
CUST_00829,Leon Zimmermann,2025-03-24,Standard_200Mbps,"Eickeler Straße 29, 44651 Herne",annual,mailed_check,False,11.4,79.99,200,134.6
CUST_00830,Anna Müller,2025-03-26,Standard_200Mbps,"Otto-Kind-Straße 24, 51709 Marienheide",monthly,credit_card,True,11.3,79.99,200,229.6
CUST_00831,Lukas Schmidt,2025-03-28,Basic_50Mbps,"Magazinstraße 15, 8056 Stadt Zwickau",2-year,mailed_check,True,11.3,49.99,50,1673.8
CUST_00832,Noah Schulz,2025-03-30,Standard_200Mbps,"Siedlungsstraße 16, 04895 Mühlberg/Elbe",annual,electronic_check,False,11.2,79.99,200,193.0
CUST_00833,Felix Zimmermann,2025-04-01,Basic_50Mbps,"Gladiolenweg 8, 44652 Herne",annual,credit_card,False,11.1,49.99,50,507.9
CUST_00834,Lena Braun,2025-04-03,Basic_50Mbps,"Lychener Chaussee 10, 16798 Fürstenberg/Havel",annual,bank_transfer,True,11.1,44.991,50,169.7
CUST_00835,Max Schröder,2025-04-05,Standard_200Mbps,"Bühler Straße 291, 57258 Freudenberg",2-year,bank_transfer,True,11.0,79.99,200,477.5
CUST_00836,Julia Hoffmann,2025-04-07,Standard_200Mbps,"Bielefelder Straße 64, 44652 Herne",annual,electronic_check,True,10.9,71.991,200,271.5
CUST_00837,Mia Schröder,2025-04-09,Premium_1Gbps,"Lederstraße 6, 23552 Lübeck, Hansestadt",monthly,electronic_check,False,10.9,119.99,1000,653.0
CUST_00838,Emma Richter,2025-04-11,Standard_200Mbps,"Lämmerrainweg 6, None Weimar",monthly,credit_card,True,10.8,79.99,200,158.8
CUST_00839,Mia Wolf,2025-04-13,Standard_200Mbps,"Zeppelinstraße 6, 47608 Geldern",2-year,electronic_check,False,10.7,71.991,200,278.1
CUST_00840,Lukas Schmidt,2025-04-15,Standard_200Mbps,"Gummersbacher Straße 103, 51709 Marienheide",monthly,bank_transfer,True,10.7,79.99,200,298.3
CUST_00841,Laura Wolf,2025-04-17,Basic_50Mbps,"Untere Eickenstraße 10, 51709 Marienheide",monthly,bank_transfer,True,10.6,49.99,50,162.1
CUST_00842,Lena Schröder,2025-04-19,Standard_200Mbps,"Torgauer Straße 13, 04895 Falkenberg/Elster",monthly,electronic_check,True,10.5,79.99,200,46.8
CUST_00843,David Wagner,2025-04-21,Basic_50Mbps,"Hoher Heckenweg 162, 48147 Münster",monthly,electronic_check,True,10.5,49.99,50,29.5
CUST_00844,Leon Braun,2025-04-23,Premium_1Gbps,"Kirchhellener Str. 274, 46145 Oberhausen",annual,electronic_check,True,10.4,107.991,1000,5.0
CUST_00845,Tim Koch,2025-04-25,Basic_50Mbps,"Hoher Heckenweg 144, 48147 Münster",2-year,mailed_check,True,10.3,44.991,50,620.3
CUST_00846,Leon Bauer,2025-04-27,Standard_200Mbps,"Georgstraße 7, 47447 Moers",monthly,bank_transfer,True,10.3,79.99,200,80.9
CUST_00847,Jonas Weber,2025-04-29,Basic_50Mbps,"Lehbekwiese 2, 24395 Gelting",monthly,electronic_check,False,10.2,49.99,50,71.3
CUST_00848,Hannah Neumann,2025-05-01,Premium_1Gbps,"Lisztstraße 12, 50129 Bergheim",monthly,bank_transfer,True,10.1,107.991,1000,399.6
CUST_00849,Julia Fischer,2025-05-03,Standard_200Mbps,"Peter-Cornelius-Straße 16, None Weimar",2-year,mailed_check,False,10.1,79.99,200,115.7
CUST_00850,Leon Becker,2025-05-05,Standard_200Mbps,"Fronland 10, 52525 Heinsberg (Rhld.)",annual,bank_transfer,True,10.0,71.991,200,211.6
CUST_00851,David Fischer,2025-05-07,Basic_50Mbps,"Waldstraße 2, 04895 Falkenberg/Elster",monthly,electronic_check,True,9.9,49.99,50,53.2
CUST_00852,Paul Wolf,2025-05-09,Standard_200Mbps,"Am Eichler Stich 4, 16792 Zehdenick",2-year,bank_transfer,True,9.9,79.99,200,963.8
CUST_00853,Emma Weber,2025-05-11,Basic_50Mbps,"Neufelder Weg 51, 47608 Geldern",2-year,credit_card,True,9.8,49.99,50,572.3
CUST_00854,Sophie Schmidt,2025-05-13,Premium_1Gbps,"Dernburgstraße 29, 14057 adressen_berlin.173357",2-year,electronic_check,False,9.7,119.99,1000,598.1
CUST_00855,Mia Richter,2025-05-15,Basic_50Mbps,"Hilleweg 2, 48155 Münster",2-year,credit_card,True,9.7,49.99,50,156.7
CUST_00856,Lisa Klein,2025-05-17,Basic_50Mbps,"Erkelenzer Straße 37, 52525 Heinsberg (Rhld.)",monthly,mailed_check,True,9.6,44.991,50,431.1
CUST_00857,Emma Meyer,2025-05-19,Basic_50Mbps,"Kösener Straße 25, 16515 Oranienburg",annual,bank_transfer,True,9.5,44.991,50,46.6
CUST_00858,Leon Zimmermann,2025-05-21,Standard_200Mbps,"Königstraße 21, 23552 Lübeck, Hansestadt",monthly,credit_card,True,9.5,79.99,200,2.6
CUST_00859,Leon Wagner,2025-05-23,Standard_200Mbps,"Am Pannofen 17, 47608 Geldern",2-year,credit_card,True,9.4,79.99,200,6.1
CUST_00860,Laura Schröder,2025-05-25,Basic_50Mbps,"Hedwigstraße 3, 47447 Moers",annual,credit_card,False,9.3,49.99,50,265.0
CUST_00861,Ben Wolf,2025-05-27,Standard_200Mbps,"Rosenstraße 5, 51709 Marienheide",annual,electronic_check,False,9.3,79.99,200,182.3
CUST_00862,Sarah Hoffmann,2025-05-29,Standard_200Mbps,"Kupferschmiedestraße 12, 23552 Lübeck, Hansestadt",annual,bank_transfer,True,9.2,79.99,200,219.0
CUST_00863,Sarah Müller,2025-05-31,Standard_200Mbps,"Lerchenweg 7, 04895 Falkenberg/Elster",monthly,electronic_check,True,9.1,71.991,200,2.2
CUST_00864,Lukas Richter,2025-06-02,Standard_200Mbps,"Kuhbrücke 20, 16515 Oranienburg",annual,mailed_check,True,9.1,79.99,200,164.8
CUST_00865,Ben Wolf,2025-06-04,Standard_200Mbps,"Lindenweg 1, 16798 Fürstenberg/Havel",2-year,mailed_check,True,9.0,79.99,200,379.8
CUST_00866,Emma Wagner,2025-06-06,Standard_200Mbps,"Otto-Kind-Straße 14, 51709 Marienheide",2-year,mailed_check,True,8.9,79.99,200,175.4
CUST_00867,Noah Bauer,2025-06-08,Basic_50Mbps,"Im Heidewinkel 14, 13629 adressen_berlin.173280",monthly,mailed_check,True,8.9,49.99,50,395.3
CUST_00868,Anna Schmidt,2025-06-10,Basic_50Mbps,"Seibertzweg 4, 59602 Rüthen",monthly,electronic_check,True,8.8,44.991,50,79.6
CUST_00869,Mia Schröder,2025-06-12,Premium_1Gbps,"Abts-Acker-Straße 51, 50129 Bergheim",monthly,bank_transfer,True,8.7,119.99,1000,503.2
CUST_00870,Lisa Schröder,2025-06-14,Premium_1Gbps,"Pödelwitzer Straße 84, 4575 Neukieritzsch",annual,bank_transfer,True,8.7,119.99,1000,266.3
CUST_00871,Mia Schwarz,2025-06-16,Standard_200Mbps,"Kommweidenstraße 16, 52525 Heinsberg (Rhld.)",2-year,electronic_check,True,8.6,79.99,200,71.0
CUST_00872,Max Fischer,2025-06-18,Basic_50Mbps,"Kremmener Straße 6, 16515 Oranienburg",monthly,electronic_check,True,8.5,44.991,50,81.0
CUST_00873,Lena Weber,2025-06-20,Standard_200Mbps,"Vernumer Straße 78, 47608 Geldern",annual,electronic_check,True,8.5,71.991,200,296.7
CUST_00874,Paul Bauer,2025-06-22,Standard_200Mbps,"Pfälzer Str. 12, 46145 Oberhausen",2-year,mailed_check,False,8.4,79.99,200,531.5
CUST_00875,Jonas Bauer,2025-06-24,Basic_50Mbps,"Gaußstraße 27, 44625 Herne",annual,electronic_check,True,8.3,49.99,50,161.2
CUST_00876,Anna Richter,2025-06-26,Basic_50Mbps,"Haberstraße 12, 44625 Herne",annual,mailed_check,True,8.3,49.99,50,89.6
CUST_00877,Anna Zimmermann,2025-06-28,Standard_200Mbps,"Brandenburger Str. 7, 46145 Oberhausen",annual,mailed_check,True,8.2,79.99,200,605.2
CUST_00878,Julia Wagner,2025-06-30,Standard_200Mbps,"Pfeifferstraße 8, None Weimar",annual,bank_transfer,False,8.1,79.99,200,331.9
CUST_00879,Hannah Schwarz,2025-07-02,Basic_50Mbps,"Teigelesch 7, 48145 Münster",monthly,mailed_check,True,8.1,49.99,50,178.3
CUST_00880,Mia Schneider,2025-07-04,Basic_50Mbps,"Dorfplatz 61, 4575 Neukieritzsch",annual,credit_card,True,8.0,49.99,50,200.8
CUST_00881,Jonas Neumann,2025-07-06,Basic_50Mbps,"Alter Steinweg 23, 8056 Stadt Zwickau",annual,bank_transfer,True,7.9,49.99,50,68.5
CUST_00882,David Schwarz,2025-07-08,Standard_200Mbps,"Billhorner Deich 55, 20539 Hamburg",2-year,electronic_check,False,7.9,79.99,200,295.7
CUST_00883,Paul Braun,2025-07-10,Basic_50Mbps,"Liebigstraße 11, 47608 Geldern",annual,bank_transfer,False,7.8,49.99,50,133.3
CUST_00884,Lisa Fischer,2025-07-12,Basic_50Mbps,"Billbrookdeich 203, 22113 Hamburg",annual,credit_card,True,7.7,44.991,50,1630.9
CUST_00885,Tim Fischer,2025-07-14,Standard_200Mbps,"Lockenfeld 7, 51709 Marienheide",monthly,credit_card,False,7.7,71.991,200,196.3
CUST_00886,Jonas Bauer,2025-07-16,Basic_50Mbps,"Rahnsdorfer Straße 2, 12623 adressen_berlin.17333",monthly,electronic_check,False,7.6,49.99,50,199.6
CUST_00887,Leon Schwarz,2025-07-18,Standard_200Mbps,"Heidberg 92, 59602 Rüthen",monthly,mailed_check,False,7.5,79.99,200,250.3
CUST_00888,Hannah Weber,2025-07-20,Basic_50Mbps,"Lindenweg 5, 16798 Fürstenberg/Havel",monthly,mailed_check,True,7.5,49.99,50,745.8
CUST_00889,Felix Braun,2025-07-22,Basic_50Mbps,"Amalienstraße 14, 47447 Moers",annual,electronic_check,True,7.4,44.991,50,484.1
CUST_00890,Ben Richter,2025-07-24,Basic_50Mbps,"Mondstraße 150, 48155 Münster",2-year,electronic_check,True,7.3,49.99,50,180.0
CUST_00891,Ben Schmidt,2025-07-26,Standard_200Mbps,"Billhorner Deich 90, 20539 Hamburg",monthly,bank_transfer,False,7.3,79.99,200,380.5
CUST_00892,Anna Schmidt,2025-07-28,Premium_1Gbps,"Königstraße 12, 23552 Lübeck, Hansestadt",monthly,electronic_check,True,7.2,107.991,1000,264.7
CUST_00893,Tim Koch,2025-07-30,Premium_1Gbps,"Parkstr. 13, 46145 Oberhausen",2-year,electronic_check,True,7.1,119.99,1000,203.4
CUST_00894,Sarah Neumann,2025-08-01,Standard_200Mbps,"Otto-Hahn-Straße 17, 47608 Geldern",monthly,electronic_check,True,7.1,79.99,200,64.1
CUST_00895,David Weber,2025-08-03,Standard_200Mbps,"Erkelenzer Straße 28, 52525 Heinsberg (Rhld.)",annual,credit_card,False,7.0,79.99,200,187.1
CUST_00896,Lisa Neumann,2025-08-05,Basic_50Mbps,"Ewaldstraße 11, 47447 Moers",annual,electronic_check,False,6.9,44.991,50,84.6
CUST_00897,Tim Koch,2025-08-07,Basic_50Mbps,"Rapsstraße 17, 13629 adressen_berlin.173248",annual,mailed_check,True,6.9,44.991,50,739.0
CUST_00898,Lisa Koch,2025-08-09,Premium_1Gbps,"Rottbruchstraße 73, 44625 Herne",monthly,bank_transfer,False,6.8,119.99,1000,122.6
CUST_00899,Laura Richter,2025-08-11,Basic_50Mbps,"Zittauer Straße 117, 12355 adressen_berlin.173486",monthly,mailed_check,True,6.7,44.991,50,912.6
CUST_00900,Lisa Hoffmann,2025-08-13,Basic_50Mbps,"Herforder Straße 9, 44625 Herne",annual,credit_card,False,6.7,49.99,50,228.5
CUST_00901,Noah Koch,2025-08-15,Basic_50Mbps,"Zeppelinstraße 16, 47608 Geldern",annual,credit_card,True,6.6,44.991,50,299.5
CUST_00902,Ben Neumann,2025-08-17,Basic_50Mbps,"Peter-Cornelius-Straße 20, None Weimar",monthly,electronic_check,True,6.5,49.99,50,234.9
CUST_00903,Julia Schröder,2025-08-19,Basic_50Mbps,"Rottbruchstraße 122, 44625 Herne",annual,credit_card,False,6.5,44.991,50,41.6
CUST_00904,Noah Hoffmann,2025-08-21,Standard_200Mbps,"Rosenweg 4, 57258 Freudenberg",monthly,mailed_check,True,6.4,79.99,200,141.4
CUST_00905,Sarah Müller,2025-08-23,Standard_200Mbps,"Barbarastraße 53, 50129 Bergheim",annual,mailed_check,False,6.3,79.99,200,31.3
CUST_00906,Hannah Koch,2025-08-25,Premium_1Gbps,"Summter Straße 35, 12623 adressen_berlin.17337",monthly,credit_card,True,6.3,107.991,1000,292.6
CUST_00907,Sophie Klein,2025-08-27,Premium_1Gbps,"Heidschlade 29, 57258 Freudenberg",2-year,electronic_check,True,6.2,119.99,1000,177.7
CUST_00908,Noah Hoffmann,2025-08-29,Basic_50Mbps,"Amselweg 1, 59602 Rüthen",monthly,bank_transfer,True,6.1,49.99,50,451.5
CUST_00909,Max Braun,2025-08-31,Basic_50Mbps,"Zum Rott 1, 50129 Bergheim",monthly,bank_transfer,True,6.1,49.99,50,74.7
CUST_00910,Sarah Schulz,2025-09-02,Standard_200Mbps,"Markt 10, 23552 Lübeck, Hansestadt",monthly,bank_transfer,True,6.0,79.99,200,53.9
CUST_00911,Noah Zimmermann,2025-09-04,Standard_200Mbps,"Neumühler Str. 25, 46149 Oberhausen",monthly,bank_transfer,True,5.9,79.99,200,156.4
CUST_00912,Emma Schmidt,2025-09-06,Basic_50Mbps,"Heidberg 47, 59602 Rüthen",2-year,credit_card,True,5.9,49.99,50,783.5
CUST_00913,Noah Schröder,2025-09-08,Standard_200Mbps,"Borbecker Str. 9, 46145 Oberhausen",2-year,electronic_check,True,5.8,79.99,200,371.8
CUST_00914,Laura Neumann,2025-09-10,Standard_200Mbps,"Hauptstraße 49, 8056 Stadt Zwickau",monthly,electronic_check,False,5.7,71.991,200,162.9
CUST_00915,Lisa Richter,2025-09-12,Standard_200Mbps,"Ringstraße 23, 47447 Moers",monthly,bank_transfer,False,5.7,71.991,200,218.5
CUST_00916,Tim Becker,2025-09-14,Standard_200Mbps,"Billhorner Kanalstraße 76, 20539 Hamburg",annual,electronic_check,True,5.6,79.99,200,26.4
CUST_00917,Anna Zimmermann,2025-09-16,Basic_50Mbps,"Am Schultsgarten 8, 50129 Bergheim",2-year,electronic_check,False,5.5,49.99,50,1251.5
CUST_00918,Sophie Wagner,2025-09-18,Premium_1Gbps,"Hainer Seeblick 8, 4575 Neukieritzsch",annual,electronic_check,True,5.5,119.99,1000,329.4
CUST_00919,Max Wolf,2025-09-20,Standard_200Mbps,"Siedlungsstraße 16, 04895 Mühlberg/Elbe",monthly,mailed_check,True,5.4,79.99,200,100.8
CUST_00920,Leon Klein,2025-09-22,Basic_50Mbps,"Wiesenstraße 6, 51709 Marienheide",monthly,bank_transfer,False,5.3,49.99,50,264.4
CUST_00921,Tim Klein,2025-09-24,Premium_1Gbps,"Barbarastraße 14, 50129 Bergheim",annual,bank_transfer,False,5.3,119.99,1000,34.8
CUST_00922,Felix Klein,2025-09-26,Standard_200Mbps,"Hülsstraße 9, 44625 Herne",monthly,electronic_check,True,5.2,79.99,200,1013.0
CUST_00923,Ben Braun,2025-09-28,Premium_1Gbps,"Rudolfstraße 6, 47447 Moers",annual,electronic_check,False,5.1,119.99,1000,57.6
CUST_00924,Sarah Schmidt,2025-09-30,Standard_200Mbps,"Lämmerrainweg 2, None Weimar",monthly,credit_card,True,5.1,79.99,200,313.3
CUST_00925,Tim Neumann,2025-10-02,Standard_200Mbps,"Fröbelstraße 10, 47608 Geldern",annual,bank_transfer,False,5.0,71.991,200,84.5
CUST_00926,Felix Schwarz,2025-10-04,Basic_50Mbps,"Potsdamer Straße 9, 50129 Bergheim",monthly,electronic_check,True,4.9,49.99,50,379.3
CUST_00927,Leon Schröder,2025-10-06,Basic_50Mbps,"Stettiner Straße 94, 48147 Münster",annual,electronic_check,True,4.9,49.99,50,449.9
CUST_00928,Ben Richter,2025-10-08,Standard_200Mbps,"Von-Trotha-Str. 91, 46149 Oberhausen",monthly,electronic_check,True,4.8,79.99,200,335.7
CUST_00929,Leon Meyer,2025-10-10,Standard_200Mbps,"Alter Steinweg 26, 8056 Stadt Zwickau",annual,electronic_check,True,4.7,79.99,200,286.0
CUST_00930,David Schwarz,2025-10-12,Basic_50Mbps,"An der Lagune 79, 4575 Neukieritzsch",monthly,bank_transfer,True,4.7,49.99,50,669.0
CUST_00931,Leon Schwarz,2025-10-14,Basic_50Mbps,"Mathildestr. 74, 46149 Oberhausen",annual,mailed_check,False,4.6,49.99,50,24.6
CUST_00932,Hannah Schulz,2025-10-16,Premium_1Gbps,"Helenenstraße 13, 47447 Moers",annual,electronic_check,True,4.5,119.99,1000,120.6
CUST_00933,Lisa Schröder,2025-10-18,Premium_1Gbps,"Bilenbarg 45, 22397 Hamburg",annual,credit_card,True,4.5,119.99,1000,85.6
CUST_00934,Felix Becker,2025-10-20,Standard_200Mbps,"Hedwigstraße 11, 47447 Moers",annual,mailed_check,True,4.4,79.99,200,1327.2
CUST_00935,Paul Schwarz,2025-10-22,Basic_50Mbps,"Mühlberger Straße 35, 04895 Mühlberg/Elbe",annual,electronic_check,True,4.3,49.99,50,148.0
CUST_00936,Mia Becker,2025-10-24,Basic_50Mbps,"Königstraße 85, 23552 Lübeck, Hansestadt",2-year,credit_card,True,4.3,49.99,50,395.7
CUST_00937,Mia Hoffmann,2025-10-26,Basic_50Mbps,"Ebersbachstr. 37, 46145 Oberhausen",monthly,electronic_check,True,4.2,49.99,50,346.3
CUST_00938,Felix Schröder,2025-10-28,Premium_1Gbps,"Rudolfstraße 10, 47447 Moers",2-year,mailed_check,True,4.1,119.99,1000,71.5
CUST_00939,Leon Schröder,2025-10-30,Basic_50Mbps,"Lessingstraße 26, None Weimar",monthly,electronic_check,True,4.1,49.99,50,81.9
CUST_00940,Hannah Schwarz,2025-11-01,Standard_200Mbps,"Rapsstraße 73, 13629 adressen_berlin.173220",monthly,credit_card,True,4.0,79.99,200,99.1
CUST_00941,Paul Hoffmann,2025-11-03,Basic_50Mbps,"Burxdorfer Straße 1, 04895 Mühlberg/Elbe",monthly,bank_transfer,False,3.9,49.99,50,158.9
CUST_00942,Sophie Zimmermann,2025-11-05,Standard_200Mbps,"Tulpenweg 97, 44651 Herne",monthly,mailed_check,False,3.9,79.99,200,80.1
CUST_00943,Julia Richter,2025-11-07,Standard_200Mbps,"Burgstraße 7, 59602 Rüthen",annual,bank_transfer,True,3.8,79.99,200,6.0
CUST_00944,Jonas Bauer,2025-11-09,Premium_1Gbps,"Ratstannenweg 43, None Weimar",annual,electronic_check,True,3.7,119.99,1000,634.6
CUST_00945,Tim Hoffmann,2025-11-11,Basic_50Mbps,"Katharinenstraße 36, 8056 Stadt Zwickau",annual,electronic_check,True,3.7,49.99,50,1011.0
CUST_00946,Anna Hoffmann,2025-11-13,Basic_50Mbps,"Elisabeth-Selbert-Weg 6, 48147 Münster",annual,credit_card,True,3.6,49.99,50,125.4
CUST_00947,Lukas Bauer,2025-11-15,Basic_50Mbps,"Eickenstraße 50, 51709 Marienheide",monthly,mailed_check,True,3.5,49.99,50,124.0
CUST_00948,David Schulz,2025-11-17,Premium_1Gbps,"Matzenbergstr. 64, 46145 Oberhausen",monthly,mailed_check,True,3.5,119.99,1000,2.1
CUST_00949,Sarah Wagner,2025-11-19,Premium_1Gbps,"Laerer Landweg 99, 48155 Münster",monthly,bank_transfer,True,3.4,119.99,1000,342.1
CUST_00950,Felix Schwarz,2025-11-21,Standard_200Mbps,"Gaarwang 2, 24395 Gelting",monthly,electronic_check,True,3.3,79.99,200,523.6
CUST_00951,Paul Schwarz,2025-11-23,Standard_200Mbps,"Liebenwerdaer Straße 10, 04895 Mühlberg/Elbe",monthly,electronic_check,True,3.3,79.99,200,47.6
CUST_00952,Paul Weber,2025-11-25,Standard_200Mbps,"Hauptmarkt 24, 8056 Stadt Zwickau",monthly,electronic_check,False,3.2,71.991,200,52.2
CUST_00953,Sophie Braun,2025-11-27,Basic_50Mbps,"Kurzer Morgen 3, 57258 Freudenberg",annual,electronic_check,False,3.1,49.99,50,468.3
CUST_00954,Noah Becker,2025-11-29,Premium_1Gbps,"Markt 14, 04895 Mühlberg/Elbe",annual,mailed_check,True,3.1,119.99,1000,287.4
CUST_00955,Emma Schmidt,2025-12-01,Standard_200Mbps,"Hoher Heckenweg 176, 48147 Münster",2-year,electronic_check,True,3.0,79.99,200,13.8
CUST_00956,Ben Becker,2025-12-03,Standard_200Mbps,"Zeppelinstraße 23, 47608 Geldern",2-year,electronic_check,False,2.9,79.99,200,292.3
CUST_00957,Emma Schmidt,2025-12-05,Standard_200Mbps,"Wippendorf 30, 24402 Esgrus",annual,electronic_check,False,2.9,79.99,200,110.8
CUST_00958,Sophie Klein,2025-12-07,Basic_50Mbps,"Ellen-Scheuner-Weg 21, 48147 Münster",monthly,electronic_check,True,2.8,49.99,50,138.0
CUST_00959,Leon Schröder,2025-12-09,Basic_50Mbps,"Sandbergstr. 2, 46145 Oberhausen",annual,bank_transfer,True,2.7,44.991,50,440.6
CUST_00960,Sophie Weber,2025-12-11,Standard_200Mbps,"Rosenweg 5, 57258 Freudenberg",annual,electronic_check,True,2.7,79.99,200,499.7
CUST_00961,Max Schwarz,2025-12-13,Basic_50Mbps,"Humboldtstraße 60, None Weimar",monthly,credit_card,True,2.6,49.99,50,153.4
CUST_00962,Laura Klein,2025-12-15,Standard_200Mbps,"Dorstener Str. 277, 46145 Oberhausen",monthly,bank_transfer,True,2.5,79.99,200,882.1
CUST_00963,Sarah Schröder,2025-12-17,Basic_50Mbps,"Auf der Heide 13, 57258 Freudenberg",2-year,bank_transfer,True,2.5,49.99,50,156.5
CUST_00964,Felix Hoffmann,2025-12-19,Standard_200Mbps,"Ludwigstraße 1, 47447 Moers",monthly,electronic_check,True,2.4,79.99,200,443.3
CUST_00965,Leon Hoffmann,2025-12-21,Basic_50Mbps,"Im Heidewinkel 2, 13629 adressen_berlin.173262",annual,electronic_check,True,2.3,49.99,50,198.4
CUST_00966,Anna Schneider,2025-12-23,Standard_200Mbps,"Bilenbarg 13, 22397 Hamburg",annual,electronic_check,False,2.3,79.99,200,683.5
CUST_00967,Noah Becker,2025-12-25,Standard_200Mbps,"Geschw.-Bentheuer-Straße 13, 50129 Bergheim",monthly,electronic_check,True,2.2,79.99,200,715.0
CUST_00968,Julia Schmidt,2025-12-27,Basic_50Mbps,"Bienenkamp 20, 22159 Hamburg",monthly,mailed_check,True,2.1,49.99,50,27.4
CUST_00969,Laura Klein,2025-12-29,Standard_200Mbps,"Mommartzstraße 32, 52525 Heinsberg (Rhld.)",monthly,electronic_check,True,2.1,79.99,200,827.0
CUST_00970,Laura Schmidt,2025-12-31,Standard_200Mbps,"An der Autobahn 13, 57258 Freudenberg",monthly,mailed_check,True,2.0,79.99,200,523.8
CUST_00971,Jonas Schröder,2026-01-02,Standard_200Mbps,"Schillerstraße 63, 52525 Heinsberg (Rhld.)",monthly,bank_transfer,False,1.9,79.99,200,470.1
CUST_00972,Laura Hoffmann,2026-01-04,Premium_1Gbps,"Weseler Straße 182, 47608 Geldern",2-year,credit_card,True,1.9,119.99,1000,67.3
CUST_00973,Anna Müller,2026-01-06,Standard_200Mbps,"Wernerstraße 2, 47447 Moers",monthly,electronic_check,True,1.8,79.99,200,490.6
CUST_00974,Mia Zimmermann,2026-01-08,Basic_50Mbps,"Elisabeth-Selbert-Weg 51, 48147 Münster",annual,electronic_check,False,1.7,49.99,50,569.4
CUST_00975,Lisa Fischer,2026-01-10,Basic_50Mbps,"Bühler Straße 281, 57258 Freudenberg",monthly,bank_transfer,True,1.7,49.99,50,102.4
CUST_00976,Leon Hoffmann,2026-01-12,Basic_50Mbps,"Torgauer Straße 13, 04895 Falkenberg/Elster",2-year,credit_card,False,1.6,49.99,50,912.6
CUST_00977,David Schwarz,2026-01-14,Standard_200Mbps,"Holderberger Straße 116, 47447 Moers",monthly,electronic_check,True,1.5,71.991,200,15.3
CUST_00978,Ben Schröder,2026-01-16,Basic_50Mbps,"An der Lagune 82, 4575 Neukieritzsch",monthly,credit_card,True,1.5,49.99,50,48.7
CUST_00979,Tim Neumann,2026-01-18,Standard_200Mbps,"Zittauer Straße 135, 12355 adressen_berlin.173462",2-year,electronic_check,True,1.4,71.991,200,231.4
CUST_00980,David Schulz,2026-01-20,Standard_200Mbps,"Lindenstraße 12, 57258 Freudenberg",2-year,electronic_check,True,1.3,71.991,200,257.3
CUST_00981,Felix Fischer,2026-01-22,Basic_50Mbps,"Zöpener Straße 2, 4575 Neukieritzsch",monthly,mailed_check,False,1.3,49.99,50,310.8
CUST_00982,Leon Meyer,2026-01-24,Standard_200Mbps,"Steilpfad 75, 13509 adressen_berlin.173318",2-year,bank_transfer,False,1.2,79.99,200,5.1
CUST_00983,David Schulz,2026-01-26,Basic_50Mbps,"An de Diek 2, 24395 Gelting",monthly,electronic_check,True,1.1,49.99,50,968.4
CUST_00984,Laura Müller,2026-01-28,Basic_50Mbps,"Zittauer Straße 91, 12355 adressen_berlin.173505",monthly,electronic_check,True,1.1,49.99,50,13.7
CUST_00985,Leon Hoffmann,2026-01-30,Standard_200Mbps,"Werkstraße 50, 4575 Neukieritzsch",monthly,mailed_check,False,1.0,79.99,200,46.3
CUST_00986,Noah Wagner,2026-02-01,Standard_200Mbps,"Fröbelstraße 4, 47608 Geldern",monthly,electronic_check,False,0.9,71.991,200,4.2
CUST_00987,Laura Braun,2026-02-03,Standard_200Mbps,"Holderberger Straße 54, 47447 Moers",annual,credit_card,True,0.9,79.99,200,251.0
CUST_00988,Jonas Klein,2026-02-05,Standard_200Mbps,"Bücherott 2, 24395 Gelting",monthly,mailed_check,True,0.8,79.99,200,807.7
CUST_00989,Ben Koch,2026-02-07,Basic_50Mbps,"Lindenberger Höhe 2, 57258 Freudenberg",monthly,electronic_check,True,0.7,49.99,50,328.9
CUST_00990,Lukas Richter,2026-02-09,Premium_1Gbps,"Kolk 20, 23552 Lübeck, Hansestadt",annual,electronic_check,False,0.7,119.99,1000,518.9
CUST_00991,Sophie Meyer,2026-02-11,Standard_200Mbps,"Kahnsdorfer Straße 15, 4575 Neukieritzsch",annual,credit_card,True,0.6,79.99,200,4.0
CUST_00992,Tim Schröder,2026-02-13,Standard_200Mbps,"Weyresstraße 1, 52525 Heinsberg (Rhld.)",monthly,electronic_check,True,0.5,79.99,200,234.3
CUST_00993,Leon Becker,2026-02-15,Basic_50Mbps,"Höheweg 5, 04895 Mühlberg/Elbe",annual,mailed_check,False,0.5,49.99,50,184.6
CUST_00994,Max Schulz,2026-02-17,Standard_200Mbps,"Wanner Str. 53, 46145 Oberhausen",monthly,bank_transfer,True,0.4,79.99,200,207.3
CUST_00995,Jonas Becker,2026-02-19,Standard_200Mbps,"Teigelesch 5, 48145 Münster",annual,credit_card,True,0.3,71.991,200,22.5
CUST_00996,David Schulz,2026-02-21,Basic_50Mbps,"Körnerweg 452, 16515 Oranienburg",annual,electronic_check,True,0.3,49.99,50,346.0
CUST_00997,Leon Hoffmann,2026-02-23,Premium_1Gbps,"Lütticher Straße 24, 52525 Heinsberg (Rhld.)",2-year,credit_card,True,0.2,107.991,1000,209.9
CUST_00998,Noah Zimmermann,2026-02-25,Basic_50Mbps,"Fröbelstraße 6, 47608 Geldern",monthly,bank_transfer,True,0.1,49.99,50,434.6
CUST_00999,Max Schulz,2026-02-27,Premium_1Gbps,"Am Kiesgrund 12, 16548 Glienicke/Nordbahn",monthly,bank_transfer,True,0.1,119.99,1000,199.2
CUST_01000,Hannah Becker,2026-03-01,Standard_200Mbps,"Schillerstraße 17, 52525 Heinsberg (Rhld.)",monthly,electronic_check,True,0.0,79.99,200,48.5
