customer_id,customer_name,signup_date,plan_tier,address,contract_type,payment_method,autopay_enabled,account_age_months,monthly_bill,speed_tier_mbps,data_usage_gb_last_month
CUST_00001,Paul Becker,2020-09-10,Standard_200Mbps,"Sölzerallee 209
68247 Hildesheim",monthly,bank_transfer,True,66.6,79.99,200,150.1
CUST_00002,Emma Weber,2020-09-12,Premium_1Gbps,"Schulzring 79-82
74636 Nabburg",annual,bank_transfer,False,66.5,119.99,1000,192.4
CUST_00003,Sophie Schwarz,2020-09-14,Standard_200Mbps,"Metzgasse 4-6
20213 Regen",2-year,electronic_check,True,66.5,79.99,200,578.4
CUST_00004,Lukas Zimmermann,2020-09-16,Standard_200Mbps,"Kranzallee 98
00076 Roth",annual,bank_transfer,True,66.4,71.991,200,124.7
CUST_00005,Lena Schmidt,2020-09-18,Basic_50Mbps,"Hertrampfgasse 9-5
08794 Neubrandenburg",2-year,bank_transfer,True,66.3,44.991,50,611.3
CUST_00006,Max Schneider,2020-09-20,Basic_50Mbps,"Hans-Gerd-Peukert-Straße 3
27957 Aue",annual,electronic_check,False,66.3,49.99,50,27.7
CUST_00007,Felix Becker,2020-09-22,Basic_50Mbps,"Krebsstr. 13-19
78086 Parsberg",annual,mailed_check,False,66.2,49.99,50,449.9
CUST_00008,Ben Braun,2020-09-24,Premium_1Gbps,"Liesel-Röhricht-Straße 2245
57454 Ludwigslust",2-year,electronic_check,True,66.1,119.99,1000,564.3
CUST_00009,Max Schwarz,2020-09-26,Standard_200Mbps,"Anselm-Roskoth-Weg 46
85232 Gotha",monthly,credit_card,True,66.1,79.99,200,60.2
CUST_00010,Felix Schwarz,2020-09-28,Standard_200Mbps,"Melissa-Gude-Ring 0
33008 Waldmünchen",monthly,mailed_check,True,66.0,71.991,200,168.8
CUST_00011,Lena Becker,2020-09-30,Basic_50Mbps,"Dana-Römer-Straße 468
86683 Rosenheim",monthly,credit_card,True,65.9,44.991,50,54.3
CUST_00012,David Zimmermann,2020-10-02,Premium_1Gbps,"Hillerweg 69-69
23857 Pößneck",2-year,credit_card,True,65.9,119.99,1000,367.9
CUST_00013,Paul Müller,2020-10-04,Premium_1Gbps,"Winklerplatz 44-93
82616 Mühldorf am Inn",2-year,electronic_check,True,65.8,119.99,1000,229.9
CUST_00014,Laura Klein,2020-10-06,Basic_50Mbps,"Elsa-Jacobi Jäckel-Allee 34/47
07977 Dachau",monthly,credit_card,True,65.7,44.991,50,302.6
CUST_00015,Leon Schulz,2020-10-08,Basic_50Mbps,"Nasergasse 23
96119 Gadebusch",annual,mailed_check,True,65.7,49.99,50,65.6
CUST_00016,Tim Wagner,2020-10-10,Basic_50Mbps,"Langernring 4485
75274 Goslar",2-year,mailed_check,True,65.6,49.99,50,71.4
CUST_00017,Leon Fischer,2020-10-12,Basic_50Mbps,"Winklerstr. 3423
22096 Mayen",monthly,bank_transfer,False,65.5,49.99,50,12.7
CUST_00018,Lukas Richter,2020-10-14,Standard_200Mbps,"Oderwaldstr. 355
38170 Nordhausen",annual,electronic_check,True,65.5,79.99,200,116.6
CUST_00019,Sophie Bauer,2020-10-16,Standard_200Mbps,"Miroslaw-Patberg-Ring 5041
83505 Beilngries",2-year,credit_card,True,65.4,79.99,200,246.1
CUST_00020,Hannah Braun,2020-10-18,Basic_50Mbps,"Siegried-Albers-Platz 6347
19469 Altötting",monthly,electronic_check,False,65.3,49.99,50,585.4
CUST_00021,Paul Schmidt,2020-10-20,Standard_200Mbps,"Schinkestr. 3174
44651 Griesbach Rottal",annual,electronic_check,True,65.3,79.99,200,329.8
CUST_00022,David Schwarz,2020-10-22,Basic_50Mbps,"Frieder-Seifert-Allee 989
12617 Hohenstein-Ernstthal",monthly,mailed_check,True,65.2,49.99,50,171.5
CUST_00023,Sophie Richter,2020-10-24,Basic_50Mbps,"Dan-Freudenberger-Platz 7
23211 Ravensburg",2-year,electronic_check,True,65.1,49.99,50,918.0
CUST_00024,Lukas Schwarz,2020-10-26,Standard_200Mbps,"Adelgunde-Schacht-Gasse 1
77283 Fallingbostel",2-year,credit_card,True,65.1,79.99,200,381.1
CUST_00025,Mia Braun,2020-10-28,Standard_200Mbps,"Löchelstraße 7-7
81762 Hofgeismar",2-year,mailed_check,True,65.0,79.99,200,798.5
CUST_00026,Hannah Zimmermann,2020-10-30,Standard_200Mbps,"Theodor-Gnatz-Platz 2-4
61873 Hersbruck",monthly,bank_transfer,True,64.9,79.99,200,225.0
CUST_00027,Felix Schneider,2020-11-01,Basic_50Mbps,"Trübring 6
86822 Magdeburg",2-year,electronic_check,False,64.9,49.99,50,89.9
CUST_00028,Anna Becker,2020-11-03,Standard_200Mbps,"Briemergasse 953
79606 Neuss",2-year,electronic_check,True,64.8,71.991,200,16.3
CUST_00029,Mia Schneider,2020-11-05,Standard_200Mbps,"Süßebierstraße 3
62334 Lichtenfels",monthly,bank_transfer,True,64.7,79.99,200,388.5
CUST_00030,Emma Fischer,2020-11-07,Basic_50Mbps,"Sabine-Barkholz-Ring 60/98
51807 Celle",2-year,electronic_check,True,64.7,49.99,50,38.8
CUST_00031,Jonas Schulz,2020-11-09,Standard_200Mbps,"Lorchplatz 79-82
24761 Heinsberg",monthly,credit_card,True,64.6,79.99,200,108.2
CUST_00032,David Bauer,2020-11-11,Basic_50Mbps,"Swen-Seidel-Allee 652
71358 Amberg",annual,mailed_check,True,64.5,49.99,50,228.1
CUST_00033,Laura Bauer,2020-11-13,Basic_50Mbps,"Weihmannring 61/54
44901 Wolfach",monthly,mailed_check,False,64.5,44.991,50,249.3
CUST_00034,Hannah Wagner,2020-11-15,Premium_1Gbps,"Andrzej-Carsten-Platz 41-78
98646 Goslar",monthly,electronic_check,True,64.4,119.99,1000,275.3
CUST_00035,Paul Schneider,2020-11-17,Premium_1Gbps,"Steyplatz 9545
15591 Passau",monthly,mailed_check,True,64.3,107.991,1000,54.5
CUST_00036,Lisa Meyer,2020-11-19,Premium_1Gbps,"Till-Oderwald-Ring 227
05220 Merseburg",annual,bank_transfer,True,64.3,119.99,1000,143.3
CUST_00037,Julia Becker,2020-11-21,Basic_50Mbps,"Sylvester-Scholz-Platz 55/13
10696 Pfaffenhofen an der Ilm",monthly,credit_card,True,64.2,49.99,50,288.1
CUST_00038,Laura Wolf,2020-11-23,Basic_50Mbps,"Weitzelstr. 4337
55454 Wittstock",annual,credit_card,False,64.1,49.99,50,1050.2
CUST_00039,Jonas Schulz,2020-11-25,Standard_200Mbps,"Blochring 8721
77421 Germersheim",monthly,bank_transfer,True,64.1,79.99,200,390.2
CUST_00040,Julia Becker,2020-11-27,Standard_200Mbps,"Veronica-Otto-Ring 2
16503 Cuxhaven",monthly,bank_transfer,True,64.0,79.99,200,767.6
CUST_00041,Leon Schmidt,2020-11-29,Basic_50Mbps,"Pärtzeltgasse 61
05077 Rehau",annual,electronic_check,True,63.9,49.99,50,430.9
CUST_00042,Emma Schmidt,2020-12-01,Standard_200Mbps,"Beatrice-Bloch-Gasse 58-74
61162 Neustadtner Waldnaab",annual,mailed_check,False,63.9,79.99,200,268.7
CUST_00043,Leon Richter,2020-12-03,Basic_50Mbps,"Mike-Christoph-Ring 48-34
09897 Kemnath",monthly,mailed_check,True,63.8,49.99,50,64.0
CUST_00044,Paul Schneider,2020-12-05,Premium_1Gbps,"Dobesplatz 54/81
76989 Bogen",annual,credit_card,True,63.7,119.99,1000,329.6
CUST_00045,Felix Zimmermann,2020-12-07,Basic_50Mbps,"René-Hermighausen-Gasse 331
30088 Backnang",2-year,electronic_check,False,63.7,49.99,50,293.0
CUST_00046,Leon Wagner,2020-12-09,Standard_200Mbps,"Müllerallee 3/4
03041 Bad Freienwalde",annual,electronic_check,False,63.6,79.99,200,276.7
CUST_00047,Sarah Richter,2020-12-11,Basic_50Mbps,"Kreuselallee 5
22686 Rochlitz",monthly,credit_card,True,63.5,49.99,50,201.9
CUST_00048,David Weber,2020-12-13,Standard_200Mbps,"Maja-Löffler-Platz 5/3
12755 Germersheim",monthly,electronic_check,True,63.5,79.99,200,225.7
CUST_00049,Paul Weber,2020-12-15,Standard_200Mbps,"Wanda-Gunpf-Ring 7
94517 Ahaus",2-year,mailed_check,True,63.4,79.99,200,122.1
CUST_00050,Emma Schwarz,2020-12-17,Basic_50Mbps,"Kuschring 3-1
30231 Wernigerode",monthly,credit_card,True,63.3,49.99,50,219.8
CUST_00051,Julia Schulz,2020-12-19,Premium_1Gbps,"Kraushaarplatz 3413
62129 Badoberan",2-year,mailed_check,True,63.3,119.99,1000,66.0
CUST_00052,Noah Klein,2020-12-21,Standard_200Mbps,"Gilda-Briemer-Weg 20-29
96513 Potsdam",annual,mailed_check,True,63.2,79.99,200,490.7
CUST_00053,Noah Richter,2020-12-23,Premium_1Gbps,"Roselinde-auch Schlauchin-Ring 7-4
50749 Schmölln",2-year,credit_card,True,63.1,119.99,1000,61.7
CUST_00054,Hannah Becker,2020-12-25,Premium_1Gbps,"Till-Siering-Straße 7
43546 Kitzingen",annual,electronic_check,True,63.1,119.99,1000,26.6
CUST_00055,Tim Neumann,2020-12-27,Standard_200Mbps,"Abdul-Kreusel-Allee 2970
65296 Beeskow",2-year,electronic_check,True,63.0,79.99,200,171.9
CUST_00056,Sarah Schneider,2020-12-29,Premium_1Gbps,"Hartmanngasse 4394
44421 Ludwigslust",monthly,electronic_check,False,62.9,107.991,1000,322.2
CUST_00057,Anna Fischer,2020-12-31,Basic_50Mbps,"Erika-Hiller-Ring 48/24
48319 Aachen",annual,mailed_check,True,62.9,49.99,50,172.7
CUST_00058,Tim Meyer,2021-01-02,Basic_50Mbps,"Seifertplatz 652
85895 Schlüchtern",monthly,mailed_check,True,62.8,44.991,50,97.2
CUST_00059,Lena Braun,2021-01-04,Basic_50Mbps,"Hornichring 9/2
28146 Arnstadt",monthly,electronic_check,True,62.7,49.99,50,245.0
CUST_00060,Lukas Richter,2021-01-06,Basic_50Mbps,"Maritta-Radisch-Allee 1421
79940 Erbisdorf",annual,mailed_check,False,62.7,49.99,50,127.9
CUST_00061,Jonas Braun,2021-01-08,Standard_200Mbps,"Daniel-Hering-Gasse 95
79512 Schwerin",2-year,credit_card,True,62.6,79.99,200,810.3
CUST_00062,David Neumann,2021-01-10,Basic_50Mbps,"Jesselweg 1/3
90751 Bad Mergentheim",2-year,mailed_check,True,62.5,49.99,50,767.8
CUST_00063,Paul Schwarz,2021-01-12,Premium_1Gbps,"Robert-Jäntsch-Platz 105
73755 Gerolzhofen",annual,electronic_check,True,62.5,119.99,1000,209.4
CUST_00064,Max Fischer,2021-01-14,Standard_200Mbps,"Hörlering 5-4
30456 Kelheim",monthly,mailed_check,True,62.4,79.99,200,119.2
CUST_00065,Julia Schulz,2021-01-16,Basic_50Mbps,"Roswita-Pergande-Gasse 41
78505 Garmisch-Partenkirchen",monthly,credit_card,True,62.3,49.99,50,400.8
CUST_00066,Leon Fischer,2021-01-18,Standard_200Mbps,"Tintzmannring 872
03096 Diepholz",annual,electronic_check,True,62.3,71.991,200,11.2
CUST_00067,Mia Klein,2021-01-20,Basic_50Mbps,"Biggenstraße 9
77595 Burglengenfeld",monthly,bank_transfer,True,62.2,44.991,50,193.2
CUST_00068,Laura Wolf,2021-01-22,Premium_1Gbps,"Bozena-Weinhold-Weg 19
47701 Eisleben",monthly,bank_transfer,False,62.1,119.99,1000,123.0
CUST_00069,Max Schulz,2021-01-24,Basic_50Mbps,"Rene-Winkler-Platz 62
97020 Heiligenstadt",monthly,credit_card,True,62.1,49.99,50,759.7
CUST_00070,Ben Meyer,2021-01-26,Premium_1Gbps,"Reginald-Röhrdanz-Weg 13
13287 Erkelenz",monthly,bank_transfer,True,62.0,119.99,1000,3.6
CUST_00071,Ben Fischer,2021-01-28,Standard_200Mbps,"Andrej-Ortmann-Gasse 8920
97691 Feuchtwangen",monthly,electronic_check,False,61.9,79.99,200,241.4
CUST_00072,Mia Neumann,2021-01-30,Basic_50Mbps,"Annemie-Lehmann-Platz 81/38
90037 Stadtroda",monthly,mailed_check,True,61.9,49.99,50,404.9
CUST_00073,Lisa Wagner,2021-02-01,Basic_50Mbps,"Fadime-Mielcarek-Allee 550
81499 Meppen",monthly,bank_transfer,True,61.8,49.99,50,199.1
CUST_00074,Tim Bauer,2021-02-03,Premium_1Gbps,"Heserplatz 70
59777 Böblingen",monthly,electronic_check,True,61.7,119.99,1000,26.8
CUST_00075,Laura Schwarz,2021-02-05,Standard_200Mbps,"Katherina-Mies-Gasse 34
81709 Neu-Ulm",2-year,electronic_check,True,61.7,79.99,200,1077.6
CUST_00076,Ben Müller,2021-02-07,Standard_200Mbps,"Anneke-Süßebier-Straße 4
50772 Freital",monthly,electronic_check,False,61.6,79.99,200,218.9
CUST_00077,Lisa Koch,2021-02-09,Standard_200Mbps,"Samir-Hermighausen-Platz 15/70
21139 Ueckermünde",monthly,bank_transfer,False,61.5,79.99,200,285.7
CUST_00078,Sarah Müller,2021-02-11,Basic_50Mbps,"Aleksander-Jäkel-Allee 63/37
18930 Schwabmünchen",annual,mailed_check,True,61.5,49.99,50,81.0
CUST_00079,Sophie Bauer,2021-02-13,Standard_200Mbps,"Bolnbachstr. 46/77
16438 Senftenberg",monthly,electronic_check,True,61.4,79.99,200,198.2
CUST_00080,Mia Becker,2021-02-15,Basic_50Mbps,"Ottomar-Gröttner-Ring 8-1
99817 Gräfenhainichen",2-year,electronic_check,False,61.3,49.99,50,168.2
CUST_00081,Anna Becker,2021-02-17,Premium_1Gbps,"Emmy-Seifert-Weg 9/1
28059 Hofgeismar",annual,credit_card,False,61.3,119.99,1000,23.4
CUST_00082,Noah Schneider,2021-02-19,Standard_200Mbps,"Hillerallee 7-6
81291 Apolda",monthly,credit_card,False,61.2,79.99,200,33.7
CUST_00083,Lukas Schröder,2021-02-21,Basic_50Mbps,"Else-Krebs-Straße 336
49136 Güstrow",monthly,mailed_check,True,61.1,49.99,50,545.1
CUST_00084,Lukas Schwarz,2021-02-23,Basic_50Mbps,"Ester-Karge-Straße 3-7
70770 Lübeck",2-year,electronic_check,True,61.1,49.99,50,82.3
CUST_00085,Tim Weber,2021-02-25,Basic_50Mbps,"Löchelallee 8/3
46305 Hettstedt",2-year,mailed_check,False,61.0,49.99,50,65.1
CUST_00086,Sarah Schwarz,2021-02-27,Basic_50Mbps,"Häringstraße 9557
07078 Hainichen",monthly,mailed_check,True,60.9,44.991,50,210.9
CUST_00087,Laura Schulz,2021-03-01,Standard_200Mbps,"Friedhelm-Jacobi Jäckel-Weg 2
96589 Schongau",annual,credit_card,True,60.9,71.991,200,439.3
CUST_00088,Ben Braun,2021-03-03,Standard_200Mbps,"Schmiedtstr. 1-9
46005 Wertingen",monthly,electronic_check,True,60.8,79.99,200,19.2
CUST_00089,Lena Wagner,2021-03-05,Premium_1Gbps,"Damian-Kuhl-Straße 3
36078 Gunzenhausen",2-year,electronic_check,True,60.7,119.99,1000,258.0
CUST_00090,Julia Wagner,2021-03-07,Standard_200Mbps,"Rahel-Thies-Gasse 8-4
73838 Gera",monthly,bank_transfer,True,60.7,71.991,200,38.1
CUST_00091,Mia Richter,2021-03-09,Basic_50Mbps,"Kästerstr. 6132
36062 Zossen",2-year,electronic_check,True,60.6,49.99,50,11.1
CUST_00092,Hannah Wolf,2021-03-11,Standard_200Mbps,"Katja-Textor-Allee 47
27781 Herford",annual,electronic_check,False,60.5,79.99,200,16.3
CUST_00093,Ben Wolf,2021-03-13,Standard_200Mbps,"Lorchweg 3/8
99706 Mühlhausen",annual,bank_transfer,True,60.5,79.99,200,539.0
CUST_00094,Sophie Becker,2021-03-15,Standard_200Mbps,"Kösterstr. 35/15
13696 Höxter",annual,mailed_check,False,60.4,79.99,200,37.7
CUST_00095,Emma Schneider,2021-03-17,Standard_200Mbps,"Sieghard-Textor-Platz 9-8
02674 Gerolzhofen",monthly,bank_transfer,True,60.3,79.99,200,13.9
CUST_00096,Leon Müller,2021-03-19,Standard_200Mbps,"Heßplatz 6
26113 Wittmund",monthly,electronic_check,True,60.3,79.99,200,172.8
CUST_00097,Noah Schwarz,2021-03-21,Standard_200Mbps,"Hettnergasse 91-79
20814 Rochlitz",monthly,mailed_check,False,60.2,71.991,200,557.4
CUST_00098,Emma Zimmermann,2021-03-23,Standard_200Mbps,"Druballee 9
59678 Kamenz",monthly,mailed_check,True,60.1,71.991,200,91.3
CUST_00099,Emma Müller,2021-03-25,Basic_50Mbps,"Bärerring 5/3
09231 Stadtroda",annual,electronic_check,True,60.1,49.99,50,164.3
CUST_00100,Lukas Schmidt,2021-03-27,Basic_50Mbps,"Sönke-Roskoth-Platz 4183
13521 Freital",monthly,bank_transfer,True,60.0,44.991,50,12.2
CUST_00101,Emma Schneider,2021-03-29,Basic_50Mbps,"Bohnbachplatz 494
85058 Dinslaken",monthly,electronic_check,True,59.9,49.99,50,178.8
CUST_00102,Anna Koch,2021-03-31,Standard_200Mbps,"Liane-Buchholz-Ring 875
65192 Sankt Goar",2-year,mailed_check,False,59.9,79.99,200,258.6
CUST_00103,Lukas Neumann,2021-04-02,Basic_50Mbps,"Constanze-Mälzer-Gasse 5161
50870 Gütersloh",2-year,credit_card,False,59.8,49.99,50,253.8
CUST_00104,Emma Schulz,2021-04-04,Standard_200Mbps,"Schwitalstr. 887
99176 Donaueschingen",2-year,electronic_check,True,59.7,71.991,200,121.2
CUST_00105,Sarah Wagner,2021-04-06,Premium_1Gbps,"Henni-Dörschner-Straße 4692
52577 Mühldorf am Inn",2-year,electronic_check,True,59.7,119.99,1000,113.7
CUST_00106,Julia Weber,2021-04-08,Basic_50Mbps,"Beerstraße 79-66
12656 Schmölln",monthly,bank_transfer,True,59.6,49.99,50,33.8
CUST_00107,Noah Zimmermann,2021-04-10,Standard_200Mbps,"Schäferallee 2764
53817 Ebersberg",monthly,electronic_check,False,59.5,79.99,200,137.1
CUST_00108,Sarah Becker,2021-04-12,Standard_200Mbps,"Celal-Rosemann-Ring 57/48
75139 Rosenheim",annual,electronic_check,True,59.5,71.991,200,31.4
CUST_00109,Sarah Klein,2021-04-14,Basic_50Mbps,"Stiebitzallee 95/81
68815 Beilngries",annual,bank_transfer,True,59.4,49.99,50,436.5
CUST_00110,Felix Fischer,2021-04-16,Basic_50Mbps,"Alexandros-Weitzel-Platz 5-4
05900 Miltenberg",monthly,electronic_check,True,59.3,49.99,50,1016.8
CUST_00111,Sophie Klein,2021-04-18,Basic_50Mbps,"Asta-Jungfer-Weg 0
04219 Rostock",2-year,credit_card,True,59.3,49.99,50,1052.7
CUST_00112,Hannah Klein,2021-04-20,Basic_50Mbps,"Dietzstraße 62-79
08428 Füssen",monthly,bank_transfer,True,59.2,49.99,50,600.9
CUST_00113,Lena Wolf,2021-04-22,Premium_1Gbps,"Binnerstr. 60/99
80879 Bogen",monthly,credit_card,False,59.1,107.991,1000,275.5
CUST_00114,Anna Fischer,2021-04-24,Premium_1Gbps,"Bergerweg 8477
28395 Senftenberg",annual,electronic_check,True,59.1,107.991,1000,362.1
CUST_00115,Anna Richter,2021-04-26,Standard_200Mbps,"Stiebitzstr. 706
28931 Halberstadt",annual,electronic_check,True,59.0,79.99,200,100.7
CUST_00116,Leon Fischer,2021-04-28,Premium_1Gbps,"Leonhard-Hornig-Straße 8/4
09716 Duderstadt",annual,credit_card,False,58.9,119.99,1000,298.9
CUST_00117,Emma Wagner,2021-04-30,Premium_1Gbps,"Röhrichtweg 20
64866 Eckernförde",monthly,mailed_check,False,58.9,119.99,1000,182.4
CUST_00118,Felix Schwarz,2021-05-02,Basic_50Mbps,"Mohammad-Schmidtke-Ring 2/6
41157 Bautzen",2-year,mailed_check,True,58.8,49.99,50,197.3
CUST_00119,David Weber,2021-05-04,Premium_1Gbps,"Stolzeplatz 17/52
57020 Melle",monthly,credit_card,True,58.7,107.991,1000,425.4
CUST_00120,Lena Meyer,2021-05-06,Standard_200Mbps,"Hans-Eberhard-Hesse-Allee 50
66339 Berlin",monthly,electronic_check,True,58.7,79.99,200,99.4
CUST_00121,Paul Wolf,2021-05-08,Premium_1Gbps,"Thiesplatz 7/1
06465 Stollberg",2-year,electronic_check,True,58.6,119.99,1000,114.8
CUST_00122,Emma Schneider,2021-05-10,Premium_1Gbps,"Dirk-Klemm-Weg 48
07792 Fürstenwalde",2-year,mailed_check,True,58.5,119.99,1000,775.7
CUST_00123,David Schwarz,2021-05-12,Basic_50Mbps,"Josephine-Radisch-Ring 87
34730 Demmin",2-year,electronic_check,True,58.5,49.99,50,17.4
CUST_00124,Sophie Schmidt,2021-05-14,Basic_50Mbps,"Renate-Heinrich-Platz 70/31
67183 Aurich",2-year,mailed_check,True,58.4,49.99,50,199.4
CUST_00125,Julia Müller,2021-05-16,Basic_50Mbps,"Häringring 70-95
70360 Rochlitz",annual,electronic_check,False,58.3,49.99,50,731.9
CUST_00126,Lukas Becker,2021-05-18,Standard_200Mbps,"Annelore-Wagner-Weg 4-5
81037 Gotha",annual,electronic_check,True,58.3,79.99,200,282.8
CUST_00127,Laura Klein,2021-05-20,Premium_1Gbps,"Hubertine-Caspar-Allee 5/3
16162 Querfurt",monthly,mailed_check,True,58.2,119.99,1000,237.2
CUST_00128,Sarah Schröder,2021-05-22,Premium_1Gbps,"Vinko-Hecker-Weg 60/73
70356 Heinsberg",monthly,credit_card,True,58.1,119.99,1000,86.2
CUST_00129,Felix Richter,2021-05-24,Basic_50Mbps,"Hornichstraße 425
93398 Freudenstadt",monthly,electronic_check,False,58.1,49.99,50,126.1
CUST_00130,Anna Meyer,2021-05-26,Standard_200Mbps,"Desiree-Junck-Ring 87-71
85763 Burgdorf",monthly,mailed_check,False,58.0,71.991,200,573.3
CUST_00131,Jonas Müller,2021-05-28,Standard_200Mbps,"Athanasios-Säuberlich-Allee 8
23672 Wolgast",annual,credit_card,False,57.9,79.99,200,245.8
CUST_00132,Jonas Schulz,2021-05-30,Basic_50Mbps,"Joerg-Striebitz-Platz 6-3
28655 Lobenstein",monthly,credit_card,False,57.9,49.99,50,216.9
CUST_00133,David Hoffmann,2021-06-01,Basic_50Mbps,"Staudeplatz 77
81284 Wolfach",monthly,mailed_check,False,57.8,49.99,50,31.5
CUST_00134,Lena Schwarz,2021-06-03,Basic_50Mbps,"van der Dussenweg 4
26481 Strasburg",monthly,mailed_check,True,57.7,49.99,50,4.8
CUST_00135,Sarah Weber,2021-06-05,Premium_1Gbps,"Rosering 74/98
30661 Lübeck",annual,electronic_check,True,57.7,119.99,1000,994.7
CUST_00136,Felix Hoffmann,2021-06-07,Basic_50Mbps,"Wilmsenplatz 1-4
36152 Großenhain",monthly,electronic_check,True,57.6,44.991,50,142.0
CUST_00137,Felix Schmidt,2021-06-09,Standard_200Mbps,"Scheibering 98
42961 Zschopau",2-year,credit_card,False,57.5,79.99,200,277.3
CUST_00138,Noah Schwarz,2021-06-11,Standard_200Mbps,"Wendestraße 46-39
18907 Ludwigsburg",monthly,electronic_check,False,57.5,79.99,200,24.9
CUST_00139,Anna Koch,2021-06-13,Standard_200Mbps,"Jolanthe-Schäfer-Allee 991
17219 Nördlingen",monthly,credit_card,True,57.4,79.99,200,344.8
CUST_00140,Anna Schmidt,2021-06-15,Premium_1Gbps,"Heinrichallee 5
86345 Ueckermünde",annual,electronic_check,True,57.3,119.99,1000,809.0
CUST_00141,Noah Schröder,2021-06-17,Premium_1Gbps,"Albersweg 4-3
05652 Gera",2-year,electronic_check,True,57.3,119.99,1000,257.2
CUST_00142,Ben Neumann,2021-06-19,Basic_50Mbps,"Adlerplatz 6
70759 Gadebusch",monthly,mailed_check,False,57.2,44.991,50,40.4
CUST_00143,Laura Schmidt,2021-06-21,Standard_200Mbps,"Lindauweg 26-96
20017 Gießen",annual,electronic_check,True,57.1,71.991,200,261.5
CUST_00144,Ben Schneider,2021-06-23,Basic_50Mbps,"Constanze-Mülichen-Gasse 69-74
42124 Darmstadt",annual,bank_transfer,True,57.1,49.99,50,436.2
CUST_00145,Laura Schneider,2021-06-25,Basic_50Mbps,"Ilka-Mohaupt-Ring 4/4
90007 Wesel",monthly,mailed_check,True,57.0,49.99,50,156.5
CUST_00146,Lisa Schneider,2021-06-27,Basic_50Mbps,"Weinhagestraße 3-8
97694 Borna",2-year,electronic_check,True,56.9,49.99,50,635.7
CUST_00147,Emma Richter,2021-06-29,Standard_200Mbps,"Gnatzweg 4-8
50806 Vechta",annual,mailed_check,False,56.9,71.991,200,313.8
CUST_00148,Sophie Zimmermann,2021-07-01,Standard_200Mbps,"Horst-Peter-Ehlert-Weg 3-5
03657 Badalzungen",annual,bank_transfer,True,56.8,79.99,200,688.5
CUST_00149,Emma Zimmermann,2021-07-03,Basic_50Mbps,"Tomislav-Hellwig-Straße 810
67469 Sangerhausen",2-year,mailed_check,False,56.7,49.99,50,293.1
CUST_00150,Lisa Schmidt,2021-07-05,Basic_50Mbps,"Tlustekstraße 40-78
13649 Nordhausen",2-year,electronic_check,True,56.7,49.99,50,42.2
CUST_00151,Lisa Schneider,2021-07-07,Premium_1Gbps,"Lorchring 83
49992 Plauen",annual,bank_transfer,True,56.6,107.991,1000,111.2
CUST_00152,Lena Zimmermann,2021-07-09,Basic_50Mbps,"Daniel-Nerger-Allee 1/5
63864 Rastatt",2-year,credit_card,True,56.5,44.991,50,67.6
CUST_00153,Noah Neumann,2021-07-11,Basic_50Mbps,"Sophie-Heintze-Weg 9/2
39920 Ansbach",annual,electronic_check,False,56.5,49.99,50,718.5
CUST_00154,Leon Schulz,2021-07-13,Standard_200Mbps,"Scholzstr. 1-7
67155 Schrobenhausen",annual,electronic_check,True,56.4,79.99,200,428.6
CUST_00155,Felix Koch,2021-07-15,Premium_1Gbps,"Nuray-Holzapfel-Ring 47
67721 Monschau",annual,credit_card,True,56.3,119.99,1000,338.5
CUST_00156,Emma Schulz,2021-07-17,Basic_50Mbps,"Hanny-Hendriks-Allee 547
10733 Iserlohn",annual,bank_transfer,True,56.3,44.991,50,107.4
CUST_00157,Jonas Weber,2021-07-19,Standard_200Mbps,"Franz-Kühnert-Allee 30/33
07586 Hechingen",monthly,credit_card,False,56.2,79.99,200,61.0
CUST_00158,Mia Wolf,2021-07-21,Standard_200Mbps,"Theres-Birnbaum-Ring 1/9
76913 Demmin",2-year,bank_transfer,True,56.1,79.99,200,423.7
CUST_00159,Leon Schneider,2021-07-23,Basic_50Mbps,"Helmuth-Cichorius-Gasse 58-73
73183 Lemgo",2-year,mailed_check,False,56.1,49.99,50,192.8
CUST_00160,Max Wolf,2021-07-25,Standard_200Mbps,"Mirella-Schmiedt-Gasse 29-73
30644 Lüneburg",monthly,electronic_check,True,56.0,79.99,200,76.8
CUST_00161,Lisa Zimmermann,2021-07-27,Standard_200Mbps,"Krausestraße 581
63417 Teterow",2-year,electronic_check,True,55.9,79.99,200,287.6
CUST_00162,Sophie Schneider,2021-07-29,Standard_200Mbps,"Linkeallee 88/10
10121 Steinfurt",monthly,mailed_check,True,55.9,71.991,200,12.4
CUST_00163,Julia Wagner,2021-07-31,Standard_200Mbps,"Heinplatz 6
19209 Günzburg",monthly,bank_transfer,True,55.8,79.99,200,118.4
CUST_00164,Ben Schulz,2021-08-02,Standard_200Mbps,"Jüttnerweg 1213
93221 Wismar",annual,electronic_check,True,55.7,79.99,200,189.6
CUST_00165,Tim Bauer,2021-08-04,Basic_50Mbps,"Pechelplatz 6-5
11343 Berchtesgaden",monthly,mailed_check,True,55.7,49.99,50,48.0
CUST_00166,Lukas Becker,2021-08-06,Premium_1Gbps,"Dussen vanstraße 79/35
73350 Hildesheim",2-year,electronic_check,True,55.6,119.99,1000,1253.1
CUST_00167,Hannah Hoffmann,2021-08-08,Basic_50Mbps,"Jäntschallee 502
12076 Eilenburg",2-year,mailed_check,False,55.5,49.99,50,70.4
CUST_00168,Laura Wolf,2021-08-10,Basic_50Mbps,"Rolf-Dieter-Haering-Platz 1
51795 Helmstedt",annual,credit_card,True,55.5,44.991,50,41.9
CUST_00169,Julia Hoffmann,2021-08-12,Basic_50Mbps,"Martha-Schulz-Allee 6/5
84984 Darmstadt",monthly,electronic_check,False,55.4,49.99,50,68.3
CUST_00170,Lisa Neumann,2021-08-14,Standard_200Mbps,"Randolf-Striebitz-Gasse 1141
20421 Heiligenstadt",monthly,bank_transfer,True,55.3,71.991,200,439.7
CUST_00171,Max Schwarz,2021-08-16,Standard_200Mbps,"Sara-Junken-Ring 89/25
07122 Schwarzenberg",annual,electronic_check,True,55.3,71.991,200,166.3
CUST_00172,Mia Fischer,2021-08-18,Basic_50Mbps,"Schachtgasse 43/99
62858 Seelow",2-year,credit_card,True,55.2,49.99,50,250.0
CUST_00173,Tim Schulz,2021-08-20,Standard_200Mbps,"Uta-Noack-Straße 242
11140 Schwarzenberg",annual,credit_card,True,55.1,79.99,200,6.4
CUST_00174,Sophie Fischer,2021-08-22,Basic_50Mbps,"Gierschnerplatz 426
89056 Sigmaringen",monthly,electronic_check,True,55.1,49.99,50,10.5
CUST_00175,Julia Weber,2021-08-24,Standard_200Mbps,"Henschelweg 77-48
80711 Hannover",annual,bank_transfer,True,55.0,79.99,200,177.1
CUST_00176,Paul Hoffmann,2021-08-26,Basic_50Mbps,"Eckhard-Schweitzer-Straße 7/8
75567 Parchim",annual,electronic_check,True,54.9,49.99,50,508.9
CUST_00177,Lisa Wagner,2021-08-28,Standard_200Mbps,"Hildegart-Heintze-Gasse 4/3
72823 Emmendingen",annual,bank_transfer,True,54.9,79.99,200,649.5
CUST_00178,Leon Wagner,2021-08-30,Standard_200Mbps,"Beierallee 5-5
77206 Werdau",monthly,mailed_check,False,54.8,79.99,200,27.2
CUST_00179,Paul Neumann,2021-09-01,Premium_1Gbps,"Isidor-Segebahn-Ring 151
03764 Mallersdorf",annual,electronic_check,False,54.7,119.99,1000,231.9
CUST_00180,Sarah Schulz,2021-09-03,Basic_50Mbps,"Holtallee 88
18970 Ilmenau",annual,mailed_check,True,54.7,49.99,50,733.3
CUST_00181,Anna Schneider,2021-09-05,Basic_50Mbps,"Rosestr. 67
68008 Guben",2-year,bank_transfer,True,54.6,49.99,50,147.3
CUST_00182,Lena Schulz,2021-09-07,Basic_50Mbps,"Rahel-Wiek-Allee 5-1
49788 Bützow",monthly,bank_transfer,True,54.5,49.99,50,530.8
CUST_00183,Anna Müller,2021-09-09,Premium_1Gbps,"Wernerplatz 53-44
38169 Rathenow",annual,credit_card,True,54.5,119.99,1000,43.1
CUST_00184,Leon Weber,2021-09-11,Premium_1Gbps,"Hans-Henning-Harloff-Straße 1/1
28363 Mallersdorf",2-year,bank_transfer,True,54.4,119.99,1000,821.8
CUST_00185,Paul Meyer,2021-09-13,Basic_50Mbps,"Scholzplatz 4
17003 Duderstadt",monthly,electronic_check,True,54.3,44.991,50,417.6
CUST_00186,David Schwarz,2021-09-15,Standard_200Mbps,"Margrit-Wagenknecht-Ring 574
46740 Tirschenreuth",2-year,electronic_check,True,54.3,79.99,200,850.8
CUST_00187,Lena Schwarz,2021-09-17,Premium_1Gbps,"Eberthstraße 1-7
72071 Spremberg",annual,electronic_check,True,54.2,107.991,1000,338.7
CUST_00188,Max Fischer,2021-09-19,Standard_200Mbps,"Claas-Eimer-Platz 24/43
77570 Aschaffenburg",monthly,electronic_check,True,54.1,79.99,200,135.5
CUST_00189,Lukas Weber,2021-09-21,Standard_200Mbps,"Marie-Luise-Hertrampf-Allee 94/32
20059 Sigmaringen",monthly,electronic_check,False,54.1,79.99,200,835.1
CUST_00190,Julia Schmidt,2021-09-23,Basic_50Mbps,"Aumannallee 6114
37596 Nördlingen",annual,electronic_check,False,54.0,49.99,50,96.7
CUST_00191,Hannah Zimmermann,2021-09-25,Basic_50Mbps,"Nadeschda-Textor-Gasse 6
34764 Genthin",monthly,bank_transfer,True,53.9,49.99,50,121.1
CUST_00192,Julia Weber,2021-09-27,Premium_1Gbps,"Kostolzingasse 8310
02276 Hofgeismar",annual,electronic_check,False,53.9,119.99,1000,362.0
CUST_00193,Lena Weber,2021-09-29,Premium_1Gbps,"Ingelore-Bien-Gasse 84-83
62151 Goslar",monthly,electronic_check,False,53.8,119.99,1000,434.9
CUST_00194,Anna Hoffmann,2021-10-01,Standard_200Mbps,"Zimmerstr. 2/4
91169 Schlüchtern",annual,mailed_check,True,53.7,79.99,200,795.2
CUST_00195,Hannah Schmidt,2021-10-03,Basic_50Mbps,"Ehlertallee 88-91
82154 Rosenheim",monthly,credit_card,True,53.7,49.99,50,68.7
CUST_00196,Hannah Wagner,2021-10-05,Basic_50Mbps,"Schmidtweg 2/6
77345 Riesa",2-year,mailed_check,True,53.6,44.991,50,479.8
CUST_00197,Emma Fischer,2021-10-07,Standard_200Mbps,"Krzysztof-Junitz-Straße 7-4
90759 Wolfach",2-year,mailed_check,False,53.5,71.991,200,402.4
CUST_00198,Hannah Schwarz,2021-10-09,Premium_1Gbps,"Dörschnerweg 94/53
64563 Bad Brückenau",2-year,electronic_check,False,53.5,119.99,1000,19.8
CUST_00199,Lena Braun,2021-10-11,Premium_1Gbps,"Oderwaldstr. 94-38
24091 Wolfenbüttel",annual,mailed_check,True,53.4,119.99,1000,146.9
CUST_00200,Tim Becker,2021-10-13,Standard_200Mbps,"Harry-Mülichen-Ring 6
84790 Koblenz",monthly,bank_transfer,True,53.3,79.99,200,99.7
CUST_00201,Laura Meyer,2021-10-15,Standard_200Mbps,"Haufferplatz 23-25
81719 Eisenhüttenstadt",annual,electronic_check,True,53.3,79.99,200,108.9
CUST_00202,Lena Müller,2021-10-17,Basic_50Mbps,"Scholtzallee 2677
71624 Merseburg",monthly,credit_card,True,53.2,44.991,50,1221.4
CUST_00203,Laura Koch,2021-10-19,Basic_50Mbps,"Hillerplatz 54
24475 Bautzen",monthly,mailed_check,True,53.1,44.991,50,308.8
CUST_00204,Lena Becker,2021-10-21,Premium_1Gbps,"Kramerstraße 8589
62061 Eberswalde",monthly,credit_card,False,53.1,119.99,1000,379.4
CUST_00205,Paul Meyer,2021-10-23,Standard_200Mbps,"Lothar-Karz-Allee 31
78731 Neustadt am Rübenberge",monthly,electronic_check,True,53.0,71.991,200,1126.7
CUST_00206,Sophie Richter,2021-10-25,Basic_50Mbps,"Patrick-Schmidt-Platz 1/7
96397 Goslar",annual,electronic_check,False,52.9,49.99,50,142.1
CUST_00207,Anna Schröder,2021-10-27,Basic_50Mbps,"Siegrun-Rosenow-Platz 6297
65534 Pegnitz",annual,bank_transfer,False,52.9,49.99,50,485.6
CUST_00208,Emma Wagner,2021-10-29,Standard_200Mbps,"Serpil-Nerger-Platz 54
91368 Peine",monthly,electronic_check,False,52.8,79.99,200,171.0
CUST_00209,David Bauer,2021-10-31,Basic_50Mbps,"Käte-Beier-Weg 6-8
12319 Ingolstadt",monthly,bank_transfer,True,52.7,44.991,50,611.0
CUST_00210,Mia Becker,2021-11-02,Basic_50Mbps,"Fischergasse 14/10
86485 Rehau",2-year,electronic_check,True,52.7,44.991,50,59.8
CUST_00211,Emma Müller,2021-11-04,Standard_200Mbps,"Etta-Schottin-Platz 37/54
18819 Melsungen",monthly,electronic_check,True,52.6,71.991,200,885.1
CUST_00212,Felix Richter,2021-11-06,Standard_200Mbps,"Ottfried-Karge-Gasse 47-19
10699 Lörrach",monthly,electronic_check,True,52.5,79.99,200,74.1
CUST_00213,Leon Schulz,2021-11-08,Standard_200Mbps,"Pohlstraße 2189
50429 Donaueschingen",monthly,credit_card,True,52.5,79.99,200,118.5
CUST_00214,Lukas Schulz,2021-11-10,Basic_50Mbps,"Nadeshda-Salz-Weg 30-99
87242 Wittmund",annual,electronic_check,True,52.4,49.99,50,423.4
CUST_00215,Hannah Neumann,2021-11-12,Standard_200Mbps,"Schönlandweg 7/6
14912 Wertingen",annual,electronic_check,True,52.3,79.99,200,150.1
CUST_00216,Jonas Schwarz,2021-11-14,Basic_50Mbps,"Birte-Lindner-Gasse 8601
70012 Stendal",monthly,bank_transfer,True,52.3,49.99,50,281.1
CUST_00217,Leon Müller,2021-11-16,Basic_50Mbps,"Caren-Wieloch-Weg 7336
73556 Lemgo",monthly,electronic_check,True,52.2,44.991,50,176.4
CUST_00218,Sophie Schulz,2021-11-18,Standard_200Mbps,"Gisbert-Jacobi Jäckel-Ring 2154
87471 Senftenberg",annual,bank_transfer,True,52.1,79.99,200,406.9
CUST_00219,Laura Zimmermann,2021-11-20,Standard_200Mbps,"Henkweg 504
64616 Günzburg",annual,electronic_check,False,52.1,79.99,200,77.8
CUST_00220,Paul Schmidt,2021-11-22,Premium_1Gbps,"Rognerallee 8/1
23575 Rathenow",monthly,credit_card,False,52.0,119.99,1000,18.1
CUST_00221,Sophie Braun,2021-11-24,Standard_200Mbps,"Robert-Jähn-Gasse 97
64766 Neustadt am Rübenberge",2-year,electronic_check,True,51.9,79.99,200,107.0
CUST_00222,Lena Bauer,2021-11-26,Standard_200Mbps,"Eberhardt-Zahn-Ring 309
25942 Weißenfels",monthly,mailed_check,True,51.9,79.99,200,192.9
CUST_00223,Leon Klein,2021-11-28,Basic_50Mbps,"Niemeierallee 0
38241 Brandenburg",monthly,credit_card,True,51.8,49.99,50,55.2
CUST_00224,Lisa Neumann,2021-11-30,Standard_200Mbps,"Wenke-Jüttner-Platz 0
30920 Brand",2-year,bank_transfer,True,51.7,79.99,200,131.5
CUST_00225,Sophie Richter,2021-12-02,Basic_50Mbps,"Süßebiergasse 601
37885 Ahaus",monthly,credit_card,True,51.7,49.99,50,153.2
CUST_00226,Noah Wagner,2021-12-04,Basic_50Mbps,"Rosa-Hamann-Ring 5/3
80535 Göttingen",annual,mailed_check,False,51.6,49.99,50,17.7
CUST_00227,Paul Schmidt,2021-12-06,Premium_1Gbps,"Bonbachgasse 7513
54275 Husum",monthly,bank_transfer,True,51.5,119.99,1000,262.6
CUST_00228,Lena Müller,2021-12-08,Standard_200Mbps,"Schusterweg 47-34
61134 Witzenhausen",monthly,mailed_check,True,51.5,79.99,200,647.1
CUST_00229,Ben Schwarz,2021-12-10,Premium_1Gbps,"Heide-Röhrdanz-Ring 4-2
49357 Ilmenau",2-year,bank_transfer,True,51.4,119.99,1000,49.4
CUST_00230,Felix Bauer,2021-12-12,Standard_200Mbps,"Löwergasse 2349
38807 Herzberg",monthly,bank_transfer,True,51.3,71.991,200,273.2
CUST_00231,Lena Schneider,2021-12-14,Standard_200Mbps,"Sandor-Koch II-Straße 46-50
24145 Jülich",2-year,electronic_check,True,51.3,79.99,200,327.9
CUST_00232,Leon Braun,2021-12-16,Standard_200Mbps,"Drubweg 3-7
49925 Hettstedt",monthly,credit_card,True,51.2,79.99,200,163.1
CUST_00233,Leon Fischer,2021-12-18,Standard_200Mbps,"Irena-Jacobi Jäckel-Allee 1-7
00601 Potsdam",monthly,electronic_check,True,51.1,79.99,200,362.3
CUST_00234,Mia Neumann,2021-12-20,Standard_200Mbps,"Bachmannplatz 27-28
20858 Schwandorf",monthly,electronic_check,True,51.1,79.99,200,158.7
CUST_00235,Mia Klein,2021-12-22,Basic_50Mbps,"Siegmar-Barkholz-Weg 4-3
39730 Schwäbisch Gmünd",annual,electronic_check,True,51.0,44.991,50,210.7
CUST_00236,Leon Richter,2021-12-24,Standard_200Mbps,"Schottinweg 58/61
96631 Luckau",monthly,mailed_check,True,50.9,79.99,200,2.2
CUST_00237,Mia Schwarz,2021-12-26,Basic_50Mbps,"Kühnertstr. 24-64
77506 Schwäbisch Hall",2-year,electronic_check,True,50.9,44.991,50,353.0
CUST_00238,Tim Wagner,2021-12-28,Basic_50Mbps,"Salzring 1/7
54111 Geithain",monthly,credit_card,False,50.8,49.99,50,324.8
CUST_00239,Lena Richter,2021-12-30,Standard_200Mbps,"Guteweg 1
11711 Bogen",2-year,credit_card,True,50.7,79.99,200,11.7
CUST_00240,Laura Braun,2022-01-01,Basic_50Mbps,"Leo-Becker-Allee 6/2
62514 Crailsheim",monthly,bank_transfer,True,50.7,49.99,50,137.8
CUST_00241,Noah Hoffmann,2022-01-03,Premium_1Gbps,"Säuberlichallee 4-9
79475 Greiz",2-year,electronic_check,True,50.6,119.99,1000,1159.4
CUST_00242,Jonas Schwarz,2022-01-05,Premium_1Gbps,"Davidsgasse 3
84883 Burglengenfeld",annual,credit_card,True,50.5,119.99,1000,163.8
CUST_00243,Max Hoffmann,2022-01-07,Premium_1Gbps,"Jungferstr. 7650
04589 Mellrichstadt",annual,mailed_check,True,50.5,119.99,1000,209.1
CUST_00244,Mia Wagner,2022-01-09,Standard_200Mbps,"Michael-Börner-Ring 127
32020 Schwabmünchen",2-year,electronic_check,True,50.4,79.99,200,722.2
CUST_00245,Lena Zimmermann,2022-01-11,Basic_50Mbps,"Weinhageweg 6883
43170 Lemgo",annual,electronic_check,False,50.3,49.99,50,379.0
CUST_00246,Lisa Koch,2022-01-13,Premium_1Gbps,"Hans D.-Wohlgemut-Platz 91/40
43399 Saarbrücken",annual,mailed_check,True,50.3,119.99,1000,261.7
CUST_00247,David Wolf,2022-01-15,Standard_200Mbps,"Gretel-Harloff-Straße 13
17149 Ebermannstadt",monthly,credit_card,True,50.2,79.99,200,479.6
CUST_00248,David Wagner,2022-01-17,Premium_1Gbps,"Albersweg 542
43524 Soest",monthly,electronic_check,True,50.1,107.991,1000,599.3
CUST_00249,Ben Schröder,2022-01-19,Premium_1Gbps,"Theodora-Adolph-Ring 47/20
87159 Pößneck",2-year,mailed_check,False,50.1,119.99,1000,183.1
CUST_00250,Laura Schneider,2022-01-21,Premium_1Gbps,"Eckbauerweg 882
04687 Grevesmühlen",annual,credit_card,True,50.0,119.99,1000,193.4
CUST_00251,Mia Neumann,2022-01-23,Basic_50Mbps,"Ringallee 22/42
48584 Rochlitz",annual,credit_card,True,49.9,49.99,50,146.4
CUST_00252,Lisa Koch,2022-01-25,Standard_200Mbps,"Christin-Plath-Weg 783
49032 Cuxhaven",monthly,electronic_check,True,49.9,71.991,200,1020.7
CUST_00253,Lukas Becker,2022-01-27,Premium_1Gbps,"Hermann-Josef-Förster-Weg 3994
82007 Seelow",monthly,electronic_check,True,49.8,119.99,1000,358.4
CUST_00254,Mia Becker,2022-01-29,Basic_50Mbps,"Wagenknechtstraße 9-1
00394 Garmisch-Partenkirchen",monthly,electronic_check,True,49.7,49.99,50,26.1
CUST_00255,Felix Weber,2022-01-31,Basic_50Mbps,"Calogero-Rosenow-Straße 5
50678 Mayen",annual,electronic_check,True,49.7,44.991,50,596.2
CUST_00256,Max Schmidt,2022-02-02,Standard_200Mbps,"Dimitrios-Seifert-Straße 7/7
11734 Bayreuth",monthly,mailed_check,True,49.6,79.99,200,196.5
CUST_00257,Emma Schröder,2022-02-04,Premium_1Gbps,"Heinz-Georg-Hendriks-Platz 5501
84832 Schwerin",monthly,mailed_check,True,49.5,119.99,1000,21.4
CUST_00258,Lisa Schneider,2022-02-06,Standard_200Mbps,"Blochplatz 8
16400 Mittweida",monthly,mailed_check,True,49.5,79.99,200,239.4
CUST_00259,David Klein,2022-02-08,Standard_200Mbps,"Ringring 88-83
92330 Plauen",monthly,bank_transfer,True,49.4,79.99,200,162.0
CUST_00260,Noah Wagner,2022-02-10,Basic_50Mbps,"Alban-Herrmann-Gasse 60/12
52498 Heinsberg",annual,mailed_check,False,49.3,49.99,50,630.5
CUST_00261,Jonas Schröder,2022-02-12,Standard_200Mbps,"Wendestr. 2/4
44098 Hohenstein-Ernstthal",monthly,electronic_check,True,49.3,71.991,200,68.4
CUST_00262,Jonas Becker,2022-02-14,Premium_1Gbps,"Kitzmannallee 81
70050 Stendal",annual,mailed_check,True,49.2,119.99,1000,525.4
CUST_00263,Tim Müller,2022-02-16,Basic_50Mbps,"Julius-Conradi-Straße 7-2
08756 Mühlhausen",monthly,electronic_check,True,49.1,49.99,50,244.7
CUST_00264,Sophie Klein,2022-02-18,Standard_200Mbps,"Gerwin-Schleich-Gasse 4
92963 Helmstedt",monthly,mailed_check,True,49.1,79.99,200,16.8
CUST_00265,Emma Meyer,2022-02-20,Premium_1Gbps,"Rene-Mohaupt-Ring 45
10722 Crailsheim",monthly,mailed_check,False,49.0,119.99,1000,1071.0
CUST_00266,Ben Wolf,2022-02-22,Standard_200Mbps,"Hauffergasse 1015
71013 Aurich",monthly,mailed_check,True,48.9,79.99,200,215.6
CUST_00267,Anna Schwarz,2022-02-24,Standard_200Mbps,"Erhardt-Binner-Platz 98/94
12823 Siegen",monthly,mailed_check,True,48.9,79.99,200,103.1
CUST_00268,Emma Fischer,2022-02-26,Standard_200Mbps,"Stanislaw-Mosemann-Ring 7371
26877 Kassel",monthly,electronic_check,True,48.8,71.991,200,190.1
CUST_00269,David Weber,2022-02-28,Standard_200Mbps,"Raisa-Stiffel-Straße 2/6
36707 Gadebusch",annual,bank_transfer,True,48.7,79.99,200,585.3
CUST_00270,David Neumann,2022-03-02,Basic_50Mbps,"Hans-Bernd-Steinberg-Weg 6149
70040 Hettstedt",monthly,mailed_check,True,48.7,49.99,50,109.1
CUST_00271,Julia Braun,2022-03-04,Premium_1Gbps,"Amalie-Kruschwitz-Ring 2-8
69962 Göttingen",annual,credit_card,True,48.6,119.99,1000,64.2
CUST_00272,Leon Wolf,2022-03-06,Premium_1Gbps,"Denise-Juncken-Platz 542
32623 Marienberg",2-year,bank_transfer,True,48.5,119.99,1000,41.5
CUST_00273,Lisa Neumann,2022-03-08,Premium_1Gbps,"Mülichenallee 319
59008 Roding",annual,mailed_check,False,48.5,107.991,1000,106.1
CUST_00274,Lena Schwarz,2022-03-10,Premium_1Gbps,"Liebeltallee 16-76
12332 Wittmund",monthly,electronic_check,True,48.4,119.99,1000,454.3
CUST_00275,David Meyer,2022-03-12,Standard_200Mbps,"Andersstraße 948
35463 Forchheim",monthly,electronic_check,False,48.3,79.99,200,191.4
CUST_00276,Sarah Wolf,2022-03-14,Standard_200Mbps,"Nohlmansallee 508
90405 Hoyerswerda",monthly,mailed_check,False,48.3,79.99,200,77.4
CUST_00277,Paul Becker,2022-03-16,Standard_200Mbps,"Hövelplatz 35/36
17050 Meiningen",monthly,electronic_check,False,48.2,79.99,200,54.5
CUST_00278,Paul Neumann,2022-03-18,Standard_200Mbps,"Gehringerallee 99-89
09494 Eckernförde",2-year,mailed_check,True,48.1,79.99,200,121.4
CUST_00279,Sarah Becker,2022-03-20,Standard_200Mbps,"Edelgard-Gertz-Straße 548
88445 Sulzbach-Rosenberg",monthly,mailed_check,True,48.1,71.991,200,843.6
CUST_00280,Paul Wolf,2022-03-22,Standard_200Mbps,"Klappstraße 2
25866 Schongau",monthly,credit_card,False,48.0,79.99,200,126.0
CUST_00281,Lukas Hoffmann,2022-03-24,Premium_1Gbps,"Sven-Hethur-Straße 73-84
40749 Melle",annual,bank_transfer,True,47.9,107.991,1000,1330.0
CUST_00282,Emma Schulz,2022-03-26,Basic_50Mbps,"Gutknechtweg 32
45029 Erkelenz",annual,bank_transfer,True,47.9,49.99,50,199.2
CUST_00283,Leon Koch,2022-03-28,Standard_200Mbps,"Klothilde-Krein-Straße 7-4
43395 Hildesheim",annual,mailed_check,False,47.8,79.99,200,59.2
CUST_00284,Julia Schneider,2022-03-30,Basic_50Mbps,"Rosenowallee 83
10057 Stendal",monthly,credit_card,False,47.7,44.991,50,665.3
CUST_00285,Tim Weber,2022-04-01,Standard_200Mbps,"Magnus-Kraus-Gasse 4/8
10746 Dessau",monthly,credit_card,True,47.7,79.99,200,185.1
CUST_00286,Emma Richter,2022-04-03,Basic_50Mbps,"Ljubica-Aumann-Straße 63/69
29016 Duderstadt",annual,bank_transfer,True,47.6,49.99,50,371.0
CUST_00287,Tim Wagner,2022-04-05,Standard_200Mbps,"Rahel-Loos-Straße 13
12055 Worbis",monthly,electronic_check,True,47.5,79.99,200,1235.2
CUST_00288,Lukas Klein,2022-04-07,Standard_200Mbps,"Jörn-Meyer-Gasse 8536
95978 Altötting",monthly,bank_transfer,False,47.5,79.99,200,15.4
CUST_00289,Lena Koch,2022-04-09,Basic_50Mbps,"Beyergasse 50/71
99250 Waldmünchen",monthly,mailed_check,False,47.4,49.99,50,30.5
CUST_00290,Julia Wolf,2022-04-11,Standard_200Mbps,"Huhnplatz 600
51291 Geldern",monthly,credit_card,True,47.3,79.99,200,382.4
CUST_00291,Lena Schmidt,2022-04-13,Basic_50Mbps,"Micha-Kraushaar-Allee 51
11084 Biedenkopf",monthly,mailed_check,True,47.3,49.99,50,99.3
CUST_00292,Felix Klein,2022-04-15,Basic_50Mbps,"Andersallee 33-29
39757 Bützow",monthly,bank_transfer,False,47.2,44.991,50,61.1
CUST_00293,Jonas Zimmermann,2022-04-17,Premium_1Gbps,"Patrizia-Tröst-Ring 457
77806 Einbeck",annual,bank_transfer,True,47.1,119.99,1000,12.0
CUST_00294,Max Zimmermann,2022-04-19,Standard_200Mbps,"Dobesstraße 9-8
02834 Merseburg",annual,mailed_check,True,47.1,79.99,200,6.6
CUST_00295,Jonas Schröder,2022-04-21,Basic_50Mbps,"Preißallee 24/14
71882 Osterburg",2-year,credit_card,False,47.0,49.99,50,446.8
CUST_00296,Max Bauer,2022-04-23,Standard_200Mbps,"Rustplatz 1-4
67310 Bogen",monthly,credit_card,True,46.9,79.99,200,43.3
CUST_00297,Mia Richter,2022-04-25,Standard_200Mbps,"Silva-Hartmann-Ring 32/99
90091 Büsingen am Hochrhein",monthly,bank_transfer,True,46.9,71.991,200,189.2
CUST_00298,Lena Schwarz,2022-04-27,Basic_50Mbps,"Gabriele-Albers-Platz 6161
03422 Sigmaringen",monthly,credit_card,True,46.8,44.991,50,279.3
CUST_00299,Julia Braun,2022-04-29,Standard_200Mbps,"Hornigstraße 93/21
36481 Wolfach",annual,credit_card,True,46.7,79.99,200,167.8
CUST_00300,Emma Schröder,2022-05-01,Basic_50Mbps,"Junckplatz 45-22
55623 Konstanz",annual,bank_transfer,False,46.7,49.99,50,8.2
CUST_00301,Emma Schulz,2022-05-03,Basic_50Mbps,"Scheuermannallee 44
62521 Vilsbiburg",monthly,electronic_check,True,46.6,44.991,50,459.1
CUST_00302,Lena Schröder,2022-05-05,Standard_200Mbps,"Häringallee 528
64826 Wertingen",2-year,mailed_check,False,46.5,79.99,200,3.2
CUST_00303,Max Richter,2022-05-07,Standard_200Mbps,"Müllergasse 6-2
76299 Bad Liebenwerda",monthly,mailed_check,True,46.5,79.99,200,430.5
CUST_00304,Leon Richter,2022-05-09,Standard_200Mbps,"Warmerstr. 34
87152 Hannover",annual,bank_transfer,True,46.4,79.99,200,671.3
CUST_00305,Laura Wolf,2022-05-11,Standard_200Mbps,"Arno-Söding-Allee 90/97
57614 Dinkelsbühl",annual,electronic_check,True,46.3,79.99,200,170.1
CUST_00306,Tim Braun,2022-05-13,Premium_1Gbps,"Karina-Cichorius-Weg 9387
88382 Kleve",2-year,bank_transfer,True,46.3,107.991,1000,230.1
CUST_00307,Julia Müller,2022-05-15,Standard_200Mbps,"Karola-Gutknecht-Ring 3-1
41087 Herzberg",annual,credit_card,True,46.2,79.99,200,194.4
CUST_00308,Jonas Zimmermann,2022-05-17,Basic_50Mbps,"Ludmilla-Dietz-Ring 16/20
79726 Sömmerda",2-year,mailed_check,True,46.1,49.99,50,147.9
CUST_00309,Noah Müller,2022-05-19,Standard_200Mbps,"Walterring 889
58444 Klötze",monthly,credit_card,True,46.1,79.99,200,655.2
CUST_00310,Lukas Klein,2022-05-21,Basic_50Mbps,"Erhardt-Fritsch-Weg 2
33924 München",2-year,bank_transfer,True,46.0,49.99,50,673.1
CUST_00311,Tim Wolf,2022-05-23,Standard_200Mbps,"Zorbachring 6859
01546 Waldmünchen",monthly,mailed_check,False,45.9,79.99,200,122.8
CUST_00312,Laura Schmidt,2022-05-25,Basic_50Mbps,"Ackermannweg 5/7
71296 Wanzleben",2-year,electronic_check,True,45.9,49.99,50,286.4
CUST_00313,Paul Richter,2022-05-27,Basic_50Mbps,"Röhrdanzstr. 260
93740 Jessen",annual,mailed_check,False,45.8,44.991,50,784.8
CUST_00314,Leon Wagner,2022-05-29,Premium_1Gbps,"Etzlerweg 0
22557 Rudolstadt",2-year,electronic_check,True,45.7,119.99,1000,981.5
CUST_00315,David Koch,2022-05-31,Premium_1Gbps,"Ortrun-Pechel-Platz 6215
48926 Erbisdorf",monthly,electronic_check,True,45.7,119.99,1000,213.4
CUST_00316,Leon Richter,2022-06-02,Standard_200Mbps,"Marie-Gnatz-Gasse 647
21537 Mainburg",annual,credit_card,True,45.6,71.991,200,180.9
CUST_00317,Paul Klein,2022-06-04,Standard_200Mbps,"Friedemann-Beckmann-Straße 38
64007 Sondershausen",annual,bank_transfer,True,45.5,79.99,200,98.0
CUST_00318,Paul Schneider,2022-06-06,Basic_50Mbps,"Röhrdanzring 96/28
63875 Sömmerda",annual,bank_transfer,True,45.5,44.991,50,957.3
CUST_00319,Sarah Müller,2022-06-08,Basic_50Mbps,"Inge-Gude-Ring 4/6
25687 Artern",monthly,mailed_check,False,45.4,49.99,50,46.2
CUST_00320,Julia Schmidt,2022-06-10,Basic_50Mbps,"Ramona-Hartmann-Straße 51/36
95219 Kulmbach",monthly,mailed_check,False,45.3,49.99,50,260.1
CUST_00321,Hannah Becker,2022-06-12,Standard_200Mbps,"Spießplatz 6-9
70977 Eichstätt",monthly,electronic_check,True,45.3,79.99,200,99.6
CUST_00322,Lukas Schmidt,2022-06-14,Standard_200Mbps,"Hermann Josef-Briemer-Straße 59/88
05406 Kamenz",monthly,electronic_check,True,45.2,79.99,200,98.1
CUST_00323,Max Becker,2022-06-16,Standard_200Mbps,"Ricardo-Trommler-Straße 87-37
24089 Neuruppin",2-year,mailed_check,False,45.1,79.99,200,155.7
CUST_00324,Felix Müller,2022-06-18,Basic_50Mbps,"Margrafweg 5295
52849 Zschopau",monthly,bank_transfer,True,45.1,49.99,50,2015.9
CUST_00325,Lisa Weber,2022-06-20,Premium_1Gbps,"Karl-Dieter-Dörr-Straße 22-30
64322 Dinslaken",2-year,electronic_check,False,45.0,119.99,1000,17.0
CUST_00326,Emma Weber,2022-06-22,Standard_200Mbps,"Ahmed-Kroker-Ring 1/8
98554 Gadebusch",monthly,electronic_check,False,44.9,79.99,200,259.2
CUST_00327,Sarah Fischer,2022-06-24,Standard_200Mbps,"Eberthgasse 154
27923 Pirmasens",monthly,electronic_check,False,44.9,71.991,200,25.9
CUST_00328,Noah Wagner,2022-06-26,Standard_200Mbps,"Caroline-Söding-Platz 89/96
10911 Bremen",annual,credit_card,True,44.8,79.99,200,50.4
CUST_00329,David Schulz,2022-06-28,Standard_200Mbps,"Marcus-Kramer-Ring 32/88
94474 Hamburg",annual,mailed_check,True,44.7,71.991,200,173.7
CUST_00330,Hannah Meyer,2022-06-30,Basic_50Mbps,"Bohnbachgasse 16-21
18099 Burgdorf",monthly,credit_card,True,44.7,49.99,50,214.3
CUST_00331,Lisa Braun,2022-07-02,Standard_200Mbps,"Priska-Gorlitz-Platz 33/85
56613 Genthin",annual,bank_transfer,True,44.6,79.99,200,89.8
CUST_00332,Sophie Meyer,2022-07-04,Standard_200Mbps,"Loni-Hornig-Weg 9/3
36676 Schrobenhausen",annual,credit_card,False,44.5,71.991,200,114.1
CUST_00333,Mia Fischer,2022-07-06,Basic_50Mbps,"Semra-Döring-Gasse 40-88
16319 Ribnitz-Damgarten",monthly,mailed_check,True,44.5,49.99,50,27.3
CUST_00334,Noah Müller,2022-07-08,Basic_50Mbps,"Bachmannplatz 187
64737 Badalzungen",2-year,electronic_check,True,44.4,49.99,50,108.4
CUST_00335,Mia Zimmermann,2022-07-10,Basic_50Mbps,"Gröttnerstraße 8-3
22436 Burgdorf",2-year,credit_card,False,44.3,49.99,50,1019.4
CUST_00336,Jonas Richter,2022-07-12,Basic_50Mbps,"Cordula-Schuster-Weg 59-38
29405 Stuttgart",annual,bank_transfer,False,44.3,44.991,50,868.5
CUST_00337,Felix Schneider,2022-07-14,Premium_1Gbps,"Stiebitzplatz 6-4
12420 Rathenow",monthly,mailed_check,False,44.2,119.99,1000,122.3
CUST_00338,Noah Becker,2022-07-16,Standard_200Mbps,"Marc-Möchlichen-Weg 3-4
62964 Dieburg",annual,bank_transfer,False,44.1,79.99,200,253.8
CUST_00339,Sophie Hoffmann,2022-07-18,Standard_200Mbps,"Frank-Peter-Adler-Straße 3
73359 Rathenow",monthly,credit_card,True,44.1,79.99,200,721.0
CUST_00340,Lisa Fischer,2022-07-20,Basic_50Mbps,"Hölzenbecherring 44-19
52874 Parsberg",monthly,mailed_check,True,44.0,49.99,50,1.9
CUST_00341,Noah Schmidt,2022-07-22,Standard_200Mbps,"Schenkallee 55
79059 Naila",monthly,electronic_check,False,43.9,79.99,200,499.3
CUST_00342,Hannah Schwarz,2022-07-24,Standard_200Mbps,"Christl-Täsche-Gasse 75/13
85177 Grevenbroich",monthly,credit_card,True,43.9,71.991,200,889.1
CUST_00343,Lena Bauer,2022-07-26,Basic_50Mbps,"Ditmar-Binner-Straße 8-2
59765 Schmölln",2-year,credit_card,True,43.8,49.99,50,28.7
CUST_00344,Lukas Neumann,2022-07-28,Standard_200Mbps,"Metzstr. 6744
44637 Eggenfelden",annual,bank_transfer,True,43.7,79.99,200,52.8
CUST_00345,Leon Müller,2022-07-30,Standard_200Mbps,"Sigismund-Gieß-Platz 4
98081 Bitterfeld",annual,electronic_check,True,43.7,79.99,200,971.3
CUST_00346,Lena Schröder,2022-08-01,Standard_200Mbps,"Junckengasse 61/62
96308 Bad Kissingen",monthly,electronic_check,False,43.6,79.99,200,231.4
CUST_00347,Sophie Klein,2022-08-03,Standard_200Mbps,"Felix-Jüttner-Straße 4064
05220 Eisenach",monthly,electronic_check,True,43.5,79.99,200,4.3
CUST_00348,Hannah Wolf,2022-08-05,Basic_50Mbps,"Jolanthe-Fischer-Ring 7-2
37118 Rudolstadt",monthly,bank_transfer,True,43.5,49.99,50,89.4
CUST_00349,Tim Klein,2022-08-07,Standard_200Mbps,"Ruppersbergerallee 7-1
37170 Lüneburg",2-year,mailed_check,True,43.4,79.99,200,179.3
CUST_00350,Laura Neumann,2022-08-09,Standard_200Mbps,"Mielcarekplatz 4470
89737 Eisenach",monthly,credit_card,True,43.3,79.99,200,354.2
CUST_00351,Paul Braun,2022-08-11,Standard_200Mbps,"Wirthstr. 63-32
52060 Scheinfeld",2-year,mailed_check,True,43.3,79.99,200,396.3
CUST_00352,Julia Schröder,2022-08-13,Premium_1Gbps,"Haeringallee 51-35
37571 Wolgast",annual,electronic_check,True,43.2,119.99,1000,1615.9
CUST_00353,David Klein,2022-08-15,Standard_200Mbps,"Trommlerring 6
64998 Ueckermünde",monthly,mailed_check,False,43.1,79.99,200,101.7
CUST_00354,Noah Schulz,2022-08-17,Basic_50Mbps,"Karl-Kramer-Weg 186
48849 Altentreptow",annual,electronic_check,True,43.1,49.99,50,231.8
CUST_00355,Leon Becker,2022-08-19,Basic_50Mbps,"Cläre-Lange-Ring 9
64973 Heiligenstadt",monthly,electronic_check,True,43.0,49.99,50,228.6
CUST_00356,Lukas Schulz,2022-08-21,Standard_200Mbps,"Truppplatz 4/4
24422 Magdeburg",2-year,credit_card,True,42.9,79.99,200,156.1
CUST_00357,David Becker,2022-08-23,Basic_50Mbps,"Wera-Noack-Straße 4
36980 München",2-year,electronic_check,True,42.9,49.99,50,55.6
CUST_00358,David Zimmermann,2022-08-25,Standard_200Mbps,"Krokerring 7
21867 Olpe",monthly,credit_card,True,42.8,79.99,200,1137.7
CUST_00359,Lisa Richter,2022-08-27,Premium_1Gbps,"Charles-Scholl-Gasse 29-14
24920 Staffelstein",monthly,mailed_check,False,42.7,119.99,1000,575.8
CUST_00360,Leon Müller,2022-08-29,Standard_200Mbps,"Urban-Dobes-Ring 49
49350 Hansestadttralsund",annual,credit_card,True,42.7,71.991,200,206.9
CUST_00361,Sarah Koch,2022-08-31,Standard_200Mbps,"Löwerweg 320
51931 Gelnhausen",2-year,credit_card,False,42.6,71.991,200,277.3
CUST_00362,Laura Schröder,2022-09-02,Standard_200Mbps,"Kabusgasse 3-8
29786 Wetzlar",monthly,mailed_check,True,42.5,79.99,200,77.3
CUST_00363,Felix Bauer,2022-09-04,Standard_200Mbps,"Hans Jörg-Jungfer-Gasse 4
08969 Gadebusch",annual,bank_transfer,True,42.5,79.99,200,235.4
CUST_00364,Paul Koch,2022-09-06,Standard_200Mbps,"Hörlestr. 40/10
26767 Waldmünchen",annual,mailed_check,True,42.4,79.99,200,356.2
CUST_00365,Paul Braun,2022-09-08,Premium_1Gbps,"Theda-Weinhage-Gasse 51
27349 Duderstadt",annual,mailed_check,False,42.3,119.99,1000,217.2
CUST_00366,Paul Schwarz,2022-09-10,Standard_200Mbps,"Jesselweg 7/9
75528 Hildesheim",monthly,credit_card,True,42.3,79.99,200,1390.2
CUST_00367,Max Neumann,2022-09-12,Premium_1Gbps,"Kohlring 57/12
17973 Vilsbiburg",annual,credit_card,True,42.2,107.991,1000,283.5
CUST_00368,Felix Schneider,2022-09-14,Premium_1Gbps,"Salzstr. 7538
81661 Norden",2-year,mailed_check,True,42.1,119.99,1000,139.1
CUST_00369,Emma Klein,2022-09-16,Basic_50Mbps,"Benderring 77/75
90786 Holzminden",monthly,bank_transfer,True,42.1,44.991,50,443.7
CUST_00370,Sarah Schwarz,2022-09-18,Basic_50Mbps,"Justine-Faust-Gasse 47
12157 Saarbrücken",monthly,electronic_check,True,42.0,44.991,50,56.1
CUST_00371,Emma Schröder,2022-09-20,Basic_50Mbps,"Christl-Höfig-Allee 5069
39668 Mühlhausen",2-year,electronic_check,True,41.9,49.99,50,145.6
CUST_00372,Sarah Wolf,2022-09-22,Basic_50Mbps,"Jonathan-Gutknecht-Platz 2975
78587 Osterode am Harz",monthly,electronic_check,True,41.9,49.99,50,127.8
CUST_00373,Max Schneider,2022-09-24,Basic_50Mbps,"Girschnergasse 407
10292 Rothenburg ob der Tauber",2-year,electronic_check,True,41.8,44.991,50,169.6
CUST_00374,Mia Becker,2022-09-26,Standard_200Mbps,"Schlosserstr. 3654
19519 Lobenstein",monthly,mailed_check,True,41.7,79.99,200,456.7
CUST_00375,Jonas Becker,2022-09-28,Basic_50Mbps,"Pölitzring 8/2
74488 Dinslaken",monthly,electronic_check,False,41.7,49.99,50,198.6
CUST_00376,Mia Zimmermann,2022-09-30,Basic_50Mbps,"Natali-Jüttner-Allee 7/3
76773 Beeskow",2-year,bank_transfer,False,41.6,49.99,50,474.0
CUST_00377,Hannah Schröder,2022-10-02,Premium_1Gbps,"Margitta-Johann-Ring 8
17598 Erfurt",monthly,bank_transfer,False,41.5,119.99,1000,257.8
CUST_00378,Julia Neumann,2022-10-04,Basic_50Mbps,"Rabea-Karz-Gasse 71
66362 Strausberg",annual,electronic_check,True,41.5,49.99,50,125.6
CUST_00379,Hannah Klein,2022-10-06,Premium_1Gbps,"Cäcilia-Speer-Allee 7/8
69923 Bremen",monthly,mailed_check,True,41.4,107.991,1000,498.2
CUST_00380,Julia Koch,2022-10-08,Basic_50Mbps,"Edeltraud-Hornig-Platz 51-83
35848 Badoberan",annual,electronic_check,True,41.3,49.99,50,81.7
CUST_00381,Hannah Wolf,2022-10-10,Basic_50Mbps,"Geraldine-Röhricht-Straße 5597
05259 Jülich",monthly,electronic_check,True,41.3,44.991,50,76.2
CUST_00382,Paul Hoffmann,2022-10-12,Standard_200Mbps,"Fischergasse 40/79
31034 Berlin",monthly,electronic_check,True,41.2,71.991,200,210.7
CUST_00383,Paul Becker,2022-10-14,Standard_200Mbps,"Hübelallee 4
38295 Schweinfurt",2-year,electronic_check,True,41.1,79.99,200,90.7
CUST_00384,Sophie Wagner,2022-10-16,Premium_1Gbps,"Luis-Zänker-Allee 2-2
11598 Aurich",monthly,mailed_check,True,41.1,119.99,1000,2.7
CUST_00385,Leon Fischer,2022-10-18,Standard_200Mbps,"Gisbert-Etzler-Gasse 8
01397 Gerolzhofen",annual,bank_transfer,True,41.0,79.99,200,313.5
CUST_00386,Julia Meyer,2022-10-20,Premium_1Gbps,"Helga-Klingelhöfer-Gasse 727
78947 Vilsbiburg",monthly,mailed_check,False,40.9,119.99,1000,214.7
CUST_00387,Felix Wagner,2022-10-22,Basic_50Mbps,"Salzallee 1-9
23639 Ravensburg",annual,bank_transfer,True,40.9,49.99,50,176.9
CUST_00388,Sarah Schulz,2022-10-24,Basic_50Mbps,"Zoltan-Fliegner-Gasse 76
19534 Biedenkopf",monthly,mailed_check,True,40.8,44.991,50,1023.1
CUST_00389,Noah Neumann,2022-10-26,Standard_200Mbps,"Hanne-Trapp-Gasse 1631
58435 Demmin",2-year,electronic_check,True,40.7,71.991,200,254.0
CUST_00390,Lisa Hoffmann,2022-10-28,Premium_1Gbps,"Hornichallee 52
20302 Wernigerode",monthly,electronic_check,True,40.7,107.991,1000,597.3
CUST_00391,Sophie Wagner,2022-10-30,Premium_1Gbps,"Heidrichstr. 580
60585 Oberviechtach",monthly,bank_transfer,True,40.6,107.991,1000,45.1
CUST_00392,Mia Becker,2022-11-01,Standard_200Mbps,"Lorenz-Tlustek-Platz 783
42961 Lübben",monthly,credit_card,False,40.5,79.99,200,252.6
CUST_00393,Hannah Meyer,2022-11-03,Standard_200Mbps,"Kata-Pärtzelt-Allee 4514
66223 Wertingen",monthly,mailed_check,False,40.5,79.99,200,607.4
CUST_00394,Mia Müller,2022-11-05,Standard_200Mbps,"Falk-Herrmann-Platz 495
50409 Hildburghausen",annual,credit_card,True,40.4,71.991,200,262.5
CUST_00395,Julia Weber,2022-11-07,Basic_50Mbps,"Käthe-Siering-Allee 6
58904 Northeim",monthly,electronic_check,False,40.3,49.99,50,379.8
CUST_00396,Paul Schmidt,2022-11-09,Premium_1Gbps,"Reinhardtweg 96/49
87120 Döbeln",2-year,bank_transfer,False,40.3,119.99,1000,139.6
CUST_00397,Anna Schwarz,2022-11-11,Premium_1Gbps,"Kevin-Bolander-Platz 1054
53289 Herford",monthly,credit_card,False,40.2,119.99,1000,29.1
CUST_00398,Mia Weber,2022-11-13,Standard_200Mbps,"Carin-Steuer-Weg 3291
35164 Passau",monthly,credit_card,False,40.1,71.991,200,183.7
CUST_00399,Sarah Fischer,2022-11-15,Standard_200Mbps,"Bruderstr. 82/67
35128 Sternberg",annual,mailed_check,True,40.1,71.991,200,150.5
CUST_00400,Max Zimmermann,2022-11-17,Standard_200Mbps,"Löwerstr. 3-9
50402 Merseburg",annual,mailed_check,True,40.0,71.991,200,605.4
CUST_00401,Mia Schröder,2022-11-19,Basic_50Mbps,"Lore-Niemeier-Straße 1
58288 Hünfeld",monthly,bank_transfer,True,39.9,44.991,50,83.9
CUST_00402,Sarah Wolf,2022-11-21,Premium_1Gbps,"Fechnerstr. 11
67374 Querfurt",monthly,credit_card,True,39.9,119.99,1000,1021.0
CUST_00403,Leon Meyer,2022-11-23,Standard_200Mbps,"Gabi-Mentzel-Weg 81/95
01944 Suhl",monthly,mailed_check,False,39.8,79.99,200,952.0
CUST_00404,Anna Schulz,2022-11-25,Premium_1Gbps,"Ladeckallee 891
85979 Lippstadt",annual,bank_transfer,True,39.7,119.99,1000,85.4
CUST_00405,Sarah Fischer,2022-11-27,Basic_50Mbps,"Mendeplatz 0
00007 Meißen",annual,electronic_check,False,39.7,49.99,50,128.3
CUST_00406,Lukas Richter,2022-11-29,Premium_1Gbps,"Adeline-Aumann-Ring 83/77
09988 Biedenkopf",monthly,mailed_check,False,39.6,119.99,1000,677.7
CUST_00407,Sarah Schneider,2022-12-01,Standard_200Mbps,"Yasmin-Bien-Ring 0
42153 Deggendorf",2-year,bank_transfer,False,39.5,79.99,200,1020.0
CUST_00408,Noah Schmidt,2022-12-03,Basic_50Mbps,"Schwitalstr. 8
79791 Bitterfeld",2-year,bank_transfer,False,39.5,44.991,50,175.8
CUST_00409,Tim Weber,2022-12-05,Premium_1Gbps,"Truppweg 7-8
09194 Kehl",annual,electronic_check,True,39.4,119.99,1000,116.1
CUST_00410,Noah Hoffmann,2022-12-07,Basic_50Mbps,"Ditschlerinring 49-81
17314 Rostock",2-year,mailed_check,True,39.3,49.99,50,224.0
CUST_00411,Lukas Becker,2022-12-09,Basic_50Mbps,"Jacqueline-Mentzel-Weg 9/4
39711 Eckernförde",monthly,electronic_check,True,39.3,44.991,50,349.2
CUST_00412,Sophie Schwarz,2022-12-11,Premium_1Gbps,"Hölzenbecherplatz 72
28388 Schrobenhausen",monthly,credit_card,True,39.2,107.991,1000,95.8
CUST_00413,Lena Braun,2022-12-13,Premium_1Gbps,"Herlinde-Vogt-Weg 93
61236 Norden",monthly,mailed_check,True,39.1,119.99,1000,400.1
CUST_00414,Lisa Braun,2022-12-15,Standard_200Mbps,"Hellmut-Kroker-Ring 4
06419 Beeskow",monthly,credit_card,True,39.1,79.99,200,15.9
CUST_00415,Emma Neumann,2022-12-17,Standard_200Mbps,"Mühleweg 84
39387 Staßfurt",annual,mailed_check,False,39.0,79.99,200,15.2
CUST_00416,Jonas Wolf,2022-12-19,Standard_200Mbps,"Emil-Walter-Ring 20
55132 Lübeck",2-year,electronic_check,True,38.9,79.99,200,146.5
CUST_00417,David Hoffmann,2022-12-21,Basic_50Mbps,"Dehmelstraße 996
94014 Wernigerode",monthly,bank_transfer,True,38.9,49.99,50,130.8
CUST_00418,Noah Klein,2022-12-23,Basic_50Mbps,"Müllergasse 83
03368 Weimar",monthly,credit_card,True,38.8,44.991,50,113.8
CUST_00419,Mia Zimmermann,2022-12-25,Standard_200Mbps,"Holger-Vollbrecht-Ring 1-2
26694 Stadtsteinach",monthly,credit_card,True,38.7,79.99,200,202.6
CUST_00420,Lisa Schmidt,2022-12-27,Standard_200Mbps,"auch Schlauchinstraße 4-8
10556 Aschaffenburg",2-year,bank_transfer,True,38.7,71.991,200,116.0
CUST_00421,Lisa Fischer,2022-12-29,Standard_200Mbps,"Schomberplatz 97/48
03684 Gadebusch",monthly,credit_card,False,38.6,71.991,200,64.1
CUST_00422,Felix Wagner,2022-12-31,Standard_200Mbps,"Nettestraße 37
19074 Calw",annual,credit_card,True,38.5,79.99,200,111.1
CUST_00423,Paul Schneider,2023-01-02,Basic_50Mbps,"Steven-Etzler-Weg 5623
09456 Burg",monthly,electronic_check,False,38.5,49.99,50,1105.5
CUST_00424,Laura Becker,2023-01-04,Standard_200Mbps,"Tanja-Dörr-Weg 9/8
15286 Schleiz",monthly,mailed_check,True,38.4,79.99,200,158.9
CUST_00425,Laura Schwarz,2023-01-06,Basic_50Mbps,"Ismet-Möchlichen-Allee 34/24
88929 Donaueschingen",2-year,bank_transfer,False,38.3,49.99,50,176.5
CUST_00426,Lukas Meyer,2023-01-08,Standard_200Mbps,"Weißplatz 66
18492 Meppen",2-year,electronic_check,True,38.3,79.99,200,257.8
CUST_00427,Max Klein,2023-01-10,Standard_200Mbps,"Lidia-Boucsein-Gasse 1
39677 Hansestadttralsund",monthly,credit_card,True,38.2,79.99,200,1228.4
CUST_00428,David Braun,2023-01-12,Premium_1Gbps,"Zimmerstraße 4
83663 Kusel",2-year,electronic_check,True,38.1,107.991,1000,83.0
CUST_00429,Sarah Hoffmann,2023-01-14,Standard_200Mbps,"Wohlgemutgasse 76-80
39212 Weimar",annual,bank_transfer,False,38.1,71.991,200,343.0
CUST_00430,Anna Becker,2023-01-16,Basic_50Mbps,"Tobias-Gute-Straße 22
92254 Badibling",2-year,electronic_check,True,38.0,49.99,50,377.6
CUST_00431,Mia Hoffmann,2023-01-18,Basic_50Mbps,"Ekaterina-Stadelmann-Weg 7/6
67772 Quedlinburg",monthly,mailed_check,True,37.9,49.99,50,280.4
CUST_00432,David Schneider,2023-01-20,Standard_200Mbps,"Meik-Seifert-Platz 4-7
07924 Meppen",annual,electronic_check,False,37.9,79.99,200,27.8
CUST_00433,Emma Schulz,2023-01-22,Standard_200Mbps,"Girschnergasse 98-57
08678 Soest",monthly,electronic_check,False,37.8,79.99,200,338.9
CUST_00434,Noah Wagner,2023-01-24,Basic_50Mbps,"Andersstr. 9326
68945 Eichstätt",annual,bank_transfer,True,37.7,49.99,50,19.9
CUST_00435,Lena Fischer,2023-01-26,Basic_50Mbps,"Spießstr. 8-3
55250 Germersheim",monthly,electronic_check,False,37.7,44.991,50,272.0
CUST_00436,Julia Becker,2023-01-28,Standard_200Mbps,"Süleyman-Liebelt-Weg 7510
08702 Bremen",monthly,bank_transfer,True,37.6,79.99,200,403.6
CUST_00437,Tim Schulz,2023-01-30,Basic_50Mbps,"Nikolai-Wilms-Allee 16
13847 Passau",monthly,bank_transfer,True,37.5,49.99,50,71.1
CUST_00438,Tim Schneider,2023-02-01,Premium_1Gbps,"Häringring 61/34
91030 Kyritz",annual,bank_transfer,True,37.5,119.99,1000,552.8
CUST_00439,Anna Meyer,2023-02-03,Standard_200Mbps,"Ibrahim-Tschentscher-Ring 89
48502 Lüneburg",monthly,mailed_check,False,37.4,79.99,200,9.2
CUST_00440,Mia Braun,2023-02-05,Basic_50Mbps,"Karolin-Käster-Straße 8863
91199 Potsdam",annual,credit_card,False,37.3,49.99,50,557.0
CUST_00441,Noah Hoffmann,2023-02-07,Basic_50Mbps,"Hornigstraße 8868
99710 Schwandorf",2-year,mailed_check,True,37.3,49.99,50,185.0
CUST_00442,David Fischer,2023-02-09,Premium_1Gbps,"Heintzegasse 2/8
36982 Reutlingen",monthly,mailed_check,True,37.2,119.99,1000,73.6
CUST_00443,David Hoffmann,2023-02-11,Standard_200Mbps,"Hans-Wolfgang-Beier-Gasse 2-1
85194 Schrobenhausen",annual,electronic_check,True,37.1,79.99,200,43.1
CUST_00444,Jonas Schulz,2023-02-13,Standard_200Mbps,"Petra-Zimmer-Platz 8
82186 Sankt Goar",monthly,electronic_check,False,37.1,79.99,200,919.2
CUST_00445,Ben Schwarz,2023-02-15,Premium_1Gbps,"Bachmannstraße 5
72630 Potsdam",2-year,mailed_check,False,37.0,119.99,1000,22.6
CUST_00446,Sarah Wolf,2023-02-17,Premium_1Gbps,"Birnbaumgasse 95-69
21309 Zossen",monthly,bank_transfer,True,36.9,119.99,1000,66.6
CUST_00447,Lukas Braun,2023-02-19,Premium_1Gbps,"Mülichenweg 4
56194 Viechtach",annual,bank_transfer,False,36.9,107.991,1000,128.2
CUST_00448,Anna Klein,2023-02-21,Standard_200Mbps,"Evangelos-Nerger-Gasse 2332
88401 Eichstätt",2-year,credit_card,False,36.8,79.99,200,290.5
CUST_00449,Leon Braun,2023-02-23,Standard_200Mbps,"Karl-Friedrich-Dörschner-Gasse 65
61686 Emmendingen",2-year,credit_card,True,36.7,79.99,200,236.1
CUST_00450,Paul Müller,2023-02-25,Basic_50Mbps,"Schinkeallee 7278
05460 Greiz",annual,bank_transfer,True,36.7,49.99,50,40.3
CUST_00451,Lukas Becker,2023-02-27,Standard_200Mbps,"Wenzel-Neuschäfer-Ring 693
45007 Schwandorf",monthly,bank_transfer,True,36.6,79.99,200,102.6
CUST_00452,Noah Zimmermann,2023-03-01,Standard_200Mbps,"Adeline-auch Schlauchin-Allee 5
03272 Gifhorn",annual,electronic_check,True,36.5,79.99,200,81.8
CUST_00453,Max Schulz,2023-03-03,Standard_200Mbps,"Wilmsgasse 78/18
90089 Rastatt",2-year,mailed_check,True,36.5,79.99,200,72.1
CUST_00454,Noah Schmidt,2023-03-05,Premium_1Gbps,"Manuela-Bolnbach-Platz 7-2
52105 Tirschenreuth",annual,bank_transfer,True,36.4,119.99,1000,158.9
CUST_00455,Laura Schröder,2023-03-07,Basic_50Mbps,"Beerstraße 1
74103 Wiedenbrück",monthly,mailed_check,False,36.3,49.99,50,365.3
CUST_00456,Ben Wolf,2023-03-09,Standard_200Mbps,"Ellinor-Süßebier-Ring 7/1
00636 Roth",2-year,credit_card,True,36.3,71.991,200,73.6
CUST_00457,Paul Meyer,2023-03-11,Basic_50Mbps,"Eckhard-Hettner-Allee 65/99
75061 Kleve",annual,mailed_check,True,36.2,49.99,50,137.0
CUST_00458,Noah Klein,2023-03-13,Standard_200Mbps,"Tröststraße 0
14782 Schwerin",annual,mailed_check,True,36.1,71.991,200,148.7
CUST_00459,Sarah Schneider,2023-03-15,Basic_50Mbps,"Carmela-Thanel-Platz 31-64
49718 Sebnitz",monthly,mailed_check,True,36.1,49.99,50,1124.7
CUST_00460,Sarah Bauer,2023-03-17,Basic_50Mbps,"Klingelhöferweg 80
62398 Regensburg",annual,mailed_check,True,36.0,49.99,50,928.1
CUST_00461,Lena Koch,2023-03-19,Basic_50Mbps,"Gretchen-Weinhold-Straße 19/67
48162 Neustadt am Rübenberge",monthly,electronic_check,True,35.9,49.99,50,483.0
CUST_00462,Leon Fischer,2023-03-21,Standard_200Mbps,"Warmerplatz 60
92673 Perleberg",annual,electronic_check,True,35.9,79.99,200,83.0
CUST_00463,Laura Koch,2023-03-23,Standard_200Mbps,"Jüttnerallee 71
11618 Augsburg",monthly,mailed_check,True,35.8,79.99,200,21.1
CUST_00464,Lena Schröder,2023-03-25,Standard_200Mbps,"Eigenwilligstr. 4/9
83855 Greiz",annual,mailed_check,True,35.7,71.991,200,114.3
CUST_00465,Mia Richter,2023-03-27,Premium_1Gbps,"Wesackstr. 31-99
38101 Greifswald",2-year,mailed_check,True,35.7,119.99,1000,93.1
CUST_00466,Julia Schmidt,2023-03-29,Standard_200Mbps,"Paffrathgasse 6
09523 Kelheim",monthly,bank_transfer,False,35.6,79.99,200,211.5
CUST_00467,David Schneider,2023-03-31,Basic_50Mbps,"Hans-Wolfgang-Weihmann-Straße 31/17
42134 Grimmen",2-year,bank_transfer,True,35.5,44.991,50,451.2
CUST_00468,Leon Schulz,2023-04-02,Premium_1Gbps,"Jesselweg 83-32
28959 Spremberg",monthly,credit_card,True,35.5,107.991,1000,586.3
CUST_00469,Leon Fischer,2023-04-04,Basic_50Mbps,"Schomberallee 7
42611 Ludwigsburg",2-year,mailed_check,False,35.4,49.99,50,559.0
CUST_00470,Jonas Neumann,2023-04-06,Premium_1Gbps,"Geißlerstr. 7/6
72654 Neustrelitz",annual,mailed_check,True,35.3,119.99,1000,133.7
CUST_00471,Max Schwarz,2023-04-08,Basic_50Mbps,"Briemerweg 84-12
46365 Vohenstrauß",annual,bank_transfer,True,35.3,49.99,50,348.7
CUST_00472,David Klein,2023-04-10,Premium_1Gbps,"Seifertgasse 2-6
71188 Bogen",annual,electronic_check,False,35.2,119.99,1000,112.6
CUST_00473,Anna Wagner,2023-04-12,Basic_50Mbps,"Caren-Birnbaum-Weg 4-6
38157 Hersbruck",2-year,electronic_check,True,35.1,49.99,50,18.9
CUST_00474,Ben Bauer,2023-04-14,Premium_1Gbps,"Junitzgasse 85/80
91028 Potsdam",monthly,electronic_check,True,35.1,119.99,1000,362.8
CUST_00475,Lisa Schröder,2023-04-16,Standard_200Mbps,"Fechnerstraße 4-6
99945 Hannoversch Münden",monthly,mailed_check,False,35.0,79.99,200,3.0
CUST_00476,David Schmidt,2023-04-18,Premium_1Gbps,"Ernst-August-Weinhold-Straße 3
12158 Ravensburg",annual,electronic_check,False,34.9,119.99,1000,157.9
CUST_00477,Felix Schulz,2023-04-20,Basic_50Mbps,"Joerg-Kraus-Straße 1565
10165 Malchin",2-year,credit_card,False,34.9,49.99,50,119.9
CUST_00478,Julia Weber,2023-04-22,Standard_200Mbps,"Gilbert-Reising-Gasse 6/7
66524 Ingolstadt",annual,electronic_check,True,34.8,79.99,200,354.6
CUST_00479,Mia Wolf,2023-04-24,Premium_1Gbps,"Wagnerring 57
96746 Badoberan",annual,credit_card,True,34.7,119.99,1000,436.0
CUST_00480,Sarah Fischer,2023-04-26,Standard_200Mbps,"Canan-Roskoth-Ring 56/10
57716 Hannoversch Münden",monthly,electronic_check,True,34.7,79.99,200,108.8
CUST_00481,Max Braun,2023-04-28,Standard_200Mbps,"Bolnbachgasse 2898
61387 Hainichen",2-year,bank_transfer,True,34.6,71.991,200,500.8
CUST_00482,Emma Meyer,2023-04-30,Standard_200Mbps,"Uschi-Benthin-Weg 35/56
95575 Suhl",monthly,electronic_check,True,34.5,79.99,200,104.4
CUST_00483,Mia Schwarz,2023-05-02,Standard_200Mbps,"Gunter-Henschel-Straße 6-1
87540 Königs Wusterhausen",annual,electronic_check,True,34.5,79.99,200,177.4
CUST_00484,Max Schwarz,2023-05-04,Standard_200Mbps,"Nergerweg 220
94507 Ludwigslust",monthly,credit_card,False,34.4,79.99,200,389.5
CUST_00485,Lena Schneider,2023-05-06,Standard_200Mbps,"Täschegasse 2/6
29005 Weißenfels",monthly,mailed_check,True,34.3,79.99,200,354.2
CUST_00486,Emma Fischer,2023-05-08,Premium_1Gbps,"Matthäiplatz 28/37
99263 Groß-Gerau",monthly,electronic_check,True,34.3,119.99,1000,1311.5
CUST_00487,David Fischer,2023-05-10,Basic_50Mbps,"Aziz-Wernecke-Weg 757
97788 Bayreuth",monthly,mailed_check,True,34.2,44.991,50,76.5
CUST_00488,Tim Schröder,2023-05-12,Basic_50Mbps,"Schwitalallee 61
16450 Flöha",annual,electronic_check,True,34.1,49.99,50,325.7
CUST_00489,Mia Neumann,2023-05-14,Premium_1Gbps,"Wojciech-Jäntsch-Straße 68
45768 Hersbruck",monthly,mailed_check,True,34.1,119.99,1000,282.2
CUST_00490,Paul Klein,2023-05-16,Premium_1Gbps,"Fechnergasse 9
81865 Aue",monthly,bank_transfer,True,34.0,119.99,1000,739.9
CUST_00491,Sarah Schröder,2023-05-18,Standard_200Mbps,"Felizitas-Liebelt-Allee 6/9
62542 Reutlingen",monthly,bank_transfer,True,33.9,79.99,200,51.0
CUST_00492,Emma Wolf,2023-05-20,Standard_200Mbps,"Patbergstr. 4-9
00534 Güstrow",monthly,bank_transfer,True,33.9,79.99,200,418.1
CUST_00493,Julia Weber,2023-05-22,Basic_50Mbps,"Kordula-Wulff-Ring 1
55660 Zeulenroda",monthly,electronic_check,False,33.8,49.99,50,252.0
CUST_00494,Jonas Wagner,2023-05-24,Basic_50Mbps,"Heuserstraße 84-73
73909 Lübben",monthly,bank_transfer,False,33.7,49.99,50,96.3
CUST_00495,Lisa Neumann,2023-05-26,Standard_200Mbps,"Horst-Peter-Mühle-Weg 83/34
74362 Roding",annual,mailed_check,True,33.7,79.99,200,193.0
CUST_00496,Tim Schneider,2023-05-28,Standard_200Mbps,"Deborah-Scholl-Ring 6148
29338 Schwäbisch Hall",annual,mailed_check,True,33.6,79.99,200,121.8
CUST_00497,Paul Klein,2023-05-30,Standard_200Mbps,"Köhlergasse 46-35
23447 Marienberg",annual,mailed_check,False,33.5,79.99,200,259.8
CUST_00498,Leon Neumann,2023-06-01,Basic_50Mbps,"Leonie-Etzler-Ring 1
40794 Ochsenfurt",monthly,electronic_check,False,33.5,44.991,50,659.5
CUST_00499,Paul Müller,2023-06-03,Premium_1Gbps,"Heinfried-Bloch-Straße 3/6
27435 Ebermannstadt",monthly,electronic_check,True,33.4,119.99,1000,252.7
CUST_00500,Mia Hoffmann,2023-06-05,Premium_1Gbps,"Radischweg 56/22
81944 Groß-Gerau",2-year,mailed_check,False,33.3,119.99,1000,299.7
CUST_00501,Noah Zimmermann,2023-06-07,Standard_200Mbps,"Eigenwilligstraße 38
15946 Konstanz",annual,electronic_check,True,33.3,79.99,200,219.4
CUST_00502,Sarah Weber,2023-06-09,Standard_200Mbps,"Schmiedtstraße 59
69987 Riesa",monthly,electronic_check,False,33.2,79.99,200,15.8
CUST_00503,David Schwarz,2023-06-11,Basic_50Mbps,"Mendestraße 5643
82480 Warendorf",monthly,mailed_check,False,33.1,49.99,50,79.5
CUST_00504,Sarah Bauer,2023-06-13,Premium_1Gbps,"Heidi-Ritter-Straße 8
39740 Soltau",monthly,electronic_check,True,33.1,107.991,1000,203.2
CUST_00505,Leon Schwarz,2023-06-15,Standard_200Mbps,"Sagerstraße 557
19513 Stade",monthly,bank_transfer,False,33.0,79.99,200,111.4
CUST_00506,Julia Richter,2023-06-17,Basic_50Mbps,"Denny-Scholtz-Allee 39-53
65690 Soest",monthly,credit_card,True,32.9,49.99,50,60.2
CUST_00507,David Koch,2023-06-19,Premium_1Gbps,"Annita-Wähner-Weg 45/33
18734 Quedlinburg",annual,electronic_check,False,32.9,119.99,1000,210.4
CUST_00508,Felix Becker,2023-06-21,Premium_1Gbps,"Knappeweg 75/94
70976 Naila",annual,mailed_check,True,32.8,107.991,1000,116.9
CUST_00509,Noah Richter,2023-06-23,Premium_1Gbps,"Hellwigallee 9823
67194 Bad Liebenwerda",annual,electronic_check,False,32.7,119.99,1000,89.6
CUST_00510,Emma Klein,2023-06-25,Standard_200Mbps,"Henschelweg 1/7
31031 Rochlitz",annual,electronic_check,True,32.7,79.99,200,187.1
CUST_00511,Anna Koch,2023-06-27,Standard_200Mbps,"Anneli-Hettner-Ring 1
92995 Wesel",2-year,credit_card,True,32.6,71.991,200,42.9
CUST_00512,Sarah Richter,2023-06-29,Standard_200Mbps,"Anatol-Dowerg-Straße 0
67592 Eisleben",annual,electronic_check,True,32.5,79.99,200,788.3
CUST_00513,Jonas Weber,2023-07-01,Premium_1Gbps,"Kemal-Austermühle-Gasse 9
45874 Coburg",2-year,mailed_check,False,32.5,107.991,1000,606.8
CUST_00514,Sarah Schmidt,2023-07-03,Premium_1Gbps,"Eduard-Trapp-Allee 65-14
08960 Uelzen",monthly,mailed_check,False,32.4,119.99,1000,368.9
CUST_00515,Tim Neumann,2023-07-05,Basic_50Mbps,"Gutestraße 6-9
97811 Großenhain",monthly,mailed_check,False,32.3,49.99,50,33.7
CUST_00516,Noah Koch,2023-07-07,Basic_50Mbps,"Ruth-Heydrich-Straße 4129
38469 Dinkelsbühl",monthly,electronic_check,False,32.3,49.99,50,448.7
CUST_00517,Sophie Wolf,2023-07-09,Standard_200Mbps,"Hentschelstraße 6-8
08687 Bergzabern",annual,credit_card,True,32.2,79.99,200,495.0
CUST_00518,Sophie Neumann,2023-07-11,Premium_1Gbps,"Rupert-Hövel-Straße 83/43
79958 Jena",2-year,mailed_check,True,32.1,119.99,1000,438.0
CUST_00519,David Müller,2023-07-13,Premium_1Gbps,"Hethurallee 6-4
66437 Sigmaringen",monthly,electronic_check,True,32.1,107.991,1000,36.3
CUST_00520,Tim Klein,2023-07-15,Basic_50Mbps,"Oswin-Henck-Straße 49
55767 Bogen",2-year,electronic_check,True,32.0,44.991,50,309.8
CUST_00521,Tim Schneider,2023-07-17,Standard_200Mbps,"Albersplatz 9
37007 Hohenstein-Ernstthal",monthly,electronic_check,True,31.9,79.99,200,539.3
CUST_00522,Sarah Schulz,2023-07-19,Standard_200Mbps,"Hofmannstr. 94-44
61555 Deggendorf",2-year,credit_card,True,31.9,79.99,200,258.4
CUST_00523,Leon Braun,2023-07-21,Premium_1Gbps,"Eckbauerstraße 660
29902 Tirschenreuth",monthly,bank_transfer,True,31.8,119.99,1000,311.9
CUST_00524,Jonas Schneider,2023-07-23,Premium_1Gbps,"Warmerallee 3-7
65227 Bruchsal",monthly,bank_transfer,True,31.7,119.99,1000,183.9
CUST_00525,Leon Schwarz,2023-07-25,Premium_1Gbps,"Loretta-Kreusel-Gasse 85
46591 Osterode am Harz",monthly,electronic_check,True,31.7,119.99,1000,225.7
CUST_00526,Jonas Koch,2023-07-27,Standard_200Mbps,"Svea-Lindau-Platz 3-7
49892 Haldensleben",monthly,bank_transfer,True,31.6,79.99,200,10.5
CUST_00527,Sarah Schwarz,2023-07-29,Standard_200Mbps,"Ryszard-Putz-Ring 6-3
22979 Darmstadt",monthly,bank_transfer,False,31.5,79.99,200,305.6
CUST_00528,Anna Braun,2023-07-31,Basic_50Mbps,"Bolzmannstr. 231
94437 Flöha",monthly,electronic_check,False,31.5,49.99,50,25.5
CUST_00529,Lukas Becker,2023-08-02,Basic_50Mbps,"Kathi-Beer-Weg 8
77102 Neuss",2-year,credit_card,False,31.4,49.99,50,171.3
CUST_00530,Mia Becker,2023-08-04,Premium_1Gbps,"Staudestr. 9
60139 Guben",annual,electronic_check,True,31.3,107.991,1000,103.9
CUST_00531,Lukas Klein,2023-08-06,Premium_1Gbps,"Röhrdanzring 92-43
33805 Stuttgart",monthly,electronic_check,True,31.3,119.99,1000,236.5
CUST_00532,Sophie Fischer,2023-08-08,Premium_1Gbps,"Zimmerweg 6-6
55737 Seelow",annual,electronic_check,False,31.2,107.991,1000,43.0
CUST_00533,David Meyer,2023-08-10,Premium_1Gbps,"Stahrplatz 9
76328 Nabburg",annual,bank_transfer,True,31.1,119.99,1000,352.9
CUST_00534,Mia Müller,2023-08-12,Standard_200Mbps,"Hans-Gerhard-Heinrich-Ring 90
68815 Bogen",monthly,credit_card,True,31.1,79.99,200,475.4
CUST_00535,Anna Koch,2023-08-14,Standard_200Mbps,"Rudolphring 1-1
70127 Füssen",monthly,electronic_check,True,31.0,79.99,200,53.5
CUST_00536,Anna Hoffmann,2023-08-16,Premium_1Gbps,"Karzstraße 88-82
87827 Stadtroda",monthly,electronic_check,True,30.9,119.99,1000,33.0
CUST_00537,Hannah Bauer,2023-08-18,Premium_1Gbps,"Austermühlestr. 7261
50937 Göttingen",monthly,electronic_check,True,30.9,119.99,1000,47.2
CUST_00538,Lena Weber,2023-08-20,Basic_50Mbps,"Veronika-Kruschwitz-Weg 953
13149 Mellrichstadt",annual,credit_card,True,30.8,49.99,50,629.0
CUST_00539,Emma Neumann,2023-08-22,Standard_200Mbps,"Trudi-Zobel-Platz 49/41
13753 Deggendorf",monthly,electronic_check,True,30.7,71.991,200,225.4
CUST_00540,Lena Zimmermann,2023-08-24,Basic_50Mbps,"Carolin-Lorch-Gasse 9-1
37152 Lüdenscheid",annual,electronic_check,True,30.7,44.991,50,188.9
CUST_00541,Laura Meyer,2023-08-26,Premium_1Gbps,"Adlerring 61/36
27709 Spremberg",annual,electronic_check,True,30.6,107.991,1000,33.9
CUST_00542,Laura Schneider,2023-08-28,Standard_200Mbps,"Klotzgasse 8
30100 Günzburg",monthly,electronic_check,False,30.5,79.99,200,314.6
CUST_00543,Lisa Richter,2023-08-30,Basic_50Mbps,"Muharrem-Gröttner-Ring 414
69059 Seelow",annual,electronic_check,True,30.5,49.99,50,607.5
CUST_00544,Lisa Becker,2023-09-01,Standard_200Mbps,"Gorlitzweg 1/5
32524 Amberg",monthly,mailed_check,True,30.4,79.99,200,528.4
CUST_00545,Sarah Zimmermann,2023-09-03,Standard_200Mbps,"Sabrina-Ortmann-Ring 54/61
55705 Calw",2-year,credit_card,False,30.3,79.99,200,295.1
CUST_00546,Tim Becker,2023-09-05,Standard_200Mbps,"Henry-Wulf-Straße 1-8
77077 Oranienburg",monthly,mailed_check,True,30.3,79.99,200,23.5
CUST_00547,David Schulz,2023-09-07,Basic_50Mbps,"Dagmar-Jockel-Platz 201
01346 Pritzwalk",2-year,credit_card,True,30.2,44.991,50,35.8
CUST_00548,David Schulz,2023-09-09,Standard_200Mbps,"Balthasar-Kostolzin-Gasse 825
33244 Bad Kreuznach",annual,mailed_check,True,30.1,79.99,200,15.2
CUST_00549,Max Wolf,2023-09-11,Standard_200Mbps,"Henschelstr. 3
49076 Geldern",monthly,mailed_check,True,30.1,79.99,200,89.3
CUST_00550,Mia Schwarz,2023-09-13,Standard_200Mbps,"Atzlergasse 4/9
54108 Senftenberg",annual,credit_card,True,30.0,79.99,200,43.7
CUST_00551,Laura Schneider,2023-09-15,Standard_200Mbps,"Berta-Gunpf-Platz 2236
40137 Grimmen",2-year,bank_transfer,False,29.9,79.99,200,90.4
CUST_00552,David Bauer,2023-09-17,Premium_1Gbps,"Heßallee 91
91670 Neunburg vorm Wald",annual,credit_card,True,29.9,107.991,1000,145.9
CUST_00553,Noah Hoffmann,2023-09-19,Standard_200Mbps,"Petros-Hethur-Weg 637
56933 Bad Brückenau",2-year,electronic_check,True,29.8,71.991,200,859.3
CUST_00554,Lena Schulz,2023-09-21,Standard_200Mbps,"Siegfried-Walter-Allee 905
38065 Stade",2-year,electronic_check,True,29.7,79.99,200,282.8
CUST_00555,David Hoffmann,2023-09-23,Premium_1Gbps,"Sieringstr. 83-91
74283 Saarlouis",monthly,credit_card,True,29.7,119.99,1000,540.5
CUST_00556,Felix Richter,2023-09-25,Standard_200Mbps,"Beckerweg 30/56
19279 Rosenheim",monthly,electronic_check,True,29.6,79.99,200,371.7
CUST_00557,Sarah Fischer,2023-09-27,Basic_50Mbps,"Jäkelstraße 4
88628 Strasburg",annual,mailed_check,True,29.5,49.99,50,35.8
CUST_00558,Emma Richter,2023-09-29,Basic_50Mbps,"Norbert-Drubin-Allee 85/56
58573 Berchtesgaden",monthly,bank_transfer,True,29.5,49.99,50,399.5
CUST_00559,Noah Bauer,2023-10-01,Standard_200Mbps,"Nicolaus-Kobelt-Straße 9/6
55090 Delitzsch",2-year,credit_card,True,29.4,79.99,200,96.5
CUST_00560,Noah Hoffmann,2023-10-03,Standard_200Mbps,"Bolanderplatz 5108
05061 Auerbach",2-year,mailed_check,True,29.3,79.99,200,305.8
CUST_00561,Mia Müller,2023-10-05,Standard_200Mbps,"Hübelstr. 1194
09862 Brilon",monthly,electronic_check,True,29.3,79.99,200,125.1
CUST_00562,Jonas Schulz,2023-10-07,Basic_50Mbps,"Heintzestr. 995
52882 Mallersdorf",monthly,electronic_check,False,29.2,49.99,50,1818.9
CUST_00563,Max Zimmermann,2023-10-09,Basic_50Mbps,"Dippelstraße 27-14
95195 Neu-Ulm",annual,credit_card,True,29.1,49.99,50,91.8
CUST_00564,Anna Braun,2023-10-11,Basic_50Mbps,"Holstenstraße 6/7
37892 Ahaus",monthly,credit_card,True,29.1,44.991,50,98.2
CUST_00565,Sarah Hoffmann,2023-10-13,Standard_200Mbps,"Henrike-Wirth-Weg 1/5
82408 Königs Wusterhausen",2-year,mailed_check,True,29.0,79.99,200,800.7
CUST_00566,Emma Braun,2023-10-15,Standard_200Mbps,"Striebitzstraße 6-5
95472 Jena",monthly,bank_transfer,False,28.9,79.99,200,7.5
CUST_00567,Hannah Becker,2023-10-17,Standard_200Mbps,"Seifertring 154
15013 Riesa",annual,bank_transfer,True,28.9,79.99,200,357.9
CUST_00568,Felix Braun,2023-10-19,Standard_200Mbps,"Roman-Girschner-Platz 2-5
22492 Zossen",monthly,bank_transfer,True,28.8,79.99,200,387.7
CUST_00569,Paul Weber,2023-10-21,Premium_1Gbps,"Felicitas-Ebert-Platz 9/6
06350 Hofgeismar",annual,electronic_check,False,28.7,107.991,1000,543.1
CUST_00570,Sophie Schmidt,2023-10-23,Basic_50Mbps,"Paul-Gerhard-Tröst-Allee 206
34090 Anklam",monthly,electronic_check,False,28.7,49.99,50,1100.0
CUST_00571,Mia Wolf,2023-10-25,Standard_200Mbps,"Rosa-Maria-Hendriks-Allee 53-22
05987 Potsdam",annual,mailed_check,True,28.6,79.99,200,1114.0
CUST_00572,Anna Zimmermann,2023-10-27,Standard_200Mbps,"Augusta-Flantz-Ring 8710
42409 Holzminden",monthly,electronic_check,True,28.5,79.99,200,20.3
CUST_00573,Hannah Weber,2023-10-29,Standard_200Mbps,"Putzstr. 77
06164 Regen",annual,bank_transfer,False,28.5,79.99,200,517.5
CUST_00574,Lukas Hoffmann,2023-10-31,Standard_200Mbps,"Röhrichtplatz 7
60544 Stendal",2-year,mailed_check,False,28.4,79.99,200,311.8
CUST_00575,Leon Klein,2023-11-02,Premium_1Gbps,"Alma-Ullmann-Gasse 4
46256 Naila",monthly,bank_transfer,False,28.3,119.99,1000,312.7
CUST_00576,Laura Wagner,2023-11-04,Premium_1Gbps,"Mälzerallee 9-7
65583 Schwarzenberg",monthly,mailed_check,True,28.3,119.99,1000,41.2
CUST_00577,Tim Schwarz,2023-11-06,Basic_50Mbps,"Gitta-Scheibe-Weg 9-6
47554 Kleve",monthly,electronic_check,True,28.2,49.99,50,315.1
CUST_00578,Hannah Neumann,2023-11-08,Premium_1Gbps,"Wähnerplatz 33/67
89655 Augsburg",annual,mailed_check,True,28.1,119.99,1000,1213.4
CUST_00579,Ben Schulz,2023-11-10,Standard_200Mbps,"Stefania-Tschentscher-Straße 33-35
39117 Scheinfeld",annual,bank_transfer,False,28.1,79.99,200,728.5
CUST_00580,Laura Schulz,2023-11-12,Basic_50Mbps,"Roskothallee 29
00939 Göppingen",annual,mailed_check,True,28.0,49.99,50,173.5
CUST_00581,Sarah Hoffmann,2023-11-14,Standard_200Mbps,"Hofmannstraße 72
56596 Staßfurt",monthly,credit_card,True,27.9,79.99,200,12.2
CUST_00582,Leon Fischer,2023-11-16,Premium_1Gbps,"Juergen-Hande-Straße 47/78
78252 Herzberg",monthly,electronic_check,False,27.9,119.99,1000,135.0
CUST_00583,David Schneider,2023-11-18,Standard_200Mbps,"Adelbert-Seifert-Ring 76/54
61166 Northeim",annual,mailed_check,True,27.8,79.99,200,525.3
CUST_00584,Tim Becker,2023-11-20,Basic_50Mbps,"Gutknechtweg 7-6
02373 Gießen",monthly,mailed_check,False,27.7,49.99,50,362.7
CUST_00585,Jonas Schwarz,2023-11-22,Standard_200Mbps,"Hiltrud-Metz-Platz 9
86523 Fallingbostel",2-year,mailed_check,True,27.7,79.99,200,184.5
CUST_00586,Hannah Schneider,2023-11-24,Basic_50Mbps,"Theodor-Rogge-Gasse 9-3
77617 Holzminden",monthly,mailed_check,True,27.6,49.99,50,17.0
CUST_00587,Jonas Müller,2023-11-26,Basic_50Mbps,"Isabelle-Schleich-Allee 8-3
13142 Mühlhausen",annual,credit_card,True,27.5,49.99,50,167.0
CUST_00588,Paul Schwarz,2023-11-28,Basic_50Mbps,"Mälzerallee 16
61208 Luckau",monthly,electronic_check,False,27.5,44.991,50,189.9
CUST_00589,Sophie Wolf,2023-11-30,Basic_50Mbps,"Ursel-Höfig-Straße 97
70408 Cloppenburg",monthly,bank_transfer,True,27.4,49.99,50,791.7
CUST_00590,Hannah Schulz,2023-12-02,Basic_50Mbps,"Flantzstraße 9-4
21012 Duderstadt",annual,electronic_check,True,27.3,49.99,50,307.4
CUST_00591,Noah Richter,2023-12-04,Basic_50Mbps,"Jens-Peter-Pieper-Platz 0
73913 Cottbus",annual,electronic_check,False,27.3,49.99,50,112.0
CUST_00592,Hannah Fischer,2023-12-06,Standard_200Mbps,"Fischerstr. 47-48
24862 Sigmaringen",2-year,electronic_check,True,27.2,79.99,200,223.5
CUST_00593,Emma Schröder,2023-12-08,Basic_50Mbps,"Jacek-Scheibe-Gasse 73/57
58357 Wolfach",monthly,mailed_check,True,27.1,49.99,50,20.5
CUST_00594,Max Braun,2023-12-10,Basic_50Mbps,"Ewa-Aumann-Allee 5-9
64960 Wertingen",monthly,mailed_check,True,27.1,49.99,50,1078.8
CUST_00595,Julia Koch,2023-12-12,Premium_1Gbps,"Thanelring 5994
38088 Hohenmölsen",annual,credit_card,True,27.0,119.99,1000,133.9
CUST_00596,Lisa Becker,2023-12-14,Standard_200Mbps,"Hermighausenallee 20
89910 Lörrach",annual,electronic_check,True,26.9,79.99,200,195.0
CUST_00597,Lukas Wolf,2023-12-16,Standard_200Mbps,"Ingeburg-Stolze-Gasse 92-48
92135 Nordhausen",monthly,bank_transfer,True,26.9,79.99,200,131.7
CUST_00598,Mia Klein,2023-12-18,Basic_50Mbps,"Weinhageweg 9/4
72057 Hettstedt",monthly,mailed_check,True,26.8,49.99,50,344.2
CUST_00599,Sophie Weber,2023-12-20,Basic_50Mbps,"Mona-Biggen-Gasse 4872
89230 Sonneberg",monthly,bank_transfer,True,26.7,49.99,50,325.6
CUST_00600,Anna Schmidt,2023-12-22,Basic_50Mbps,"Songül-Klemt-Platz 8-6
50111 Wernigerode",2-year,credit_card,True,26.7,49.99,50,376.9
CUST_00601,Mia Schröder,2023-12-24,Basic_50Mbps,"Bärergasse 10-49
68283 Sankt Goar",monthly,mailed_check,True,26.6,44.991,50,93.7
CUST_00602,Sophie Fischer,2023-12-26,Basic_50Mbps,"Noackstr. 7-7
79817 Gifhorn",monthly,credit_card,True,26.5,49.99,50,113.8
CUST_00603,Emma Schwarz,2023-12-28,Basic_50Mbps,"Grafallee 59-48
49100 Pinneberg",monthly,electronic_check,True,26.5,49.99,50,40.1
CUST_00604,Tim Richter,2023-12-30,Basic_50Mbps,"Manfred-Henk-Platz 20/41
07856 Gütersloh",monthly,bank_transfer,True,26.4,49.99,50,319.7
CUST_00605,David Bauer,2024-01-01,Basic_50Mbps,"Hanna-Dietz-Ring 7-1
82302 Forst",monthly,credit_card,True,26.3,49.99,50,12.2
CUST_00606,Julia Klein,2024-01-03,Standard_200Mbps,"Grete-Baum-Straße 44/48
04951 Bergzabern",annual,mailed_check,True,26.3,79.99,200,273.2
CUST_00607,Noah Weber,2024-01-05,Basic_50Mbps,"Alice-Wilmsen-Gasse 32-44
57360 Riesa",monthly,credit_card,False,26.2,49.99,50,611.4
CUST_00608,Lena Fischer,2024-01-07,Standard_200Mbps,"Milos-Tschentscher-Gasse 5/9
78814 Ahaus",2-year,bank_transfer,True,26.1,71.991,200,664.5
CUST_00609,Sarah Braun,2024-01-09,Standard_200Mbps,"Marta-Werner-Gasse 6
28949 Tuttlingen",monthly,electronic_check,False,26.1,79.99,200,178.8
CUST_00610,Lena Schulz,2024-01-11,Standard_200Mbps,"Döringweg 7689
24172 Worbis",annual,credit_card,False,26.0,79.99,200,184.5
CUST_00611,Anna Bauer,2024-01-13,Basic_50Mbps,"Hildegunde-Krebs-Gasse 170
95098 Aachen",2-year,electronic_check,True,25.9,49.99,50,24.0
CUST_00612,Felix Wolf,2024-01-15,Standard_200Mbps,"Hendriksstr. 48-35
89278 Hainichen",annual,credit_card,True,25.9,71.991,200,333.3
CUST_00613,David Becker,2024-01-17,Standard_200Mbps,"Trubplatz 1
75482 Apolda",annual,bank_transfer,True,25.8,79.99,200,516.5
CUST_00614,Hannah Fischer,2024-01-19,Basic_50Mbps,"Höfigplatz 23-36
04398 Mallersdorf",monthly,electronic_check,False,25.7,44.991,50,84.2
CUST_00615,Hannah Schwarz,2024-01-21,Premium_1Gbps,"Reisinggasse 94/42
03287 Spremberg",monthly,bank_transfer,True,25.7,119.99,1000,164.1
CUST_00616,Hannah Schmidt,2024-01-23,Premium_1Gbps,"Francesca-Lachmann-Weg 2/6
90441 Viersen",annual,credit_card,True,25.6,119.99,1000,547.6
CUST_00617,Jonas Schulz,2024-01-25,Basic_50Mbps,"Mahmoud-Nerger-Ring 5
27488 Bad Liebenwerda",2-year,bank_transfer,True,25.5,49.99,50,629.0
CUST_00618,Felix Fischer,2024-01-27,Basic_50Mbps,"Enrico-Käster-Weg 9-8
09625 Schongau",annual,bank_transfer,False,25.5,49.99,50,83.6
CUST_00619,David Schneider,2024-01-29,Premium_1Gbps,"Dobesstraße 63
24197 Neustadtner Waldnaab",annual,electronic_check,False,25.4,119.99,1000,239.9
CUST_00620,Felix Braun,2024-01-31,Standard_200Mbps,"Inge-Seip-Allee 254
17337 Tuttlingen",annual,bank_transfer,True,25.3,79.99,200,64.1
CUST_00621,Max Schmidt,2024-02-02,Basic_50Mbps,"Bauerring 8
46684 Arnstadt",monthly,electronic_check,True,25.3,49.99,50,32.2
CUST_00622,Leon Becker,2024-02-04,Basic_50Mbps,"Hans-Otto-Krause-Gasse 2387
26599 Lörrach",monthly,electronic_check,True,25.2,49.99,50,726.1
CUST_00623,Tim Zimmermann,2024-02-06,Standard_200Mbps,"Priska-Bohlander-Ring 47-16
13919 Bersenbrück",annual,mailed_check,True,25.1,71.991,200,515.3
CUST_00624,Felix Schneider,2024-02-08,Standard_200Mbps,"Ruppertgasse 9
87094 Paderborn",2-year,electronic_check,False,25.1,79.99,200,428.2
CUST_00625,Julia Wagner,2024-02-10,Standard_200Mbps,"Kai-Uwe-Wirth-Gasse 121
89641 Saulgau",monthly,bank_transfer,True,25.0,79.99,200,15.0
CUST_00626,Noah Wagner,2024-02-12,Standard_200Mbps,"Holtallee 666
27395 Pinneberg",annual,electronic_check,True,24.9,79.99,200,556.8
CUST_00627,Emma Koch,2024-02-14,Standard_200Mbps,"Friedl-Junitz-Straße 47
18431 Bayreuth",monthly,credit_card,True,24.9,79.99,200,172.9
CUST_00628,Tim Braun,2024-02-16,Standard_200Mbps,"Martinring 578
56995 Schrobenhausen",annual,electronic_check,False,24.8,79.99,200,125.7
CUST_00629,Max Schulz,2024-02-18,Basic_50Mbps,"Marten-Beckmann-Allee 9
41234 Strasburg",monthly,mailed_check,False,24.7,49.99,50,237.2
CUST_00630,Tim Weber,2024-02-20,Basic_50Mbps,"Constantin-Bolander-Straße 4-7
78195 Burg",monthly,bank_transfer,True,24.7,49.99,50,28.7
CUST_00631,Julia Schulz,2024-02-22,Standard_200Mbps,"Zirmering 84/75
24199 Havelberg",annual,mailed_check,False,24.6,71.991,200,424.0
CUST_00632,Laura Fischer,2024-02-24,Premium_1Gbps,"Klaus-Günter-Sager-Allee 86-92
94897 Deggendorf",monthly,electronic_check,True,24.5,119.99,1000,262.0
CUST_00633,Max Weber,2024-02-26,Standard_200Mbps,"Lambert-Fröhlich-Ring 1/8
63208 Bremen",annual,credit_card,True,24.5,79.99,200,62.0
CUST_00634,Max Bauer,2024-02-28,Standard_200Mbps,"Bärerstr. 7
78827 Lemgo",annual,credit_card,True,24.4,79.99,200,62.6
CUST_00635,Emma Zimmermann,2024-03-01,Basic_50Mbps,"Wolfgang-Wagenknecht-Weg 43
58910 Miltenberg",2-year,electronic_check,True,24.3,44.991,50,61.1
CUST_00636,Leon Müller,2024-03-03,Standard_200Mbps,"Henkstraße 1-7
22446 Cottbus",monthly,electronic_check,True,24.3,79.99,200,17.6
CUST_00637,Laura Schulz,2024-03-05,Standard_200Mbps,"Maya-Schomber-Gasse 92-40
16023 Aue",monthly,electronic_check,False,24.2,79.99,200,265.9
CUST_00638,Anna Weber,2024-03-07,Basic_50Mbps,"Gorlitzgasse 2
24680 Hettstedt",monthly,electronic_check,True,24.1,49.99,50,550.4
CUST_00639,Lena Neumann,2024-03-09,Basic_50Mbps,"Schmiedeckeallee 24/52
98638 Freising",2-year,electronic_check,True,24.1,49.99,50,5.3
CUST_00640,Sophie Schneider,2024-03-11,Standard_200Mbps,"Drago-Reichmann-Straße 7
56767 Ingolstadt",2-year,electronic_check,True,24.0,79.99,200,15.1
CUST_00641,Sarah Wolf,2024-03-13,Basic_50Mbps,"Paolo-Möchlichen-Straße 4
11867 Wolfach",annual,bank_transfer,True,23.9,49.99,50,255.1
CUST_00642,Hannah Neumann,2024-03-15,Basic_50Mbps,"Inga-Roskoth-Gasse 6
51363 Wittenberg",2-year,credit_card,False,23.9,49.99,50,513.6
CUST_00643,Noah Fischer,2024-03-17,Basic_50Mbps,"Röhrdanzstraße 5
76877 Melsungen",annual,electronic_check,True,23.8,49.99,50,118.7
CUST_00644,David Neumann,2024-03-19,Basic_50Mbps,"Schleichgasse 8-6
78321 Gotha",annual,mailed_check,True,23.7,44.991,50,129.1
CUST_00645,Emma Braun,2024-03-21,Basic_50Mbps,"Luzie-Dowerg-Gasse 40-78
96032 Steinfurt",monthly,credit_card,False,23.7,49.99,50,272.2
CUST_00646,Anna Neumann,2024-03-23,Premium_1Gbps,"Oliver-Schleich-Platz 20/48
85655 Schleiz",annual,bank_transfer,True,23.6,119.99,1000,96.1
CUST_00647,Mia Wolf,2024-03-25,Standard_200Mbps,"Rolf-Peter-Gerlach-Weg 3851
34411 Mühlhausen",monthly,electronic_check,True,23.5,79.99,200,8.1
CUST_00648,Max Schmidt,2024-03-27,Standard_200Mbps,"Oda-Girschner-Allee 83
79455 Mayen",2-year,mailed_check,True,23.5,79.99,200,398.7
CUST_00649,Sarah Richter,2024-03-29,Standard_200Mbps,"Aumannplatz 41-93
95072 Eisenhüttenstadt",annual,mailed_check,True,23.4,79.99,200,294.8
CUST_00650,Lena Fischer,2024-03-31,Standard_200Mbps,"Clemens-Kuhl-Ring 49-98
37117 Dieburg",annual,mailed_check,False,23.3,71.991,200,260.8
CUST_00651,Sarah Wolf,2024-04-02,Basic_50Mbps,"Weinhagestr. 9/9
11543 Sömmerda",monthly,bank_transfer,False,23.3,44.991,50,406.1
CUST_00652,Lukas Schneider,2024-04-04,Standard_200Mbps,"Röhrdanzstraße 1-9
80083 Dieburg",monthly,bank_transfer,True,23.2,79.99,200,337.4
CUST_00653,Leon Braun,2024-04-06,Standard_200Mbps,"Elisa-Kraus-Platz 8068
60571 Torgau",monthly,bank_transfer,False,23.1,79.99,200,69.2
CUST_00654,Tim Schneider,2024-04-08,Standard_200Mbps,"Schlosserring 252
60050 Schwäbisch Gmünd",monthly,credit_card,True,23.1,79.99,200,130.4
CUST_00655,Tim Schulz,2024-04-10,Standard_200Mbps,"Kochplatz 34-46
01480 Bischofswerda",monthly,electronic_check,True,23.0,79.99,200,40.4
CUST_00656,Lisa Zimmermann,2024-04-12,Basic_50Mbps,"Kaulstr. 8
24299 Bersenbrück",2-year,mailed_check,True,22.9,44.991,50,41.7
CUST_00657,Julia Koch,2024-04-14,Basic_50Mbps,"Ernstgasse 7-4
96700 Genthin",annual,electronic_check,True,22.9,49.99,50,338.3
CUST_00658,Jonas Braun,2024-04-16,Standard_200Mbps,"Hans-Heinrich-Christoph-Gasse 280
13321 Tübingen",monthly,electronic_check,True,22.8,79.99,200,586.8
CUST_00659,Ben Hoffmann,2024-04-18,Standard_200Mbps,"Weinhageweg 32/72
11499 Konstanz",monthly,bank_transfer,True,22.7,71.991,200,986.9
CUST_00660,David Neumann,2024-04-20,Standard_200Mbps,"Dogan-Mude-Gasse 651
04381 Borken",monthly,electronic_check,False,22.7,79.99,200,296.9
CUST_00661,Lisa Klein,2024-04-22,Standard_200Mbps,"Loosweg 63
79730 Burgdorf",annual,mailed_check,True,22.6,79.99,200,61.0
CUST_00662,Sophie Fischer,2024-04-24,Premium_1Gbps,"Laszlo-Kraushaar-Weg 72
58181 Borken",annual,electronic_check,True,22.5,119.99,1000,33.5
CUST_00663,Julia Wagner,2024-04-26,Standard_200Mbps,"Wellerring 8191
91222 Gotha",2-year,bank_transfer,True,22.5,79.99,200,502.8
CUST_00664,Lena Wolf,2024-04-28,Basic_50Mbps,"Lehmannplatz 7
19731 Paderborn",monthly,electronic_check,True,22.4,49.99,50,259.4
CUST_00665,Emma Klein,2024-04-30,Basic_50Mbps,"Willibald-Röhricht-Weg 4095
61384 Miltenberg",2-year,mailed_check,True,22.3,49.99,50,288.9
CUST_00666,Leon Wolf,2024-05-02,Basic_50Mbps,"Hillerallee 4/5
25614 Viechtach",2-year,bank_transfer,True,22.3,49.99,50,456.2
CUST_00667,Jonas Klein,2024-05-04,Basic_50Mbps,"Fabian-Adler-Straße 77
99307 Eutin",monthly,credit_card,False,22.2,44.991,50,364.5
CUST_00668,Sophie Koch,2024-05-06,Basic_50Mbps,"Hedy-Renner-Weg 2126
03052 Kaiserslautern",2-year,electronic_check,True,22.1,49.99,50,539.6
CUST_00669,Lena Koch,2024-05-08,Basic_50Mbps,"Reiner-Hertrampf-Ring 960
20985 Bersenbrück",monthly,electronic_check,True,22.1,49.99,50,17.4
CUST_00670,Paul Bauer,2024-05-10,Basic_50Mbps,"Diethelm-Roskoth-Weg 60
52835 Starnberg",2-year,bank_transfer,True,22.0,49.99,50,412.9
CUST_00671,Tim Schröder,2024-05-12,Basic_50Mbps,"Reisinggasse 23-85
66063 Teterow",monthly,mailed_check,True,21.9,49.99,50,570.8
CUST_00672,Lukas Schneider,2024-05-14,Premium_1Gbps,"Viviane-Grein Groth-Platz 37
40259 Hofgeismar",2-year,bank_transfer,True,21.9,119.99,1000,101.1
CUST_00673,Lukas Schneider,2024-05-16,Basic_50Mbps,"Klaus-Jürgen-Kraushaar-Straße 77/75
68681 Celle",2-year,electronic_check,False,21.8,49.99,50,306.9
CUST_00674,Lena Fischer,2024-05-18,Standard_200Mbps,"Arnd-Schmidtke-Platz 30-54
67622 Lörrach",2-year,credit_card,True,21.7,71.991,200,113.1
CUST_00675,Hannah Weber,2024-05-20,Standard_200Mbps,"Ernest-Kusch-Platz 344
13263 Waldmünchen",annual,electronic_check,True,21.7,79.99,200,950.8
CUST_00676,Julia Schmidt,2024-05-22,Premium_1Gbps,"Ziegertstr. 26
30719 Rostock",monthly,bank_transfer,True,21.6,119.99,1000,10.2
CUST_00677,Noah Schwarz,2024-05-24,Basic_50Mbps,"Andrea-Krein-Allee 7279
59283 Nördlingen",monthly,bank_transfer,True,21.5,44.991,50,260.1
CUST_00678,Julia Koch,2024-05-26,Standard_200Mbps,"Pölitzgasse 66
58374 Miltenberg",monthly,credit_card,True,21.5,79.99,200,54.6
CUST_00679,Sophie Klein,2024-05-28,Premium_1Gbps,"Eleonora-Heinrich-Gasse 42-13
26796 Wismar",monthly,credit_card,False,21.4,119.99,1000,373.7
CUST_00680,Hannah Klein,2024-05-30,Premium_1Gbps,"Fernando-Tintzmann-Weg 17/71
00528 Weißwasser",annual,mailed_check,True,21.3,119.99,1000,58.0
CUST_00681,Anna Hoffmann,2024-06-01,Premium_1Gbps,"Danica-Staude-Allee 7
34745 Spremberg",monthly,bank_transfer,False,21.3,119.99,1000,80.5
CUST_00682,Lisa Hoffmann,2024-06-03,Basic_50Mbps,"Mark-Stoll-Ring 81
47917 Rottweil",2-year,electronic_check,True,21.2,49.99,50,204.6
CUST_00683,Hannah Fischer,2024-06-05,Basic_50Mbps,"Anton-Förster-Straße 62-93
49064 Bad Freienwalde",annual,credit_card,False,21.1,49.99,50,738.9
CUST_00684,Noah Neumann,2024-06-07,Standard_200Mbps,"Lindaugasse 6374
45559 Gerolzhofen",2-year,bank_transfer,True,21.1,79.99,200,71.4
CUST_00685,Felix Weber,2024-06-09,Premium_1Gbps,"Säuberlichstraße 51-99
93335 Malchin",monthly,bank_transfer,True,21.0,119.99,1000,46.7
CUST_00686,Sarah Becker,2024-06-11,Standard_200Mbps,"Dariusz-Schäfer-Platz 4933
04883 Hannover",2-year,credit_card,True,20.9,79.99,200,426.9
CUST_00687,Sophie Bauer,2024-06-13,Standard_200Mbps,"Conradistr. 3105
69372 Chemnitz",2-year,credit_card,False,20.9,71.991,200,208.3
CUST_00688,Julia Bauer,2024-06-15,Basic_50Mbps,"Vesna-Hethur-Ring 25
19283 Freital",monthly,mailed_check,True,20.8,44.991,50,728.4
CUST_00689,Sophie Schulz,2024-06-17,Standard_200Mbps,"Kallertweg 4
03505 Flöha",annual,mailed_check,True,20.7,79.99,200,47.6
CUST_00690,Noah Becker,2024-06-19,Basic_50Mbps,"Fritschstraße 664
69839 Main-Höchst",annual,mailed_check,True,20.7,49.99,50,311.5
CUST_00691,Lena Schwarz,2024-06-21,Basic_50Mbps,"Sauergasse 23/17
72338 Sulzbach-Rosenberg",monthly,mailed_check,False,20.6,49.99,50,79.5
CUST_00692,Lisa Braun,2024-06-23,Standard_200Mbps,"Gnatzgasse 64/87
53650 Dresden",annual,mailed_check,True,20.5,79.99,200,51.2
CUST_00693,Julia Müller,2024-06-25,Standard_200Mbps,"Harloffplatz 5/3
64649 Saarbrücken",monthly,credit_card,False,20.5,79.99,200,345.1
CUST_00694,Lisa Schulz,2024-06-27,Basic_50Mbps,"Hübelstr. 75
50124 Donaueschingen",monthly,mailed_check,True,20.4,49.99,50,270.2
CUST_00695,Max Meyer,2024-06-29,Basic_50Mbps,"Ziegertgasse 71
62038 Iserlohn",monthly,electronic_check,True,20.3,49.99,50,421.7
CUST_00696,Paul Hoffmann,2024-07-01,Standard_200Mbps,"Rolf-Peter-Wirth-Platz 8-2
80936 Nabburg",monthly,mailed_check,True,20.3,79.99,200,111.1
CUST_00697,Leon Bauer,2024-07-03,Basic_50Mbps,"Hövelring 903
99244 Wittmund",monthly,electronic_check,False,20.2,49.99,50,178.2
CUST_00698,Max Meyer,2024-07-05,Standard_200Mbps,"Kuschplatz 40-73
90650 Wismar",monthly,bank_transfer,True,20.1,79.99,200,156.0
CUST_00699,Tim Zimmermann,2024-07-07,Basic_50Mbps,"Holzapfelgasse 7
96609 Düren",2-year,electronic_check,False,20.1,44.991,50,1242.2
CUST_00700,Jonas Schneider,2024-07-09,Standard_200Mbps,"Gertzring 6284
46137 Delitzsch",annual,electronic_check,True,20.0,79.99,200,103.7
CUST_00701,Tim Müller,2024-07-11,Standard_200Mbps,"Kühnertstr. 7-4
70485 Forst",2-year,mailed_check,True,19.9,79.99,200,104.8
CUST_00702,Lukas Neumann,2024-07-13,Basic_50Mbps,"Linkeallee 8
72466 Darmstadt",monthly,electronic_check,True,19.9,44.991,50,131.3
CUST_00703,Felix Richter,2024-07-15,Basic_50Mbps,"Tibor-Bauer-Gasse 2/1
73320 Hagenow",monthly,credit_card,True,19.8,49.99,50,249.4
CUST_00704,Lena Wolf,2024-07-17,Basic_50Mbps,"Bolanderallee 0
09868 Eutin",annual,credit_card,False,19.7,49.99,50,87.2
CUST_00705,Leon Meyer,2024-07-19,Basic_50Mbps,"Rohlederallee 1
99644 Schongau",monthly,electronic_check,False,19.7,49.99,50,740.6
CUST_00706,Hannah Hoffmann,2024-07-21,Premium_1Gbps,"Grafgasse 8/2
45925 Stollberg",monthly,electronic_check,False,19.6,119.99,1000,92.6
CUST_00707,Leon Zimmermann,2024-07-23,Basic_50Mbps,"Giuseppe-Mühle-Ring 707
49356 Borken",annual,credit_card,False,19.5,49.99,50,678.5
CUST_00708,Lisa Schneider,2024-07-25,Premium_1Gbps,"Koch IIweg 6
66080 Klötze",monthly,bank_transfer,True,19.5,107.991,1000,32.8
CUST_00709,Anna Weber,2024-07-27,Basic_50Mbps,"Jungferplatz 4/6
77153 Havelberg",annual,credit_card,True,19.4,49.99,50,320.6
CUST_00710,Laura Braun,2024-07-29,Standard_200Mbps,"Wiekallee 7/5
37174 Hammelburg",annual,bank_transfer,False,19.3,79.99,200,712.5
CUST_00711,Anna Schneider,2024-07-31,Standard_200Mbps,"Lehmannplatz 7/6
58588 Lobenstein",monthly,electronic_check,True,19.3,79.99,200,55.4
CUST_00712,Paul Wolf,2024-08-02,Standard_200Mbps,"Aline-Geisler-Allee 44/37
85510 Herzberg",monthly,mailed_check,False,19.2,79.99,200,1035.7
CUST_00713,Lena Schröder,2024-08-04,Standard_200Mbps,"Kallertplatz 78-40
02419 Sondershausen",annual,bank_transfer,False,19.1,79.99,200,180.9
CUST_00714,Lisa Wolf,2024-08-06,Standard_200Mbps,"Mudeplatz 6-5
51228 Fürstenwalde",monthly,bank_transfer,True,19.1,79.99,200,874.1
CUST_00715,Lena Schulz,2024-08-08,Basic_50Mbps,"Bogdan-Linke-Gasse 5
49404 Werdau",monthly,credit_card,False,19.0,49.99,50,338.9
CUST_00716,Felix Neumann,2024-08-10,Premium_1Gbps,"Bachmannweg 6012
11038 Kamenz",2-year,bank_transfer,True,18.9,119.99,1000,107.7
CUST_00717,Sophie Bauer,2024-08-12,Premium_1Gbps,"Hauffergasse 17-25
05583 Wetzlar",monthly,mailed_check,True,18.9,119.99,1000,62.6
CUST_00718,Lena Fischer,2024-08-14,Premium_1Gbps,"Paul-Gerhard-Misicher-Straße 3-5
81218 Hammelburg",annual,electronic_check,True,18.8,119.99,1000,108.6
CUST_00719,Mia Zimmermann,2024-08-16,Basic_50Mbps,"Martha-Röhricht-Weg 9/4
78622 Stuttgart",2-year,electronic_check,True,18.7,49.99,50,29.3
CUST_00720,Sarah Neumann,2024-08-18,Standard_200Mbps,"Karlfried-Gierschner-Allee 7296
73898 Schweinfurt",monthly,credit_card,True,18.7,79.99,200,46.6
CUST_00721,Mia Schmidt,2024-08-20,Premium_1Gbps,"Marie-Louise-Gierschner-Weg 68/60
56661 Strasburg",monthly,electronic_check,True,18.6,119.99,1000,33.2
CUST_00722,Emma Richter,2024-08-22,Basic_50Mbps,"Ilse-Kaul-Weg 8-7
93727 Backnang",monthly,electronic_check,False,18.5,44.991,50,164.9
CUST_00723,Lisa Schmidt,2024-08-24,Basic_50Mbps,"Frank-Trub-Straße 67-28
29562 Wittenberg",monthly,electronic_check,False,18.5,49.99,50,476.3
CUST_00724,Max Wagner,2024-08-26,Standard_200Mbps,"Angelo-Hertrampf-Gasse 230
24512 Iserlohn",monthly,mailed_check,True,18.4,79.99,200,45.7
CUST_00725,Mia Wagner,2024-08-28,Standard_200Mbps,"Hildburg-Weimer-Ring 4428
59975 Artern",annual,bank_transfer,True,18.3,79.99,200,41.9
CUST_00726,Tim Schulz,2024-08-30,Premium_1Gbps,"Gotthardplatz 5-5
14472 Emmendingen",monthly,bank_transfer,False,18.3,107.991,1000,309.4
CUST_00727,Mia Koch,2024-09-01,Basic_50Mbps,"Linus-Dippel-Straße 77
87987 Bergzabern",annual,credit_card,True,18.2,49.99,50,65.9
CUST_00728,Sophie Müller,2024-09-03,Standard_200Mbps,"Isa-Gehringer-Platz 561
70303 Ingolstadt",2-year,bank_transfer,True,18.1,79.99,200,30.8
CUST_00729,Sarah Klein,2024-09-05,Basic_50Mbps,"Edeltraud-Hövel-Platz 46/33
58924 Worbis",2-year,bank_transfer,True,18.1,49.99,50,54.8
CUST_00730,Laura Weber,2024-09-07,Basic_50Mbps,"Tino-Butte-Ring 9-4
51370 Gera",annual,mailed_check,True,18.0,44.991,50,772.0
CUST_00731,Jonas Schwarz,2024-09-09,Basic_50Mbps,"Peukertgasse 26-63
46797 Illertissen",monthly,electronic_check,True,17.9,44.991,50,516.9
CUST_00732,Emma Neumann,2024-09-11,Premium_1Gbps,"Friedericke-Otto-Platz 97-31
76682 Potsdam",annual,mailed_check,False,17.9,107.991,1000,131.1
CUST_00733,Julia Bauer,2024-09-13,Standard_200Mbps,"Joanna-Juncken-Straße 56
88885 Beilngries",annual,credit_card,True,17.8,79.99,200,320.0
CUST_00734,Lukas Richter,2024-09-15,Standard_200Mbps,"Uwe-Rohleder-Allee 1
54042 Lüdinghausen",monthly,electronic_check,True,17.7,79.99,200,231.2
CUST_00735,Anna Klein,2024-09-17,Standard_200Mbps,"Priska-Eimer-Allee 121
60958 Aue",monthly,electronic_check,True,17.7,79.99,200,339.1
CUST_00736,Max Wolf,2024-09-19,Premium_1Gbps,"Arnold-Hörle-Gasse 907
42658 Witzenhausen",2-year,electronic_check,True,17.6,107.991,1000,344.3
CUST_00737,Lukas Koch,2024-09-21,Standard_200Mbps,"Nelly-Plath-Platz 25-69
69679 Tübingen",monthly,electronic_check,True,17.5,79.99,200,297.3
CUST_00738,Noah Klein,2024-09-23,Premium_1Gbps,"Gnatzstraße 3-9
36486 Mühlhausen",monthly,mailed_check,False,17.5,119.99,1000,92.8
CUST_00739,Noah Richter,2024-09-25,Standard_200Mbps,"Benita-Hande-Platz 4/1
40752 Ilmenau",monthly,electronic_check,False,17.4,79.99,200,11.9
CUST_00740,Lena Hoffmann,2024-09-27,Standard_200Mbps,"Jockelstraße 7-4
17851 Hannover",monthly,credit_card,True,17.3,79.99,200,182.4
CUST_00741,Sophie Richter,2024-09-29,Standard_200Mbps,"Herbert-Siering-Allee 6/4
19216 Celle",2-year,bank_transfer,False,17.3,79.99,200,664.9
CUST_00742,Max Koch,2024-10-01,Basic_50Mbps,"Hassan-Winkler-Platz 91
50756 Waldmünchen",annual,bank_transfer,False,17.2,44.991,50,252.8
CUST_00743,Laura Braun,2024-10-03,Standard_200Mbps,"Grein Grothstraße 7443
99710 Guben",annual,credit_card,False,17.1,71.991,200,535.8
CUST_00744,David Bauer,2024-10-05,Standard_200Mbps,"Ernstplatz 76-84
10361 Altentreptow",monthly,credit_card,True,17.1,79.99,200,1434.7
CUST_00745,Lukas Klein,2024-10-07,Basic_50Mbps,"Löwerring 7/7
72224 Oranienburg",monthly,mailed_check,True,17.0,49.99,50,53.6
CUST_00746,Sophie Becker,2024-10-09,Premium_1Gbps,"Eugen-Kostolzin-Gasse 2-4
15658 Sankt Goarshausen",monthly,electronic_check,True,16.9,107.991,1000,353.1
CUST_00747,Lena Zimmermann,2024-10-11,Standard_200Mbps,"Marija-Gotthard-Platz 6/1
91280 Bad Langensalza",monthly,mailed_check,True,16.9,71.991,200,336.5
CUST_00748,Jonas Neumann,2024-10-13,Standard_200Mbps,"Liesbeth-Koch-Allee 6-9
93453 Einbeck",monthly,credit_card,True,16.8,71.991,200,1172.9
CUST_00749,Lukas Richter,2024-10-15,Premium_1Gbps,"Brunhild-Graf-Weg 2120
08698 Mallersdorf",annual,electronic_check,True,16.7,119.99,1000,1272.2
CUST_00750,Mia Koch,2024-10-17,Standard_200Mbps,"Manja-Bien-Gasse 44/37
42238 Deggendorf",monthly,mailed_check,False,16.7,79.99,200,348.2
CUST_00751,Emma Koch,2024-10-19,Basic_50Mbps,"Nikolaus-Wagner-Allee 7-7
45015 Ingolstadt",annual,bank_transfer,False,16.6,49.99,50,83.8
CUST_00752,Laura Schneider,2024-10-21,Premium_1Gbps,"Ivonne-Hendriks-Weg 2076
44977 Eichstätt",monthly,electronic_check,False,16.5,119.99,1000,480.7
CUST_00753,Ben Fischer,2024-10-23,Standard_200Mbps,"Henkweg 2/1
31657 Hoyerswerda",monthly,bank_transfer,True,16.5,79.99,200,34.0
CUST_00754,Ben Neumann,2024-10-25,Basic_50Mbps,"Irina-Schleich-Straße 52-60
87444 Bergzabern",monthly,bank_transfer,True,16.4,49.99,50,455.2
CUST_00755,Felix Bauer,2024-10-27,Basic_50Mbps,"Birgit-Lübs-Ring 9
58298 Augsburg",2-year,electronic_check,True,16.3,49.99,50,723.0
CUST_00756,Hannah Weber,2024-10-29,Standard_200Mbps,"Ritterstraße 9295
73343 Dieburg",2-year,bank_transfer,True,16.3,79.99,200,144.8
CUST_00757,Emma Fischer,2024-10-31,Standard_200Mbps,"Daniele-Oderwald-Allee 483
88579 Hildburghausen",2-year,mailed_check,True,16.2,71.991,200,298.8
CUST_00758,Tim Schulz,2024-11-02,Standard_200Mbps,"Emilia-Jockel-Straße 2018
86950 Erkelenz",monthly,electronic_check,True,16.1,79.99,200,168.7
CUST_00759,Felix Meyer,2024-11-04,Premium_1Gbps,"Gudeplatz 5/1
17095 Sangerhausen",monthly,electronic_check,True,16.1,119.99,1000,172.8
CUST_00760,Lisa Weber,2024-11-06,Standard_200Mbps,"Alwine-Warmer-Gasse 98/88
23944 Pinneberg",annual,credit_card,False,16.0,79.99,200,111.5
CUST_00761,Lukas Meyer,2024-11-08,Basic_50Mbps,"Patbergring 40/82
62644 Bautzen",monthly,credit_card,True,15.9,49.99,50,430.8
CUST_00762,Sarah Wolf,2024-11-10,Basic_50Mbps,"Bianka-Kusch-Allee 83/29
06513 Guben",2-year,credit_card,False,15.9,49.99,50,825.5
CUST_00763,Noah Zimmermann,2024-11-12,Basic_50Mbps,"Tintzmannweg 94/67
97138 Cuxhaven",monthly,mailed_check,True,15.8,49.99,50,847.8
CUST_00764,David Zimmermann,2024-11-14,Standard_200Mbps,"Kreinallee 482
55359 Neu-Ulm",monthly,mailed_check,True,15.7,79.99,200,57.6
CUST_00765,Lisa Koch,2024-11-16,Basic_50Mbps,"Scheibestr. 17
14501 Seelow",monthly,credit_card,True,15.7,49.99,50,623.2
CUST_00766,Leon Weber,2024-11-18,Standard_200Mbps,"Schäferring 3856
43307 Altentreptow",monthly,electronic_check,True,15.6,79.99,200,401.2
CUST_00767,David Schneider,2024-11-20,Standard_200Mbps,"Klaas-Jüttner-Weg 76/17
53066 Bernburg",annual,mailed_check,True,15.5,79.99,200,87.4
CUST_00768,Sarah Wolf,2024-11-22,Premium_1Gbps,"Hans-Jörg-Wirth-Weg 58
57095 Mühldorf am Inn",monthly,bank_transfer,True,15.5,107.991,1000,20.9
CUST_00769,Mia Schulz,2024-11-24,Basic_50Mbps,"Thiesgasse 5/9
21138 Soest",monthly,mailed_check,True,15.4,49.99,50,93.6
CUST_00770,Noah Schmidt,2024-11-26,Premium_1Gbps,"Renata-Bauer-Ring 6
73299 Görlitz",monthly,electronic_check,True,15.3,119.99,1000,729.8
CUST_00771,Hannah Neumann,2024-11-28,Basic_50Mbps,"Pohlweg 3667
20316 Fulda",monthly,credit_card,True,15.3,44.991,50,300.9
CUST_00772,Lukas Hoffmann,2024-11-30,Premium_1Gbps,"Wilmsweg 139
14901 Malchin",annual,bank_transfer,False,15.2,119.99,1000,383.0
CUST_00773,David Wolf,2024-12-02,Basic_50Mbps,"Jens-Atzler-Ring 4324
43617 Eilenburg",2-year,electronic_check,True,15.1,49.99,50,89.2
CUST_00774,Anna Schmidt,2024-12-04,Standard_200Mbps,"Hans Josef-Schönland-Weg 8
52011 Berchtesgaden",2-year,mailed_check,False,15.1,79.99,200,381.2
CUST_00775,Hannah Hoffmann,2024-12-06,Standard_200Mbps,"Wendering 52
28521 Stade",annual,mailed_check,True,15.0,79.99,200,8.6
CUST_00776,Lukas Schneider,2024-12-08,Basic_50Mbps,"Tschentscherweg 4
37628 Deggendorf",monthly,mailed_check,False,14.9,49.99,50,141.2
CUST_00777,Lisa Braun,2024-12-10,Basic_50Mbps,"Jockelring 1/3
15218 Bogen",annual,credit_card,False,14.9,44.991,50,295.7
CUST_00778,Ben Richter,2024-12-12,Standard_200Mbps,"Andrey-Geißler-Platz 9-1
28914 Göppingen",monthly,credit_card,True,14.8,79.99,200,47.4
CUST_00779,David Zimmermann,2024-12-14,Standard_200Mbps,"Mentzelweg 3/4
07462 Borna",monthly,mailed_check,True,14.7,79.99,200,519.5
CUST_00780,Julia Schmidt,2024-12-16,Standard_200Mbps,"Pia-Schmiedt-Platz 85/65
00513 Nauen",2-year,bank_transfer,False,14.7,79.99,200,80.4
CUST_00781,David Zimmermann,2024-12-18,Standard_200Mbps,"Miesstr. 52
08224 Nürtingen",monthly,credit_card,True,14.6,71.991,200,316.9
CUST_00782,Felix Koch,2024-12-20,Standard_200Mbps,"Reimund-Knappe-Ring 9
87572 Stuttgart",2-year,electronic_check,True,14.5,71.991,200,155.9
CUST_00783,Lisa Schröder,2024-12-22,Basic_50Mbps,"Lindaustraße 20
96367 Burg",monthly,electronic_check,True,14.5,49.99,50,271.9
CUST_00784,Ben Weber,2024-12-24,Basic_50Mbps,"Mendering 51
31537 Brand",annual,electronic_check,False,14.4,49.99,50,34.1
CUST_00785,Anna Wolf,2024-12-26,Basic_50Mbps,"Janna-Koch II-Platz 4/3
42301 Pößneck",annual,electronic_check,False,14.3,49.99,50,5.1
CUST_00786,Sophie Koch,2024-12-28,Premium_1Gbps,"Dietlind-Hethur-Gasse 8/8
05826 München",2-year,bank_transfer,True,14.3,119.99,1000,720.9
CUST_00787,Lukas Neumann,2024-12-30,Standard_200Mbps,"Detlef-Hesse-Allee 73
27157 Döbeln",annual,electronic_check,True,14.2,79.99,200,94.3
CUST_00788,Laura Schmidt,2025-01-01,Standard_200Mbps,"Steystraße 95
44213 Strasburg",annual,credit_card,True,14.1,79.99,200,513.9
CUST_00789,Emma Wolf,2025-01-03,Standard_200Mbps,"Ingeburg-Bolzmann-Platz 48/87
84835 Emmendingen",monthly,electronic_check,True,14.1,79.99,200,2201.7
CUST_00790,David Neumann,2025-01-05,Premium_1Gbps,"Johannstraße 83
44486 Weißenfels",annual,electronic_check,False,14.0,119.99,1000,71.3
CUST_00791,Ben Braun,2025-01-07,Basic_50Mbps,"Birnbaumstraße 2608
30427 Kitzingen",monthly,electronic_check,True,13.9,44.991,50,92.4
CUST_00792,Laura Bauer,2025-01-09,Standard_200Mbps,"Fabian-Gude-Allee 708
26028 Pößneck",annual,electronic_check,True,13.9,79.99,200,326.2
CUST_00793,Hannah Hoffmann,2025-01-11,Standard_200Mbps,"Käte-Heß-Gasse 8/9
01787 Oranienburg",annual,mailed_check,True,13.8,71.991,200,1009.6
CUST_00794,Jonas Klein,2025-01-13,Standard_200Mbps,"Gereon-Neureuther-Straße 1
77175 Oranienburg",annual,bank_transfer,False,13.7,79.99,200,742.4
CUST_00795,Leon Braun,2025-01-15,Basic_50Mbps,"Aleksandra-Jungfer-Weg 4
54469 Schwerin",monthly,mailed_check,True,13.7,49.99,50,209.7
CUST_00796,Anna Koch,2025-01-17,Premium_1Gbps,"Freia-Anders-Allee 6/5
70854 Mallersdorf",monthly,mailed_check,True,13.6,119.99,1000,475.6
CUST_00797,Lukas Koch,2025-01-19,Premium_1Gbps,"Ilonka-Misicher-Straße 93
90185 Königs Wusterhausen",annual,credit_card,True,13.5,107.991,1000,43.8
CUST_00798,Sophie Schwarz,2025-01-21,Standard_200Mbps,"Steinberggasse 3629
03876 Erkelenz",monthly,mailed_check,True,13.5,79.99,200,1137.4
CUST_00799,Jonas Hoffmann,2025-01-23,Standard_200Mbps,"Nathalie-Geisel-Straße 18-93
69905 Dresden",monthly,electronic_check,True,13.4,71.991,200,1000.2
CUST_00800,Paul Braun,2025-01-25,Premium_1Gbps,"Rosemarie-Herrmann-Gasse 51/46
76322 Parchim",monthly,credit_card,True,13.3,119.99,1000,53.6
CUST_00801,Tim Koch,2025-01-27,Standard_200Mbps,"Kunigunde-Hölzenbecher-Weg 4947
61228 Sankt Goarshausen",2-year,electronic_check,True,13.3,71.991,200,106.8
CUST_00802,Lukas Zimmermann,2025-01-29,Basic_50Mbps,"Bruni-Trubin-Ring 28-48
51564 Dieburg",annual,electronic_check,False,13.2,44.991,50,31.7
CUST_00803,Tim Bauer,2025-01-31,Standard_200Mbps,"Ljudmila-Gute-Allee 8/4
60954 Rockenhausen",monthly,electronic_check,False,13.1,79.99,200,95.1
CUST_00804,Mia Richter,2025-02-02,Standard_200Mbps,"Jockelplatz 17-37
79487 Weimar",monthly,electronic_check,False,13.1,71.991,200,507.8
CUST_00805,Tim Braun,2025-02-04,Standard_200Mbps,"Elvira-Staude-Allee 4660
77162 Celle",monthly,mailed_check,True,13.0,79.99,200,142.6
CUST_00806,Lukas Hoffmann,2025-02-06,Standard_200Mbps,"Pohlallee 77/32
58531 Herford",annual,electronic_check,False,12.9,79.99,200,27.8
CUST_00807,Julia Richter,2025-02-08,Premium_1Gbps,"Reichmannring 36/76
74318 Wolmirstedt",annual,electronic_check,True,12.9,107.991,1000,125.7
CUST_00808,Leon Weber,2025-02-10,Premium_1Gbps,"Margaretha-Margraf-Allee 6390
54427 Grevesmühlen",monthly,credit_card,True,12.8,119.99,1000,1195.1
CUST_00809,Ben Schneider,2025-02-12,Standard_200Mbps,"Tlustekstraße 2701
32862 Düren",monthly,mailed_check,True,12.7,79.99,200,298.0
CUST_00810,Lena Neumann,2025-02-14,Basic_50Mbps,"Binnerallee 54-36
47463 Bamberg",monthly,electronic_check,True,12.7,49.99,50,161.4
CUST_00811,Hannah Müller,2025-02-16,Premium_1Gbps,"Henkgasse 2/7
58488 Schongau",annual,bank_transfer,True,12.6,107.991,1000,54.7
CUST_00812,Hannah Hoffmann,2025-02-18,Premium_1Gbps,"Mohauptweg 4-5
94806 Calw",annual,mailed_check,True,12.5,119.99,1000,1284.4
CUST_00813,Laura Wagner,2025-02-20,Basic_50Mbps,"Abdul-Sager-Platz 87-93
42965 Lübben",monthly,electronic_check,True,12.5,44.991,50,515.9
CUST_00814,Leon Schröder,2025-02-22,Premium_1Gbps,"Heinzweg 8-8
26553 Schwandorf",monthly,credit_card,True,12.4,119.99,1000,99.2
CUST_00815,Felix Becker,2025-02-24,Premium_1Gbps,"Konstanze-Weinhold-Platz 66-25
71690 Schweinfurt",monthly,mailed_check,True,12.3,119.99,1000,21.8
CUST_00816,Tim Weber,2025-02-26,Standard_200Mbps,"Hellwigplatz 8350
83252 Vilsbiburg",2-year,electronic_check,True,12.3,79.99,200,17.5
CUST_00817,Lukas Hoffmann,2025-02-28,Standard_200Mbps,"Jüttnergasse 80-41
56638 Northeim",monthly,mailed_check,True,12.2,79.99,200,38.5
CUST_00818,Sophie Neumann,2025-03-02,Standard_200Mbps,"Schönlandweg 784
51062 Badibling",annual,credit_card,False,12.1,79.99,200,260.8
CUST_00819,Julia Neumann,2025-03-04,Basic_50Mbps,"Karl-Ludwig-Hein-Gasse 9
90581 Görlitz",annual,credit_card,False,12.1,49.99,50,792.5
CUST_00820,Anna Koch,2025-03-06,Basic_50Mbps,"Holtweg 4906
87323 Wernigerode",monthly,bank_transfer,True,12.0,44.991,50,206.0
CUST_00821,Lisa Weber,2025-03-08,Premium_1Gbps,"Hildegart-Wirth-Allee 88-20
35393 Günzburg",monthly,electronic_check,True,11.9,119.99,1000,555.3
CUST_00822,Lisa Richter,2025-03-10,Basic_50Mbps,"Rosmarie-Christoph-Ring 7
28549 Ilmenau",monthly,bank_transfer,True,11.9,49.99,50,177.1
CUST_00823,Tim Meyer,2025-03-12,Basic_50Mbps,"Anika-Wesack-Allee 61/28
08157 Jena",annual,mailed_check,False,11.8,49.99,50,369.9
CUST_00824,Laura Braun,2025-03-14,Standard_200Mbps,"Jacobgasse 5/3
89375 Gardelegen",annual,bank_transfer,True,11.7,79.99,200,394.9
CUST_00825,Laura Wolf,2025-03-16,Standard_200Mbps,"Schäferallee 66/60
98978 Sulzbach-Rosenberg",annual,bank_transfer,True,11.7,79.99,200,57.3
CUST_00826,Anna Klein,2025-03-18,Premium_1Gbps,"Valentin-Noack-Platz 98-25
86403 Schmölln",annual,electronic_check,True,11.6,107.991,1000,134.5
CUST_00827,Hannah Becker,2025-03-20,Basic_50Mbps,"Jesselweg 774
01482 Bogen",monthly,electronic_check,True,11.5,49.99,50,304.3
CUST_00828,David Braun,2025-03-22,Basic_50Mbps,"Klemtallee 72
46192 Bad Mergentheim",2-year,credit_card,True,11.5,44.991,50,22.0
CUST_00829,Mia Wolf,2025-03-24,Standard_200Mbps,"Schachtweg 159
43160 Sulzbach-Rosenberg",annual,mailed_check,False,11.4,79.99,200,134.6
CUST_00830,Emma Schwarz,2025-03-26,Standard_200Mbps,"Seidelweg 17
91492 Wurzen",monthly,credit_card,True,11.3,79.99,200,229.6
CUST_00831,Emma Hoffmann,2025-03-28,Basic_50Mbps,"Cathleen-Sölzer-Gasse 31
33446 Staßfurt",2-year,mailed_check,True,11.3,49.99,50,1673.8
CUST_00832,Sarah Wagner,2025-03-30,Standard_200Mbps,"Nergerallee 1218
43510 Dessau",annual,electronic_check,False,11.2,79.99,200,193.0
CUST_00833,Hannah Zimmermann,2025-04-01,Basic_50Mbps,"Lindnerring 250
29132 Querfurt",annual,credit_card,False,11.1,49.99,50,507.9
CUST_00834,David Wolf,2025-04-03,Basic_50Mbps,"Folkert-Putz-Ring 92/78
31092 Gütersloh",annual,bank_transfer,True,11.1,44.991,50,169.7
CUST_00835,Mia Richter,2025-04-05,Standard_200Mbps,"Rosenowstr. 9-1
41554 Pfaffenhofen an der Ilm",2-year,bank_transfer,True,11.0,79.99,200,477.5
CUST_00836,Ben Neumann,2025-04-07,Standard_200Mbps,"Löwerstraße 5-6
91401 Germersheim",annual,electronic_check,True,10.9,71.991,200,271.5
CUST_00837,Lena Meyer,2025-04-09,Premium_1Gbps,"Metzplatz 46/42
35729 Bitterfeld",monthly,electronic_check,False,10.9,119.99,1000,653.0
CUST_00838,Felix Braun,2025-04-11,Standard_200Mbps,"Karzplatz 7-1
61141 Erkelenz",monthly,credit_card,True,10.8,79.99,200,158.8
CUST_00839,Tim Schulz,2025-04-13,Standard_200Mbps,"Striebitzallee 51-46
20742 Hünfeld",2-year,electronic_check,False,10.7,71.991,200,278.1
CUST_00840,Anna Schröder,2025-04-15,Standard_200Mbps,"Manfred-Mielcarek-Platz 3-1
74860 Mühlhausen",monthly,bank_transfer,True,10.7,79.99,200,298.3
CUST_00841,Hannah Schwarz,2025-04-17,Basic_50Mbps,"Junkstraße 1
46487 Husum",monthly,bank_transfer,True,10.6,49.99,50,162.1
CUST_00842,Sophie Neumann,2025-04-19,Standard_200Mbps,"Bolzmannstraße 85
76746 Eberswalde",monthly,electronic_check,True,10.5,79.99,200,46.8
CUST_00843,Sophie Hoffmann,2025-04-21,Basic_50Mbps,"Giuseppe-Preiß-Allee 8453
51412 Sulzbach-Rosenberg",monthly,electronic_check,True,10.5,49.99,50,29.5
CUST_00844,Lukas Meyer,2025-04-23,Premium_1Gbps,"Adlergasse 3361
02511 Wetzlar",annual,electronic_check,True,10.4,107.991,1000,5.0
CUST_00845,Paul Wolf,2025-04-25,Basic_50Mbps,"Schlosserring 7
07126 Hamburg",2-year,mailed_check,True,10.3,44.991,50,620.3
CUST_00846,Ben Weber,2025-04-27,Standard_200Mbps,"Vollbrechtstraße 963
66072 Lörrach",monthly,bank_transfer,True,10.3,79.99,200,80.9
CUST_00847,Lena Schneider,2025-04-29,Basic_50Mbps,"Pohlstraße 89/71
04016 Ravensburg",monthly,electronic_check,False,10.2,49.99,50,71.3
CUST_00848,Emma Wolf,2025-05-01,Premium_1Gbps,"Kühnertstraße 2/7
80707 Wolmirstedt",monthly,bank_transfer,True,10.1,107.991,1000,399.6
CUST_00849,Hannah Müller,2025-05-03,Standard_200Mbps,"Bonbachstr. 4-9
42213 Helmstedt",2-year,mailed_check,False,10.1,79.99,200,115.7
CUST_00850,Lena Schmidt,2025-05-05,Standard_200Mbps,"Neuschäferallee 9/2
52393 Wittenberg",annual,bank_transfer,True,10.0,71.991,200,211.6
CUST_00851,Jonas Neumann,2025-05-07,Basic_50Mbps,"Höfigallee 7-5
95742 Cloppenburg",monthly,electronic_check,True,9.9,49.99,50,53.2
CUST_00852,Hannah Becker,2025-05-09,Standard_200Mbps,"Alessandro-Franke-Straße 940
59123 Königs Wusterhausen",2-year,bank_transfer,True,9.9,79.99,200,963.8
CUST_00853,Jonas Schneider,2025-05-11,Basic_50Mbps,"Scholtzplatz 2307
09999 Kitzingen",2-year,credit_card,True,9.8,49.99,50,572.3
CUST_00854,Hannah Becker,2025-05-13,Premium_1Gbps,"Alwine-Hertrampf-Ring 1350
66760 Halberstadt",2-year,electronic_check,False,9.7,119.99,1000,598.1
CUST_00855,Max Koch,2025-05-15,Basic_50Mbps,"Dursun-Misicher-Weg 18/30
54648 München",2-year,credit_card,True,9.7,49.99,50,156.7
CUST_00856,Sophie Koch,2025-05-17,Basic_50Mbps,"Gustav-Finke-Straße 96-38
35186 Scheinfeld",monthly,mailed_check,True,9.6,44.991,50,431.1
CUST_00857,Tim Weber,2025-05-19,Basic_50Mbps,"Kamil-Mosemann-Straße 968
24368 Strasburg",annual,bank_transfer,True,9.5,44.991,50,46.6
CUST_00858,Anna Hoffmann,2025-05-21,Standard_200Mbps,"Gretl-Hendriks-Weg 5/2
73388 Seelow",monthly,credit_card,True,9.5,79.99,200,2.6
CUST_00859,Sarah Weber,2025-05-23,Standard_200Mbps,"Dominic-Stumpf-Gasse 48
12365 Passau",2-year,credit_card,True,9.4,79.99,200,6.1
CUST_00860,Sarah Wolf,2025-05-25,Basic_50Mbps,"Johannes-Becker-Allee 6/1
24942 Nabburg",annual,credit_card,False,9.3,49.99,50,265.0
CUST_00861,Lisa Müller,2025-05-27,Standard_200Mbps,"Hans-Erich-Scheuermann-Weg 1/9
54840 Freising",annual,electronic_check,False,9.3,79.99,200,182.3
CUST_00862,Lukas Müller,2025-05-29,Standard_200Mbps,"Karen-Schäfer-Platz 40/40
14840 Suhl",annual,bank_transfer,True,9.2,79.99,200,219.0
CUST_00863,Paul Wagner,2025-05-31,Standard_200Mbps,"Kristiane-Wirth-Allee 4655
20001 Rostock",monthly,electronic_check,True,9.1,71.991,200,2.2
CUST_00864,Tim Schwarz,2025-06-02,Standard_200Mbps,"Stumpfring 8004
76778 Olpe",annual,mailed_check,True,9.1,79.99,200,164.8
CUST_00865,Lisa Neumann,2025-06-04,Standard_200Mbps,"Stumpfallee 6/6
13595 Herford",2-year,mailed_check,True,9.0,79.99,200,379.8
CUST_00866,Lena Fischer,2025-06-06,Standard_200Mbps,"Francisco-Stiffel-Weg 7305
97534 Celle",2-year,mailed_check,True,8.9,79.99,200,175.4
CUST_00867,Mia Becker,2025-06-08,Basic_50Mbps,"Nancy-Killer-Weg 7/9
92036 Kitzingen",monthly,mailed_check,True,8.9,49.99,50,395.3
CUST_00868,Mia Fischer,2025-06-10,Basic_50Mbps,"Alida-Lindau-Allee 66-29
96506 Passau",monthly,electronic_check,True,8.8,44.991,50,79.6
CUST_00869,Anna Becker,2025-06-12,Premium_1Gbps,"Hansgeorg-Heinz-Gasse 83
05560 Iserlohn",monthly,bank_transfer,True,8.7,119.99,1000,503.2
CUST_00870,Lena Braun,2025-06-14,Premium_1Gbps,"Hermann-Josef-Junitz-Ring 3391
44845 Stade",annual,bank_transfer,True,8.7,119.99,1000,266.3
CUST_00871,David Schneider,2025-06-16,Standard_200Mbps,"Anne-Rose-Fliegner-Platz 63-15
30107 Großenhain",2-year,electronic_check,True,8.6,79.99,200,71.0
CUST_00872,Sophie Schröder,2025-06-18,Basic_50Mbps,"Dippelallee 57/76
32637 Eckernförde",monthly,electronic_check,True,8.5,44.991,50,81.0
CUST_00873,Lisa Schwarz,2025-06-20,Standard_200Mbps,"Ricardo-Bender-Gasse 38
21384 Erkelenz",annual,electronic_check,True,8.5,71.991,200,296.7
CUST_00874,Max Neumann,2025-06-22,Standard_200Mbps,"Lioba-Sager-Straße 75
42216 Eichstätt",2-year,mailed_check,False,8.4,79.99,200,531.5
CUST_00875,Noah Becker,2025-06-24,Basic_50Mbps,"Speerweg 48
83877 Ansbach",annual,electronic_check,True,8.3,49.99,50,161.2
CUST_00876,Tim Hoffmann,2025-06-26,Basic_50Mbps,"Burckhard-Rädel-Ring 3
62863 Ahaus",annual,mailed_check,True,8.3,49.99,50,89.6
CUST_00877,Lena Müller,2025-06-28,Standard_200Mbps,"Meisterstraße 97
17056 Klötze",annual,mailed_check,True,8.2,79.99,200,605.2
CUST_00878,Lisa Bauer,2025-06-30,Standard_200Mbps,"Matthäiweg 7/9
00822 Hersbruck",annual,bank_transfer,False,8.1,79.99,200,331.9
CUST_00879,Emma Zimmermann,2025-07-02,Basic_50Mbps,"Roman-Harloff-Ring 7119
82257 Beilngries",monthly,mailed_check,True,8.1,49.99,50,178.3
CUST_00880,Lena Meyer,2025-07-04,Basic_50Mbps,"Weißring 30-27
60914 Düren",annual,credit_card,True,8.0,49.99,50,200.8
CUST_00881,Lukas Neumann,2025-07-06,Basic_50Mbps,"Ditschlerinallee 0
94988 Gerolzhofen",annual,bank_transfer,True,7.9,49.99,50,68.5
CUST_00882,Hannah Schneider,2025-07-08,Standard_200Mbps,"Almuth-Briemer-Allee 8-7
64393 Ueckermünde",2-year,electronic_check,False,7.9,79.99,200,295.7
CUST_00883,Ben Schwarz,2025-07-10,Basic_50Mbps,"Sylvana-Zobel-Platz 5797
33020 Euskirchen",annual,bank_transfer,False,7.8,49.99,50,133.3
CUST_00884,Ben Neumann,2025-07-12,Basic_50Mbps,"Jungferplatz 9
22593 Einbeck",annual,credit_card,True,7.7,44.991,50,1630.9
CUST_00885,Julia Müller,2025-07-14,Standard_200Mbps,"Rustallee 78/43
61634 Soltau",monthly,credit_card,False,7.7,71.991,200,196.3
CUST_00886,Jonas Schröder,2025-07-16,Basic_50Mbps,"Utz-Jähn-Ring 1/7
76835 Forchheim",monthly,electronic_check,False,7.6,49.99,50,199.6
CUST_00887,Anna Richter,2025-07-18,Standard_200Mbps,"Kühnertallee 63
59820 Gifhorn",monthly,mailed_check,False,7.5,79.99,200,250.3
CUST_00888,Hannah Schulz,2025-07-20,Basic_50Mbps,"auch Schlauchinallee 152
92983 Geithain",monthly,mailed_check,True,7.5,49.99,50,745.8
CUST_00889,Max Bauer,2025-07-22,Basic_50Mbps,"Ildiko-Wohlgemut-Weg 288
11707 Wolfach",annual,electronic_check,True,7.4,44.991,50,484.1
CUST_00890,Lukas Bauer,2025-07-24,Basic_50Mbps,"Oestrovskystraße 40-22
37410 Melle",2-year,electronic_check,True,7.3,49.99,50,180.0
CUST_00891,Emma Fischer,2025-07-26,Standard_200Mbps,"Aumannplatz 9/6
22685 Ludwigsburg",monthly,bank_transfer,False,7.3,79.99,200,380.5
CUST_00892,Noah Koch,2025-07-28,Premium_1Gbps,"Frida-Jopich-Allee 4/3
01714 Schwarzenberg",monthly,electronic_check,True,7.2,107.991,1000,264.7
CUST_00893,Tim Schmidt,2025-07-30,Premium_1Gbps,"Ljudmila-Käster-Gasse 3/2
77661 Sankt Goar",2-year,electronic_check,True,7.1,119.99,1000,203.4
CUST_00894,Hannah Schwarz,2025-08-01,Standard_200Mbps,"Rosa-Klingelhöfer-Ring 60/35
86470 Gera",monthly,electronic_check,True,7.1,79.99,200,64.1
CUST_00895,Leon Meyer,2025-08-03,Standard_200Mbps,"Hansjoachim-Bohnbach-Weg 4/8
13093 Mallersdorf",annual,credit_card,False,7.0,79.99,200,187.1
CUST_00896,David Schröder,2025-08-05,Basic_50Mbps,"Schenkring 4560
24357 Luckau",annual,electronic_check,False,6.9,44.991,50,84.6
CUST_00897,Laura Weber,2025-08-07,Basic_50Mbps,"Schönlandring 28-21
23786 Holzminden",annual,mailed_check,True,6.9,44.991,50,739.0
CUST_00898,Lukas Wolf,2025-08-09,Premium_1Gbps,"Binnerplatz 14-58
25722 Vohenstrauß",monthly,bank_transfer,False,6.8,119.99,1000,122.6
CUST_00899,Anna Hoffmann,2025-08-11,Basic_50Mbps,"Paffrathweg 1/4
55673 Pritzwalk",monthly,mailed_check,True,6.7,44.991,50,912.6
CUST_00900,Felix Schmidt,2025-08-13,Basic_50Mbps,"Rafael-Klingelhöfer-Weg 39/98
53764 Herford",annual,credit_card,False,6.7,49.99,50,228.5
CUST_00901,Felix Schmidt,2025-08-15,Basic_50Mbps,"Etzlerring 7257
30207 Waren",annual,credit_card,True,6.6,44.991,50,299.5
CUST_00902,Leon Hoffmann,2025-08-17,Basic_50Mbps,"Geiselweg 5/5
64970 Bernburg",monthly,electronic_check,True,6.5,49.99,50,234.9
CUST_00903,Ben Richter,2025-08-19,Basic_50Mbps,"Elfi-Mosemann-Gasse 2
41348 Mallersdorf",annual,credit_card,False,6.5,44.991,50,41.6
CUST_00904,Julia Schröder,2025-08-21,Standard_200Mbps,"Riehlstr. 6699
20684 Aschaffenburg",monthly,mailed_check,True,6.4,79.99,200,141.4
CUST_00905,Paul Schmidt,2025-08-23,Standard_200Mbps,"Kornelia-Hänel-Platz 88
80901 Schmölln",annual,mailed_check,False,6.3,79.99,200,31.3
CUST_00906,Felix Hoffmann,2025-08-25,Premium_1Gbps,"Budigallee 48/41
17564 Olpe",monthly,credit_card,True,6.3,107.991,1000,292.6
CUST_00907,Hannah Schmidt,2025-08-27,Premium_1Gbps,"Schinkeweg 85-73
37908 Günzburg",2-year,electronic_check,True,6.2,119.99,1000,177.7
CUST_00908,Leon Schulz,2025-08-29,Basic_50Mbps,"Sylvia-Junk-Ring 9-9
94279 Osterode am Harz",monthly,bank_transfer,True,6.1,49.99,50,451.5
CUST_00909,Sophie Bauer,2025-08-31,Basic_50Mbps,"Kambsplatz 42-94
00736 Tuttlingen",monthly,bank_transfer,True,6.1,49.99,50,74.7
CUST_00910,Lena Richter,2025-09-02,Standard_200Mbps,"Karzplatz 22/16
47968 Brandenburg",monthly,bank_transfer,True,6.0,79.99,200,53.9
CUST_00911,David Richter,2025-09-04,Standard_200Mbps,"Marlies-Haase-Straße 15-86
44802 Flöha",monthly,bank_transfer,True,5.9,79.99,200,156.4
CUST_00912,Leon Meyer,2025-09-06,Basic_50Mbps,"Thanelstraße 67
20696 Eisleben",2-year,credit_card,True,5.9,49.99,50,783.5
CUST_00913,Sarah Schröder,2025-09-08,Standard_200Mbps,"Stiffelring 5
00696 Oranienburg",2-year,electronic_check,True,5.8,79.99,200,371.8
CUST_00914,Hannah Neumann,2025-09-10,Standard_200Mbps,"Eigenwilligplatz 7304
82575 Suhl",monthly,electronic_check,False,5.7,71.991,200,162.9
CUST_00915,Paul Schneider,2025-09-12,Standard_200Mbps,"Heuserstr. 28-91
76367 Lübben",monthly,bank_transfer,False,5.7,71.991,200,218.5
CUST_00916,Lena Schneider,2025-09-14,Standard_200Mbps,"Teresa-Börner-Platz 2381
71119 Schwarzenberg",annual,electronic_check,True,5.6,79.99,200,26.4
CUST_00917,Lena Braun,2025-09-16,Basic_50Mbps,"Therese-Geisel-Platz 99/20
73006 Miesbach",2-year,electronic_check,False,5.5,49.99,50,1251.5
CUST_00918,Laura Schwarz,2025-09-18,Premium_1Gbps,"Jungfergasse 30/51
74152 Rosenheim",annual,electronic_check,True,5.5,119.99,1000,329.4
CUST_00919,Mia Koch,2025-09-20,Standard_200Mbps,"Schuchhardtallee 5-6
41816 Staßfurt",monthly,mailed_check,True,5.4,79.99,200,100.8
CUST_00920,Sophie Schneider,2025-09-22,Basic_50Mbps,"Cecilia-Flantz-Straße 4-3
99347 Groß-Gerau",monthly,bank_transfer,False,5.3,49.99,50,264.4
CUST_00921,Leon Hoffmann,2025-09-24,Premium_1Gbps,"Erdmute-Johann-Weg 28
74251 Brilon",annual,bank_transfer,False,5.3,119.99,1000,34.8
CUST_00922,Mia Wolf,2025-09-26,Standard_200Mbps,"Jäkelallee 9744
97258 Hannoversch Münden",monthly,electronic_check,True,5.2,79.99,200,1013.0
CUST_00923,Lisa Klein,2025-09-28,Premium_1Gbps,"Alwine-Dowerg-Platz 97/23
31857 Stendal",annual,electronic_check,False,5.1,119.99,1000,57.6
CUST_00924,Laura Wolf,2025-09-30,Standard_200Mbps,"Schinkestr. 71/68
66683 Zeulenroda",monthly,credit_card,True,5.1,79.99,200,313.3
CUST_00925,Hannah Wolf,2025-10-02,Standard_200Mbps,"Nadeshda-Radisch-Allee 6962
90308 Moers",annual,bank_transfer,False,5.0,71.991,200,84.5
CUST_00926,Anna Bauer,2025-10-04,Basic_50Mbps,"Dörrring 6
69253 Eckernförde",monthly,electronic_check,True,4.9,49.99,50,379.3
CUST_00927,Lisa Klein,2025-10-06,Basic_50Mbps,"Klappstraße 98-30
20852 Saarlouis",annual,electronic_check,True,4.9,49.99,50,449.9
CUST_00928,Paul Schmidt,2025-10-08,Standard_200Mbps,"Junkplatz 77
77858 Halberstadt",monthly,electronic_check,True,4.8,79.99,200,335.7
CUST_00929,Lukas Richter,2025-10-10,Standard_200Mbps,"Friedrich-Pärtzelt-Platz 4/7
26869 Schmölln",annual,electronic_check,True,4.7,79.99,200,286.0
CUST_00930,Hannah Neumann,2025-10-12,Basic_50Mbps,"Kuschweg 87-85
88789 Witzenhausen",monthly,bank_transfer,True,4.7,49.99,50,669.0
CUST_00931,Laura Müller,2025-10-14,Basic_50Mbps,"Ebertgasse 68/40
22740 Freising",annual,mailed_check,False,4.6,49.99,50,24.6
CUST_00932,Tim Braun,2025-10-16,Premium_1Gbps,"Scholzring 23/87
21004 Schwabmünchen",annual,electronic_check,True,4.5,119.99,1000,120.6
CUST_00933,David Schmidt,2025-10-18,Premium_1Gbps,"Mohauptring 2-1
89038 Recklinghausen",annual,credit_card,True,4.5,119.99,1000,85.6
CUST_00934,Tim Schneider,2025-10-20,Standard_200Mbps,"Huhnallee 3-1
39923 Jena",annual,mailed_check,True,4.4,79.99,200,1327.2
CUST_00935,Emma Bauer,2025-10-22,Basic_50Mbps,"Christos-Knappe-Gasse 6291
16659 Leipziger Land",annual,electronic_check,True,4.3,49.99,50,148.0
CUST_00936,Hannah Richter,2025-10-24,Basic_50Mbps,"Zeynep-Kuhl-Allee 2/6
82779 Pößneck",2-year,credit_card,True,4.3,49.99,50,395.7
CUST_00937,Noah Schmidt,2025-10-26,Basic_50Mbps,"Alfredo-Sager-Ring 4289
03539 Kyritz",monthly,electronic_check,True,4.2,49.99,50,346.3
CUST_00938,Lisa Weber,2025-10-28,Premium_1Gbps,"Meryem-Keudel-Weg 36
44689 Aurich",2-year,mailed_check,True,4.1,119.99,1000,71.5
CUST_00939,David Bauer,2025-10-30,Basic_50Mbps,"Hahnring 9/9
63508 Gadebusch",monthly,electronic_check,True,4.1,49.99,50,81.9
CUST_00940,Hannah Wolf,2025-11-01,Standard_200Mbps,"Oswin-Scheel-Weg 9-4
62737 Malchin",monthly,credit_card,True,4.0,79.99,200,99.1
CUST_00941,Lukas Zimmermann,2025-11-03,Basic_50Mbps,"Hermighausenweg 1
02316 Mühlhausen",monthly,bank_transfer,False,3.9,49.99,50,158.9
CUST_00942,Tim Neumann,2025-11-05,Standard_200Mbps,"Rosina-Pohl-Weg 37-43
42000 Konstanz",monthly,mailed_check,False,3.9,79.99,200,80.1
CUST_00943,Hannah Richter,2025-11-07,Standard_200Mbps,"Cetin-Binner-Platz 1-9
71310 Stollberg",annual,bank_transfer,True,3.8,79.99,200,6.0
CUST_00944,Leon Schulz,2025-11-09,Premium_1Gbps,"Müllerstr. 63
88111 Grafenau",annual,electronic_check,True,3.7,119.99,1000,634.6
CUST_00945,Emma Fischer,2025-11-11,Basic_50Mbps,"Henckring 1
24365 Dinkelsbühl",annual,electronic_check,True,3.7,49.99,50,1011.0
CUST_00946,Max Meyer,2025-11-13,Basic_50Mbps,"Zobelstraße 8/4
46613 Ribnitz-Damgarten",annual,credit_card,True,3.6,49.99,50,125.4
CUST_00947,Sarah Neumann,2025-11-15,Basic_50Mbps,"Ernst-Scheel-Straße 8261
50779 Paderborn",monthly,mailed_check,True,3.5,49.99,50,124.0
CUST_00948,Jonas Schwarz,2025-11-17,Premium_1Gbps,"Wolfhard-Warmer-Allee 49-16
29671 Backnang",monthly,mailed_check,True,3.5,119.99,1000,2.1
CUST_00949,Sophie Schulz,2025-11-19,Premium_1Gbps,"Fliegnerstraße 38-96
62338 Teterow",monthly,bank_transfer,True,3.4,119.99,1000,342.1
CUST_00950,Paul Wolf,2025-11-21,Standard_200Mbps,"Wagenknechtweg 9/6
66820 Brilon",monthly,electronic_check,True,3.3,79.99,200,523.6
CUST_00951,Felix Braun,2025-11-23,Standard_200Mbps,"Reisinggasse 37/34
31735 Sankt Goarshausen",monthly,electronic_check,True,3.3,79.99,200,47.6
CUST_00952,Mia Schröder,2025-11-25,Standard_200Mbps,"Petar-Wagenknecht-Weg 9/9
01682 Kassel",monthly,electronic_check,False,3.2,71.991,200,52.2
CUST_00953,Felix Fischer,2025-11-27,Basic_50Mbps,"Schusterstraße 1/4
02803 Hünfeld",annual,electronic_check,False,3.1,49.99,50,468.3
CUST_00954,Tim Schneider,2025-11-29,Premium_1Gbps,"Isidor-Schäfer-Gasse 801
63170 Weißwasser",annual,mailed_check,True,3.1,119.99,1000,287.4
CUST_00955,David Meyer,2025-12-01,Standard_200Mbps,"Tina-Schmiedt-Weg 9965
62607 Meiningen",2-year,electronic_check,True,3.0,79.99,200,13.8
CUST_00956,David Schneider,2025-12-03,Standard_200Mbps,"Nikola-Klingelhöfer-Straße 52/44
64718 Neustadtner Waldnaab",2-year,electronic_check,False,2.9,79.99,200,292.3
CUST_00957,Leon Bauer,2025-12-05,Standard_200Mbps,"Julie-Geisler-Straße 85
93762 Hettstedt",annual,electronic_check,False,2.9,79.99,200,110.8
CUST_00958,Lukas Schwarz,2025-12-07,Basic_50Mbps,"Börnergasse 99
75149 Cloppenburg",monthly,electronic_check,True,2.8,49.99,50,138.0
CUST_00959,Julia Hoffmann,2025-12-09,Basic_50Mbps,"Kuschallee 2-7
13713 Goslar",annual,bank_transfer,True,2.7,44.991,50,440.6
CUST_00960,Mia Meyer,2025-12-11,Standard_200Mbps,"Försterweg 2
65229 Pirmasens",annual,electronic_check,True,2.7,79.99,200,499.7
CUST_00961,Laura Bauer,2025-12-13,Basic_50Mbps,"Kilian-Biggen-Weg 43
18282 Hainichen",monthly,credit_card,True,2.6,49.99,50,153.4
CUST_00962,Ben Becker,2025-12-15,Standard_200Mbps,"Gutknechtstraße 8
61860 Ludwigslust",monthly,bank_transfer,True,2.5,79.99,200,882.1
CUST_00963,Sophie Wagner,2025-12-17,Basic_50Mbps,"van der Dussengasse 4-7
82183 Seelow",2-year,bank_transfer,True,2.5,49.99,50,156.5
CUST_00964,Tim Becker,2025-12-19,Standard_200Mbps,"Trommlergasse 37
61705 Büsingen am Hochrhein",monthly,electronic_check,True,2.4,79.99,200,443.3
CUST_00965,Sarah Müller,2025-12-21,Basic_50Mbps,"Liebeltallee 37/99
96229 Seelow",annual,electronic_check,True,2.3,49.99,50,198.4
CUST_00966,Hannah Schwarz,2025-12-23,Standard_200Mbps,"Wolf-Dietrich-Gnatz-Weg 90
45181 München",annual,electronic_check,False,2.3,79.99,200,683.5
CUST_00967,Noah Bauer,2025-12-25,Standard_200Mbps,"Weitzelring 84-47
51395 Bischofswerda",monthly,electronic_check,True,2.2,79.99,200,715.0
CUST_00968,David Schwarz,2025-12-27,Basic_50Mbps,"Stahrgasse 0
72658 Ebersberg",monthly,mailed_check,True,2.1,49.99,50,27.4
CUST_00969,Tim Braun,2025-12-29,Standard_200Mbps,"Hettnerallee 8
24152 Groß-Gerau",monthly,electronic_check,True,2.1,79.99,200,827.0
CUST_00970,Lukas Schneider,2025-12-31,Standard_200Mbps,"Nohlmansplatz 7-4
28698 Kaiserslautern",monthly,mailed_check,True,2.0,79.99,200,523.8
CUST_00971,Mia Richter,2026-01-02,Standard_200Mbps,"Mercedes-Loos-Gasse 6-6
86874 Roth",monthly,bank_transfer,False,1.9,79.99,200,470.1
CUST_00972,Sarah Neumann,2026-01-04,Premium_1Gbps,"Suse-Roskoth-Gasse 6-8
56344 Euskirchen",2-year,credit_card,True,1.9,119.99,1000,67.3
CUST_00973,Lena Klein,2026-01-06,Standard_200Mbps,"Beiergasse 4-8
16901 Mellrichstadt",monthly,electronic_check,True,1.8,79.99,200,490.6
CUST_00974,Noah Schneider,2026-01-08,Basic_50Mbps,"Arnold-Stiffel-Gasse 856
27297 Kelheim",annual,electronic_check,False,1.7,49.99,50,569.4
CUST_00975,Tim Koch,2026-01-10,Basic_50Mbps,"Thiesstr. 63/13
13609 Grimma",monthly,bank_transfer,True,1.7,49.99,50,102.4
CUST_00976,Lukas Wolf,2026-01-12,Basic_50Mbps,"Kreszenz-Meister-Allee 5-7
27815 Wetzlar",2-year,credit_card,False,1.6,49.99,50,912.6
CUST_00977,David Neumann,2026-01-14,Standard_200Mbps,"auch Schlauchinallee 2
64480 Wittmund",monthly,electronic_check,True,1.5,71.991,200,15.3
CUST_00978,Hannah Weber,2026-01-16,Basic_50Mbps,"Jennifer-Striebitz-Allee 4/9
56062 Kaiserslautern",monthly,credit_card,True,1.5,49.99,50,48.7
CUST_00979,Julia Zimmermann,2026-01-18,Standard_200Mbps,"Mudeweg 121
90576 Potsdam",2-year,electronic_check,True,1.4,71.991,200,231.4
CUST_00980,Laura Weber,2026-01-20,Standard_200Mbps,"Tatjana-Krebs-Platz 4/4
77357 Hofgeismar",2-year,electronic_check,True,1.3,71.991,200,257.3
CUST_00981,Lena Neumann,2026-01-22,Basic_50Mbps,"Luzie-Wieloch-Allee 70/10
03625 Schwerin",monthly,mailed_check,False,1.3,49.99,50,310.8
CUST_00982,Anna Fischer,2026-01-24,Standard_200Mbps,"Brian-Wende-Gasse 41/38
77791 Luckenwalde",2-year,bank_transfer,False,1.2,79.99,200,5.1
CUST_00983,Ben Weber,2026-01-26,Basic_50Mbps,"Casparallee 1-2
84590 Strasburg",monthly,electronic_check,True,1.1,49.99,50,968.4
CUST_00984,Mia Meyer,2026-01-28,Basic_50Mbps,"Urszula-Koch-Weg 7767
73325 Zossen",monthly,electronic_check,True,1.1,49.99,50,13.7
CUST_00985,Laura Koch,2026-01-30,Standard_200Mbps,"Truppstraße 69-61
08258 Wanzleben",monthly,mailed_check,False,1.0,79.99,200,46.3
CUST_00986,Emma Bauer,2026-02-01,Standard_200Mbps,"Martine-Stadelmann-Ring 3
26500 Greiz",monthly,electronic_check,False,0.9,71.991,200,4.2
CUST_00987,Ben Hoffmann,2026-02-03,Standard_200Mbps,"Anton-Trommler-Platz 20
23836 Anklam",annual,credit_card,True,0.9,79.99,200,251.0
CUST_00988,Lukas Schulz,2026-02-05,Standard_200Mbps,"Nermin-Roskoth-Platz 658
99258 Delitzsch",monthly,mailed_check,True,0.8,79.99,200,807.7
CUST_00989,Felix Schwarz,2026-02-07,Basic_50Mbps,"Kabusallee 48-80
13676 Belzig",monthly,electronic_check,True,0.7,49.99,50,328.9
CUST_00990,Paul Weber,2026-02-09,Premium_1Gbps,"Ringgasse 6-6
76724 Karlsruhe",annual,electronic_check,False,0.7,119.99,1000,518.9
CUST_00991,Mia Braun,2026-02-11,Standard_200Mbps,"Preißallee 17/20
91707 Prenzlau",annual,credit_card,True,0.6,79.99,200,4.0
CUST_00992,Julia Schneider,2026-02-13,Standard_200Mbps,"Hans-Helmut-Drubin-Weg 307
02534 Melle",monthly,electronic_check,True,0.5,79.99,200,234.3
CUST_00993,Ben Meyer,2026-02-15,Basic_50Mbps,"Weitzelallee 977
50725 Schwäbisch Gmünd",annual,mailed_check,False,0.5,49.99,50,184.6
CUST_00994,Noah Zimmermann,2026-02-17,Standard_200Mbps,"Oscar-Trommler-Ring 60-71
46211 Griesbach Rottal",monthly,bank_transfer,True,0.4,79.99,200,207.3
CUST_00995,Tim Meyer,2026-02-19,Standard_200Mbps,"Ana-Niemeier-Weg 9/3
21396 Pinneberg",annual,credit_card,True,0.3,71.991,200,22.5
CUST_00996,Lisa Braun,2026-02-21,Basic_50Mbps,"Heinz-Günther-Trüb-Allee 9-5
43807 Meppen",annual,electronic_check,True,0.3,49.99,50,346.0
CUST_00997,Leon Zimmermann,2026-02-23,Premium_1Gbps,"Steinbergstraße 49
11444 Brandenburg",2-year,credit_card,True,0.2,107.991,1000,209.9
CUST_00998,Anna Müller,2026-02-25,Basic_50Mbps,"Rosa-Müller-Platz 45/33
94185 Plauen",monthly,bank_transfer,True,0.1,49.99,50,434.6
CUST_00999,Lukas Schmidt,2026-02-27,Premium_1Gbps,"Frankestraße 5/4
31777 Rathenow",monthly,bank_transfer,True,0.1,119.99,1000,199.2
CUST_01000,Noah Schulz,2026-03-01,Standard_200Mbps,"Carstenring 43
08857 Hohenmölsen",monthly,electronic_check,True,0.0,79.99,200,48.5
